source_row_index,expID,ligand,base,solvent,centered_Angle,centered_TEP,centered_NMR,centered_pKa,centered_ion-R,centered_delta_D,centered_delta_p,centered_delta_H
15,16,1,2,1,-0.1408383795327263,0.1750281635804327,0.4511917072858995,-1.06728531532289,-0.8803449793845748,1.1629748421257062,1.3594225377973226,0.04225638015855483
49,50,5,4,1,0.4138608982874742,-0.48463172820768863,0.4512629464196297,-0.016937081106593883,-0.39317706311547024,1.1629748421257062,1.3594225377973226,0.04225638015855483
115,116,11,8,1,0.3947489727693696,-1.7152705376020978,0.8980521261780776,-0.016937081106593883,0.06835043650789192,1.1629748421257062,1.3594225377973226,0.04225638015855483
122,123,3,9,1,0.2814637238044526,-0.6242012738715885,0.3584189263145816,-1.907194247711537,0.06835043650789192,1.1629748421257062,1.3594225377973226,0.04225638015855483
138,139,4,10,1,2.728146623089673,-1.6392519515246875,-0.5204550283719214,0.951558977994807,2.029842309907181,1.1629748421257062,1.3594225377973226,0.04225638015855483
146,147,12,10,1,1.0848908227689942,-2.3002175101775584,2.780552711282357,0.951558977994807,2.029842309907181,1.1629748421257062,1.3594225377973226,0.04225638015855483
150,151,1,1,2,-0.1408383795327263,0.1750281635804327,0.4511917072858995,-0.016937081106593883,-0.8803449793845748,0.4550079409684701,0.9032443003546518,0.23115590607282785
168,169,4,2,2,2.728146623089673,-1.6392519515246875,-0.5204550283719214,-1.06728531532289,-0.8803449793845748,0.4550079409684701,0.9032443003546518,0.23115590607282785
188,189,9,3,2,0.2805651753502124,1.4277879134323248,-1.8461991163779292,0.951558977994807,-0.8803449793845748,0.4550079409684701,0.9032443003546518,0.23115590607282785
218,219,9,5,2,0.2805651753502124,1.4277879134323248,-1.8461991163779292,0.951558977994807,-0.39317706311547024,0.4550079409684701,0.9032443003546518,0.23115590607282785
242,243,3,7,2,0.2814637238044526,-0.6242012738715885,0.3584189263145816,-1.4884279582527522,-0.39317706311547024,0.4550079409684701,0.9032443003546518,0.23115590607282785
255,256,1,8,2,-0.1408383795327263,0.1750281635804327,0.4511917072858995,-0.016937081106593883,0.06835043650789192,0.4550079409684701,0.9032443003546518,0.23115590607282785
277,278,8,9,2,1.0403685404626517,1.8433906000429883,0.3143251406780568,-1.907194247711537,0.06835043650789192,0.4550079409684701,0.9032443003546518,0.23115590607282785
278,279,9,9,2,0.2805651753502124,1.4277879134323248,-1.8461991163779292,-1.907194247711537,0.06835043650789192,0.4550079409684701,0.9032443003546518,0.23115590607282785
293,294,9,10,2,0.2805651753502124,1.4277879134323248,-1.8461991163779292,0.951558977994807,2.029842309907181,0.4550079409684701,0.9032443003546518,0.23115590607282785
294,295,10,10,2,-0.16417959439899713,0.49506575215022575,0.30194572212122095,0.951558977994807,2.029842309907181,0.4550079409684701,0.9032443003546518,0.23115590607282785
298,299,14,10,2,-3.0332564920151697,-0.4088241939454349,-1.4110445824145927,0.951558977994807,2.029842309907181,0.4550079409684701,0.9032443003546518,0.23115590607282785
300,301,1,1,3,-0.1408383795327263,0.1750281635804327,0.4511917072858995,-0.016937081106593883,-0.8803449793845748,-1.031722551461724,1.6297503822077946,-0.6618236709764618
301,302,2,1,3,-0.07646900544966662,-0.5530113630325502,0.2953722929633928,-0.016937081106593883,-0.8803449793845748,-1.031722551461724,1.6297503822077946,-0.6618236709764618
305,306,6,1,3,-0.11623547737638795,0.35667111925519074,0.3198332209723748,-0.016937081106593883,-0.8803449793845748,-1.031722551461724,1.6297503822077946,-0.6618236709764618
308,309,9,1,3,0.2805651753502124,1.4277879134323248,-1.8461991163779292,-0.016937081106593883,-0.8803449793845748,-1.031722551461724,1.6297503822077946,-0.6618236709764618
330,331,1,3,3,-0.1408383795327263,0.1750281635804327,0.4511917072858995,0.951558977994807,-0.8803449793845748,-1.031722551461724,1.6297503822077946,-0.6618236709764618
338,339,9,3,3,0.2805651753502124,1.4277879134323248,-1.8461991163779292,0.951558977994807,-0.8803449793845748,-1.031722551461724,1.6297503822077946,-0.6618236709764618
343,344,14,3,3,-3.0332564920151697,-0.4088241939454349,-1.4110445824145927,0.951558977994807,-0.8803449793845748,-1.031722551461724,1.6297503822077946,-0.6618236709764618
368,369,9,5,3,0.2805651753502124,1.4277879134323248,-1.8461991163779292,0.951558977994807,-0.39317706311547024,-1.031722551461724,1.6297503822077946,-0.6618236709764618
374,375,15,5,3,-0.1734282669101157,-0.8921452485256728,0.01803834535189208,0.951558977994807,-0.39317706311547024,-1.031722551461724,1.6297503822077946,-0.6618236709764618
375,376,1,6,3,-0.1408383795327263,0.1750281635804327,0.4511917072858995,0.523287274651712,-0.39317706311547024,-1.031722551461724,1.6297503822077946,-0.6618236709764618
386,387,12,6,3,1.0848908227689942,-2.3002175101775584,2.780552711282357,0.523287274651712,-0.39317706311547024,-1.031722551461724,1.6297503822077946,-0.6618236709764618
388,389,14,6,3,-3.0332564920151697,-0.4088241939454349,-1.4110445824145927,0.523287274651712,-0.39317706311547024,-1.031722551461724,1.6297503822077946,-0.6618236709764618
390,391,1,7,3,-0.1408383795327263,0.1750281635804327,0.4511917072858995,-1.4884279582527522,-0.39317706311547024,-1.031722551461724,1.6297503822077946,-0.6618236709764618
405,406,1,8,3,-0.1408383795327263,0.1750281635804327,0.4511917072858995,-0.016937081106593883,0.06835043650789192,-1.031722551461724,1.6297503822077946,-0.6618236709764618
406,407,2,8,3,-0.07646900544966662,-0.5530113630325502,0.2953722929633928,-0.016937081106593883,0.06835043650789192,-1.031722551461724,1.6297503822077946,-0.6618236709764618
407,408,3,8,3,0.2814637238044526,-0.6242012738715885,0.3584189263145816,-0.016937081106593883,0.06835043650789192,-1.031722551461724,1.6297503822077946,-0.6618236709764618
409,410,5,8,3,0.4138608982874742,-0.48463172820768863,0.4512629464196297,-0.016937081106593883,0.06835043650789192,-1.031722551461724,1.6297503822077946,-0.6618236709764618
410,411,6,8,3,-0.11623547737638795,0.35667111925519074,0.3198332209723748,-0.016937081106593883,0.06835043650789192,-1.031722551461724,1.6297503822077946,-0.6618236709764618
414,415,10,8,3,-0.16417959439899713,0.49506575215022575,0.30194572212122095,-0.016937081106593883,0.06835043650789192,-1.031722551461724,1.6297503822077946,-0.6618236709764618
420,421,1,9,3,-0.1408383795327263,0.1750281635804327,0.4511917072858995,-1.907194247711537,0.06835043650789192,-1.031722551461724,1.6297503822077946,-0.6618236709764618
421,422,2,9,3,-0.07646900544966662,-0.5530113630325502,0.2953722929633928,-1.907194247711537,0.06835043650789192,-1.031722551461724,1.6297503822077946,-0.6618236709764618
425,426,6,9,3,-0.11623547737638795,0.35667111925519074,0.3198332209723748,-1.907194247711537,0.06835043650789192,-1.031722551461724,1.6297503822077946,-0.6618236709764618
430,431,11,9,3,0.3947489727693696,-1.7152705376020978,0.8980521261780776,-1.907194247711537,0.06835043650789192,-1.031722551461724,1.6297503822077946,-0.6618236709764618
433,434,14,9,3,-3.0332564920151697,-0.4088241939454349,-1.4110445824145927,-1.907194247711537,0.06835043650789192,-1.031722551461724,1.6297503822077946,-0.6618236709764618
436,437,2,10,3,-0.07646900544966662,-0.5530113630325502,0.2953722929633928,0.951558977994807,2.029842309907181,-1.031722551461724,1.6297503822077946,-0.6618236709764618
437,438,3,10,3,0.2814637238044526,-0.6242012738715885,0.3584189263145816,0.951558977994807,2.029842309907181,-1.031722551461724,1.6297503822077946,-0.6618236709764618
438,439,4,10,3,2.728146623089673,-1.6392519515246875,-0.5204550283719214,0.951558977994807,2.029842309907181,-1.031722551461724,1.6297503822077946,-0.6618236709764618
439,440,5,10,3,0.4138608982874742,-0.48463172820768863,0.4512629464196297,0.951558977994807,2.029842309907181,-1.031722551461724,1.6297503822077946,-0.6618236709764618
440,441,6,10,3,-0.11623547737638795,0.35667111925519074,0.3198332209723748,0.951558977994807,2.029842309907181,-1.031722551461724,1.6297503822077946,-0.6618236709764618
441,442,7,10,3,-0.16701697140344954,0.8835439556799277,0.39047006020826763,0.951558977994807,2.029842309907181,-1.031722551461724,1.6297503822077946,-0.6618236709764618
442,443,8,10,3,1.0403685404626517,1.8433906000429883,0.3143251406780568,0.951558977994807,2.029842309907181,-1.031722551461724,1.6297503822077946,-0.6618236709764618
444,445,10,10,3,-0.16417959439899713,0.49506575215022575,0.30194572212122095,0.951558977994807,2.029842309907181,-1.031722551461724,1.6297503822077946,-0.6618236709764618
445,446,11,10,3,0.3947489727693696,-1.7152705376020978,0.8980521261780776,0.951558977994807,2.029842309907181,-1.031722551461724,1.6297503822077946,-0.6618236709764618
447,448,13,10,3,0.20772530593436483,-1.1786381404977933,-0.309043184600354,0.951558977994807,2.029842309907181,-1.031722551461724,1.6297503822077946,-0.6618236709764618
450,451,1,1,4,-0.1408383795327263,0.1750281635804327,0.4511917072858995,-0.016937081106593883,-0.8803449793845748,-0.5361457206516593,-0.2625445286655072,1.2786896406883401
451,452,2,1,4,-0.07646900544966662,-0.5530113630325502,0.2953722929633928,-0.016937081106593883,-0.8803449793845748,-0.5361457206516593,-0.2625445286655072,1.2786896406883401
455,456,6,1,4,-0.11623547737638795,0.35667111925519074,0.3198332209723748,-0.016937081106593883,-0.8803449793845748,-0.5361457206516593,-0.2625445286655072,1.2786896406883401
462,463,13,1,4,0.20772530593436483,-1.1786381404977933,-0.309043184600354,-0.016937081106593883,-0.8803449793845748,-0.5361457206516593,-0.2625445286655072,1.2786896406883401
465,466,1,2,4,-0.1408383795327263,0.1750281635804327,0.4511917072858995,-1.06728531532289,-0.8803449793845748,-0.5361457206516593,-0.2625445286655072,1.2786896406883401
466,467,2,2,4,-0.07646900544966662,-0.5530113630325502,0.2953722929633928,-1.06728531532289,-0.8803449793845748,-0.5361457206516593,-0.2625445286655072,1.2786896406883401
467,468,3,2,4,0.2814637238044526,-0.6242012738715885,0.3584189263145816,-1.06728531532289,-0.8803449793845748,-0.5361457206516593,-0.2625445286655072,1.2786896406883401
469,470,5,2,4,0.4138608982874742,-0.48463172820768863,0.4512629464196297,-1.06728531532289,-0.8803449793845748,-0.5361457206516593,-0.2625445286655072,1.2786896406883401
470,471,6,2,4,-0.11623547737638795,0.35667111925519074,0.3198332209723748,-1.06728531532289,-0.8803449793845748,-0.5361457206516593,-0.2625445286655072,1.2786896406883401
471,472,7,2,4,-0.16701697140344954,0.8835439556799277,0.39047006020826763,-1.06728531532289,-0.8803449793845748,-0.5361457206516593,-0.2625445286655072,1.2786896406883401
473,474,9,2,4,0.2805651753502124,1.4277879134323248,-1.8461991163779292,-1.06728531532289,-0.8803449793845748,-0.5361457206516593,-0.2625445286655072,1.2786896406883401
477,478,13,2,4,0.20772530593436483,-1.1786381404977933,-0.309043184600354,-1.06728531532289,-0.8803449793845748,-0.5361457206516593,-0.2625445286655072,1.2786896406883401
479,480,15,2,4,-0.1734282669101157,-0.8921452485256728,0.01803834535189208,-1.06728531532289,-0.8803449793845748,-0.5361457206516593,-0.2625445286655072,1.2786896406883401
480,481,1,3,4,-0.1408383795327263,0.1750281635804327,0.4511917072858995,0.951558977994807,-0.8803449793845748,-0.5361457206516593,-0.2625445286655072,1.2786896406883401
485,486,6,3,4,-0.11623547737638795,0.35667111925519074,0.3198332209723748,0.951558977994807,-0.8803449793845748,-0.5361457206516593,-0.2625445286655072,1.2786896406883401
488,489,9,3,4,0.2805651753502124,1.4277879134323248,-1.8461991163779292,0.951558977994807,-0.8803449793845748,-0.5361457206516593,-0.2625445286655072,1.2786896406883401
493,494,14,3,4,-3.0332564920151697,-0.4088241939454349,-1.4110445824145927,0.951558977994807,-0.8803449793845748,-0.5361457206516593,-0.2625445286655072,1.2786896406883401
495,496,1,4,4,-0.1408383795327263,0.1750281635804327,0.4511917072858995,-0.016937081106593883,-0.39317706311547024,-0.5361457206516593,-0.2625445286655072,1.2786896406883401
503,504,9,4,4,0.2805651753502124,1.4277879134323248,-1.8461991163779292,-0.016937081106593883,-0.39317706311547024,-0.5361457206516593,-0.2625445286655072,1.2786896406883401
507,508,13,4,4,0.20772530593436483,-1.1786381404977933,-0.309043184600354,-0.016937081106593883,-0.39317706311547024,-0.5361457206516593,-0.2625445286655072,1.2786896406883401
510,511,1,5,4,-0.1408383795327263,0.1750281635804327,0.4511917072858995,0.951558977994807,-0.39317706311547024,-0.5361457206516593,-0.2625445286655072,1.2786896406883401
511,512,2,5,4,-0.07646900544966662,-0.5530113630325502,0.2953722929633928,0.951558977994807,-0.39317706311547024,-0.5361457206516593,-0.2625445286655072,1.2786896406883401
515,516,6,5,4,-0.11623547737638795,0.35667111925519074,0.3198332209723748,0.951558977994807,-0.39317706311547024,-0.5361457206516593,-0.2625445286655072,1.2786896406883401
518,519,9,5,4,0.2805651753502124,1.4277879134323248,-1.8461991163779292,0.951558977994807,-0.39317706311547024,-0.5361457206516593,-0.2625445286655072,1.2786896406883401
521,522,12,5,4,1.0848908227689942,-2.3002175101775584,2.780552711282357,0.951558977994807,-0.39317706311547024,-0.5361457206516593,-0.2625445286655072,1.2786896406883401
525,526,1,6,4,-0.1408383795327263,0.1750281635804327,0.4511917072858995,0.523287274651712,-0.39317706311547024,-0.5361457206516593,-0.2625445286655072,1.2786896406883401
526,527,2,6,4,-0.07646900544966662,-0.5530113630325502,0.2953722929633928,0.523287274651712,-0.39317706311547024,-0.5361457206516593,-0.2625445286655072,1.2786896406883401
530,531,6,6,4,-0.11623547737638795,0.35667111925519074,0.3198332209723748,0.523287274651712,-0.39317706311547024,-0.5361457206516593,-0.2625445286655072,1.2786896406883401
531,532,7,6,4,-0.16701697140344954,0.8835439556799277,0.39047006020826763,0.523287274651712,-0.39317706311547024,-0.5361457206516593,-0.2625445286655072,1.2786896406883401
533,534,9,6,4,0.2805651753502124,1.4277879134323248,-1.8461991163779292,0.523287274651712,-0.39317706311547024,-0.5361457206516593,-0.2625445286655072,1.2786896406883401
537,538,13,6,4,0.20772530593436483,-1.1786381404977933,-0.309043184600354,0.523287274651712,-0.39317706311547024,-0.5361457206516593,-0.2625445286655072,1.2786896406883401
540,541,1,7,4,-0.1408383795327263,0.1750281635804327,0.4511917072858995,-1.4884279582527522,-0.39317706311547024,-0.5361457206516593,-0.2625445286655072,1.2786896406883401
545,546,6,7,4,-0.11623547737638795,0.35667111925519074,0.3198332209723748,-1.4884279582527522,-0.39317706311547024,-0.5361457206516593,-0.2625445286655072,1.2786896406883401
546,547,7,7,4,-0.16701697140344954,0.8835439556799277,0.39047006020826763,-1.4884279582527522,-0.39317706311547024,-0.5361457206516593,-0.2625445286655072,1.2786896406883401
548,549,9,7,4,0.2805651753502124,1.4277879134323248,-1.8461991163779292,-1.4884279582527522,-0.39317706311547024,-0.5361457206516593,-0.2625445286655072,1.2786896406883401
555,556,1,8,4,-0.1408383795327263,0.1750281635804327,0.4511917072858995,-0.016937081106593883,0.06835043650789192,-0.5361457206516593,-0.2625445286655072,1.2786896406883401
556,557,2,8,4,-0.07646900544966662,-0.5530113630325502,0.2953722929633928,-0.016937081106593883,0.06835043650789192,-0.5361457206516593,-0.2625445286655072,1.2786896406883401
557,558,3,8,4,0.2814637238044526,-0.6242012738715885,0.3584189263145816,-0.016937081106593883,0.06835043650789192,-0.5361457206516593,-0.2625445286655072,1.2786896406883401
559,560,5,8,4,0.4138608982874742,-0.48463172820768863,0.4512629464196297,-0.016937081106593883,0.06835043650789192,-0.5361457206516593,-0.2625445286655072,1.2786896406883401
560,561,6,8,4,-0.11623547737638795,0.35667111925519074,0.3198332209723748,-0.016937081106593883,0.06835043650789192,-0.5361457206516593,-0.2625445286655072,1.2786896406883401
561,562,7,8,4,-0.16701697140344954,0.8835439556799277,0.39047006020826763,-0.016937081106593883,0.06835043650789192,-0.5361457206516593,-0.2625445286655072,1.2786896406883401
562,563,8,8,4,1.0403685404626517,1.8433906000429883,0.3143251406780568,-0.016937081106593883,0.06835043650789192,-0.5361457206516593,-0.2625445286655072,1.2786896406883401
563,564,9,8,4,0.2805651753502124,1.4277879134323248,-1.8461991163779292,-0.016937081106593883,0.06835043650789192,-0.5361457206516593,-0.2625445286655072,1.2786896406883401
564,565,10,8,4,-0.16417959439899713,0.49506575215022575,0.30194572212122095,-0.016937081106593883,0.06835043650789192,-0.5361457206516593,-0.2625445286655072,1.2786896406883401
565,566,11,8,4,0.3947489727693696,-1.7152705376020978,0.8980521261780776,-0.016937081106593883,0.06835043650789192,-0.5361457206516593,-0.2625445286655072,1.2786896406883401
567,568,13,8,4,0.20772530593436483,-1.1786381404977933,-0.309043184600354,-0.016937081106593883,0.06835043650789192,-0.5361457206516593,-0.2625445286655072,1.2786896406883401
568,569,14,8,4,-3.0332564920151697,-0.4088241939454349,-1.4110445824145927,-0.016937081106593883,0.06835043650789192,-0.5361457206516593,-0.2625445286655072,1.2786896406883401
569,570,15,8,4,-0.1734282669101157,-0.8921452485256728,0.01803834535189208,-0.016937081106593883,0.06835043650789192,-0.5361457206516593,-0.2625445286655072,1.2786896406883401
570,571,1,9,4,-0.1408383795327263,0.1750281635804327,0.4511917072858995,-1.907194247711537,0.06835043650789192,-0.5361457206516593,-0.2625445286655072,1.2786896406883401
571,572,2,9,4,-0.07646900544966662,-0.5530113630325502,0.2953722929633928,-1.907194247711537,0.06835043650789192,-0.5361457206516593,-0.2625445286655072,1.2786896406883401
575,576,6,9,4,-0.11623547737638795,0.35667111925519074,0.3198332209723748,-1.907194247711537,0.06835043650789192,-0.5361457206516593,-0.2625445286655072,1.2786896406883401
578,579,9,9,4,0.2805651753502124,1.4277879134323248,-1.8461991163779292,-1.907194247711537,0.06835043650789192,-0.5361457206516593,-0.2625445286655072,1.2786896406883401
583,584,14,9,4,-3.0332564920151697,-0.4088241939454349,-1.4110445824145927,-1.907194247711537,0.06835043650789192,-0.5361457206516593,-0.2625445286655072,1.2786896406883401
589,590,5,10,4,0.4138608982874742,-0.48463172820768863,0.4512629464196297,0.951558977994807,2.029842309907181,-0.5361457206516593,-0.2625445286655072,1.2786896406883401
590,591,6,10,4,-0.11623547737638795,0.35667111925519074,0.3198332209723748,0.951558977994807,2.029842309907181,-0.5361457206516593,-0.2625445286655072,1.2786896406883401
591,592,7,10,4,-0.16701697140344954,0.8835439556799277,0.39047006020826763,0.951558977994807,2.029842309907181,-0.5361457206516593,-0.2625445286655072,1.2786896406883401
593,594,9,10,4,0.2805651753502124,1.4277879134323248,-1.8461991163779292,0.951558977994807,2.029842309907181,-0.5361457206516593,-0.2625445286655072,1.2786896406883401
594,595,10,10,4,-0.16417959439899713,0.49506575215022575,0.30194572212122095,0.951558977994807,2.029842309907181,-0.5361457206516593,-0.2625445286655072,1.2786896406883401
597,598,13,10,4,0.20772530593436483,-1.1786381404977933,-0.309043184600354,0.951558977994807,2.029842309907181,-0.5361457206516593,-0.2625445286655072,1.2786896406883401
598,599,14,10,4,-3.0332564920151697,-0.4088241939454349,-1.4110445824145927,0.951558977994807,2.029842309907181,-0.5361457206516593,-0.2625445286655072,1.2786896406883401
600,601,1,1,5,-0.1408383795327263,0.1750281635804327,0.4511917072858995,-0.016937081106593883,-0.8803449793845748,1.5877549828200488,-0.16117158701158021,-1.0052773544569578
624,625,10,2,5,-0.16417959439899713,0.49506575215022575,0.30194572212122095,-1.06728531532289,-0.8803449793845748,1.5877549828200488,-0.16117158701158021,-1.0052773544569578
626,627,12,2,5,1.0848908227689942,-2.3002175101775584,2.780552711282357,-1.06728531532289,-0.8803449793845748,1.5877549828200488,-0.16117158701158021,-1.0052773544569578
630,631,1,3,5,-0.1408383795327263,0.1750281635804327,0.4511917072858995,0.951558977994807,-0.8803449793845748,1.5877549828200488,-0.16117158701158021,-1.0052773544569578
631,632,2,3,5,-0.07646900544966662,-0.5530113630325502,0.2953722929633928,0.951558977994807,-0.8803449793845748,1.5877549828200488,-0.16117158701158021,-1.0052773544569578
632,633,3,3,5,0.2814637238044526,-0.6242012738715885,0.3584189263145816,0.951558977994807,-0.8803449793845748,1.5877549828200488,-0.16117158701158021,-1.0052773544569578
643,644,14,3,5,-3.0332564920151697,-0.4088241939454349,-1.4110445824145927,0.951558977994807,-0.8803449793845748,1.5877549828200488,-0.16117158701158021,-1.0052773544569578
668,669,9,5,5,0.2805651753502124,1.4277879134323248,-1.8461991163779292,0.951558977994807,-0.39317706311547024,1.5877549828200488,-0.16117158701158021,-1.0052773544569578
690,691,1,7,5,-0.1408383795327263,0.1750281635804327,0.4511917072858995,-1.4884279582527522,-0.39317706311547024,1.5877549828200488,-0.16117158701158021,-1.0052773544569578
728,729,9,9,5,0.2805651753502124,1.4277879134323248,-1.8461991163779292,-1.907194247711537,0.06835043650789192,1.5877549828200488,-0.16117158701158021,-1.0052773544569578
757,758,8,1,6,1.0403685404626517,1.8433906000429883,0.3143251406780568,-0.016937081106593883,-0.8803449793845748,0.5258046310841947,0.07536527684758255,-1.7093574055919745
802,803,8,4,6,1.0403685404626517,1.8433906000429883,0.3143251406780568,-0.016937081106593883,-0.39317706311547024,0.5258046310841947,0.07536527684758255,-1.7093574055919745
843,844,4,7,6,2.728146623089673,-1.6392519515246875,-0.5204550283719214,-1.4884279582527522,-0.39317706311547024,0.5258046310841947,0.07536527684758255,-1.7093574055919745
853,854,14,7,6,-3.0332564920151697,-0.4088241939454349,-1.4110445824145927,-1.4884279582527522,-0.39317706311547024,0.5258046310841947,0.07536527684758255,-1.7093574055919745
896,897,12,10,6,1.0848908227689942,-2.3002175101775584,2.780552711282357,0.951558977994807,2.029842309907181,0.5258046310841947,0.07536527684758255,-1.7093574055919745
919,920,5,2,7,0.4138608982874742,-0.48463172820768863,0.4512629464196297,-1.06728531532289,-0.8803449793845748,-0.6777391008831061,-0.786304727210796,-0.6274783026284122
930,931,1,3,7,-0.1408383795327263,0.1750281635804327,0.4511917072858995,0.951558977994807,-0.8803449793845748,-0.6777391008831061,-0.786304727210796,-0.6274783026284122
938,939,9,3,7,0.2805651753502124,1.4277879134323248,-1.8461991163779292,0.951558977994807,-0.8803449793845748,-0.6777391008831061,-0.786304727210796,-0.6274783026284122
1006,1007,2,8,7,-0.07646900544966662,-0.5530113630325502,0.2953722929633928,-0.016937081106593883,0.06835043650789192,-0.6777391008831061,-0.786304727210796,-0.6274783026284122
1007,1008,3,8,7,0.2814637238044526,-0.6242012738715885,0.3584189263145816,-0.016937081106593883,0.06835043650789192,-0.6777391008831061,-0.786304727210796,-0.6274783026284122
1019,1020,15,8,7,-0.1734282669101157,-0.8921452485256728,0.01803834535189208,-0.016937081106593883,0.06835043650789192,-0.6777391008831061,-0.786304727210796,-0.6274783026284122
1021,1022,2,9,7,-0.07646900544966662,-0.5530113630325502,0.2953722929633928,-1.907194247711537,0.06835043650789192,-0.6777391008831061,-0.786304727210796,-0.6274783026284122
1026,1027,7,9,7,-0.16701697140344954,0.8835439556799277,0.39047006020826763,-1.907194247711537,0.06835043650789192,-0.6777391008831061,-0.786304727210796,-0.6274783026284122
1035,1036,1,10,7,-0.1408383795327263,0.1750281635804327,0.4511917072858995,0.951558977994807,2.029842309907181,-0.6777391008831061,-0.786304727210796,-0.6274783026284122
1040,1041,6,10,7,-0.11623547737638795,0.35667111925519074,0.3198332209723748,0.951558977994807,2.029842309907181,-0.6777391008831061,-0.786304727210796,-0.6274783026284122
1043,1044,9,10,7,0.2805651753502124,1.4277879134323248,-1.8461991163779292,0.951558977994807,2.029842309907181,-0.6777391008831061,-0.786304727210796,-0.6274783026284122
1065,1066,1,2,8,-0.1408383795327263,0.1750281635804327,0.4511917072858995,-1.06728531532289,-0.8803449793845748,0.8797880816628127,-1.174901003550849,-1.3659037221114785
1079,1080,15,2,8,-0.1734282669101157,-0.8921452485256728,0.01803834535189208,-1.06728531532289,-0.8803449793845748,0.8797880816628127,-1.174901003550849,-1.3659037221114785
1081,1082,2,3,8,-0.07646900544966662,-0.5530113630325502,0.2953722929633928,0.951558977994807,-0.8803449793845748,0.8797880816628127,-1.174901003550849,-1.3659037221114785
1155,1156,1,8,8,-0.1408383795327263,0.1750281635804327,0.4511917072858995,-0.016937081106593883,0.06835043650789192,0.8797880816628127,-1.174901003550849,-1.3659037221114785
1170,1171,1,9,8,-0.1408383795327263,0.1750281635804327,0.4511917072858995,-1.907194247711537,0.06835043650789192,0.8797880816628127,-1.174901003550849,-1.3659037221114785
1202,1203,3,1,9,0.2814637238044526,-0.6242012738715885,0.3584189263145816,-0.016937081106593883,-0.8803449793845748,1.5877549828200488,-1.107319042448231,-0.4385787767141393
1204,1205,5,1,9,0.4138608982874742,-0.48463172820768863,0.4512629464196297,-0.016937081106593883,-0.8803449793845748,1.5877549828200488,-1.107319042448231,-0.4385787767141393
1205,1206,6,1,9,-0.11623547737638795,0.35667111925519074,0.3198332209723748,-0.016937081106593883,-0.8803449793845748,1.5877549828200488,-1.107319042448231,-0.4385787767141393
1208,1209,9,1,9,0.2805651753502124,1.4277879134323248,-1.8461991163779292,-0.016937081106593883,-0.8803449793845748,1.5877549828200488,-1.107319042448231,-0.4385787767141393
1230,1231,1,3,9,-0.1408383795327263,0.1750281635804327,0.4511917072858995,0.951558977994807,-0.8803449793845748,1.5877549828200488,-1.107319042448231,-0.4385787767141393
1231,1232,2,3,9,-0.07646900544966662,-0.5530113630325502,0.2953722929633928,0.951558977994807,-0.8803449793845748,1.5877549828200488,-1.107319042448231,-0.4385787767141393
1232,1233,3,3,9,0.2814637238044526,-0.6242012738715885,0.3584189263145816,0.951558977994807,-0.8803449793845748,1.5877549828200488,-1.107319042448231,-0.4385787767141393
1233,1234,4,3,9,2.728146623089673,-1.6392519515246875,-0.5204550283719214,0.951558977994807,-0.8803449793845748,1.5877549828200488,-1.107319042448231,-0.4385787767141393
1234,1235,5,3,9,0.4138608982874742,-0.48463172820768863,0.4512629464196297,0.951558977994807,-0.8803449793845748,1.5877549828200488,-1.107319042448231,-0.4385787767141393
1235,1236,6,3,9,-0.11623547737638795,0.35667111925519074,0.3198332209723748,0.951558977994807,-0.8803449793845748,1.5877549828200488,-1.107319042448231,-0.4385787767141393
1237,1238,8,3,9,1.0403685404626517,1.8433906000429883,0.3143251406780568,0.951558977994807,-0.8803449793845748,1.5877549828200488,-1.107319042448231,-0.4385787767141393
1239,1240,10,3,9,-0.16417959439899713,0.49506575215022575,0.30194572212122095,0.951558977994807,-0.8803449793845748,1.5877549828200488,-1.107319042448231,-0.4385787767141393
1241,1242,12,3,9,1.0848908227689942,-2.3002175101775584,2.780552711282357,0.951558977994807,-0.8803449793845748,1.5877549828200488,-1.107319042448231,-0.4385787767141393
1249,1250,5,4,9,0.4138608982874742,-0.48463172820768863,0.4512629464196297,-0.016937081106593883,-0.39317706311547024,1.5877549828200488,-1.107319042448231,-0.4385787767141393
1250,1251,6,4,9,-0.11623547737638795,0.35667111925519074,0.3198332209723748,-0.016937081106593883,-0.39317706311547024,1.5877549828200488,-1.107319042448231,-0.4385787767141393
1254,1255,10,4,9,-0.16417959439899713,0.49506575215022575,0.30194572212122095,-0.016937081106593883,-0.39317706311547024,1.5877549828200488,-1.107319042448231,-0.4385787767141393
1261,1262,2,5,9,-0.07646900544966662,-0.5530113630325502,0.2953722929633928,0.951558977994807,-0.39317706311547024,1.5877549828200488,-1.107319042448231,-0.4385787767141393
1264,1265,5,5,9,0.4138608982874742,-0.48463172820768863,0.4512629464196297,0.951558977994807,-0.39317706311547024,1.5877549828200488,-1.107319042448231,-0.4385787767141393
1269,1270,10,5,9,-0.16417959439899713,0.49506575215022575,0.30194572212122095,0.951558977994807,-0.39317706311547024,1.5877549828200488,-1.107319042448231,-0.4385787767141393
1281,1282,7,6,9,-0.16701697140344954,0.8835439556799277,0.39047006020826763,0.523287274651712,-0.39317706311547024,1.5877549828200488,-1.107319042448231,-0.4385787767141393
1284,1285,10,6,9,-0.16417959439899713,0.49506575215022575,0.30194572212122095,0.523287274651712,-0.39317706311547024,1.5877549828200488,-1.107319042448231,-0.4385787767141393
1299,1300,10,7,9,-0.16417959439899713,0.49506575215022575,0.30194572212122095,-1.4884279582527522,-0.39317706311547024,1.5877549828200488,-1.107319042448231,-0.4385787767141393
1313,1314,9,8,9,0.2805651753502124,1.4277879134323248,-1.8461991163779292,-0.016937081106593883,0.06835043650789192,1.5877549828200488,-1.107319042448231,-0.4385787767141393
1314,1315,10,8,9,-0.16417959439899713,0.49506575215022575,0.30194572212122095,-0.016937081106593883,0.06835043650789192,1.5877549828200488,-1.107319042448231,-0.4385787767141393
1317,1318,13,8,9,0.20772530593436483,-1.1786381404977933,-0.309043184600354,-0.016937081106593883,0.06835043650789192,1.5877549828200488,-1.107319042448231,-0.4385787767141393
1326,1327,7,9,9,-0.16701697140344954,0.8835439556799277,0.39047006020826763,-1.907194247711537,0.06835043650789192,1.5877549828200488,-1.107319042448231,-0.4385787767141393
1333,1334,14,9,9,-3.0332564920151697,-0.4088241939454349,-1.4110445824145927,-1.907194247711537,0.06835043650789192,1.5877549828200488,-1.107319042448231,-0.4385787767141393
1335,1336,1,10,9,-0.1408383795327263,0.1750281635804327,0.4511917072858995,0.951558977994807,2.029842309907181,1.5877549828200488,-1.107319042448231,-0.4385787767141393
1343,1344,9,10,9,0.2805651753502124,1.4277879134323248,-1.8461991163779292,0.951558977994807,2.029842309907181,1.5877549828200488,-1.107319042448231,-0.4385787767141393
1356,1357,7,1,10,-0.16701697140344954,0.8835439556799277,0.39047006020826763,-0.016937081106593883,-0.8803449793845748,-0.8901291712302773,-1.4114378674100116,-1.7093574055919745
1413,1414,4,5,10,2.728146623089673,-1.6392519515246875,-0.5204550283719214,0.951558977994807,-0.39317706311547024,-0.8901291712302773,-1.4114378674100116,-1.7093574055919745
1425,1426,1,6,10,-0.1408383795327263,0.1750281635804327,0.4511917072858995,0.523287274651712,-0.39317706311547024,-0.8901291712302773,-1.4114378674100116,-1.7093574055919745
1481,1482,12,9,10,1.0848908227689942,-2.3002175101775584,2.780552711282357,-1.907194247711537,0.06835043650789192,-0.8901291712302773,-1.4114378674100116,-1.7093574055919745
1490,1491,6,10,10,-0.11623547737638795,0.35667111925519074,0.3198332209723748,0.951558977994807,2.029842309907181,-0.8901291712302773,-1.4114378674100116,-1.7093574055919745
1492,1493,8,10,10,1.0403685404626517,1.8433906000429883,0.3143251406780568,0.951558977994807,2.029842309907181,-0.8901291712302773,-1.4114378674100116,-1.7093574055919745
1498,1499,14,10,10,-3.0332564920151697,-0.4088241939454349,-1.4110445824145927,0.951558977994807,2.029842309907181,-0.8901291712302773,-1.4114378674100116,-1.7093574055919745
