source_row_index,expID,ligand,base,solvent,fold,objectives,y_observed,y_predicted,prediction_error,shap_base_value,cone angle,TEP,calc P shift,pKa,Pauling ionic radii,Hansen-dD,Hansen-dP,Hansen-dH,SHAP_Angle,SHAP_TEP,SHAP_NMR,SHAP_pKa,SHAP_ion-R,SHAP_delta_D,SHAP_delta_p,SHAP_delta_H
15,16,1,2,1,4,-2.2118321904773235,-2.2118321904773235,-2.047798043538101,0.16403414693922258,-2.2444617930240542,165.87,2223.37,-5.7906,6.351,95,18.4,16.4,10.2,0.06772068457351287,0.30546328809498247,0.09909059831436023,0.14019302616168863,-0.023542608032860964,-0.256436000653987,-0.24429436802675103,0.10846912905500944
49,50,5,4,1,3,-2.5419967639865653,-2.5419967639865653,-2.6986828939893996,-0.15668613000283438,-2.2916531186530134,174.6629756,2218.794147,-5.7884,10.329,133,18.4,16.4,10.2,-0.0033072164612732258,0.15565185954147906,0.10244121127090768,0.07593154851020628,-0.1409298205649318,-0.3338562572830559,-0.17447463809451058,-0.0884864622552069
115,116,11,8,1,4,-4.040120601915581,-4.040120601915581,-3.210978248454309,0.8291423534612723,-2.2444617930240542,174.3600174,2210.257593,8.0093,10.329,169,18.4,16.4,10.2,-0.028470846707458478,-0.745999234730625,0.01898718147113254,0.01484809394425237,-0.015312787835125267,-0.18672943318602425,-0.09403086506237998,0.07019143667597416
122,123,3,9,1,2,-2.032532425049917,-2.032532425049917,-2.864176297194226,-0.8316438721443093,-2.0781458514471236,172.5642436,2217.825997,-8.6556,3.17,169,18.4,16.4,10.2,0.027186251088575645,0.04198492487651264,-0.010120618572147771,-0.1586830249687842,-0.01731688138981746,-0.42337269374726366,-0.1433397067301986,-0.1023686963039796
138,139,4,10,1,2,-3.898660663853424,-3.898660663853424,-2.800113952676623,1.0985467111768008,-2.0781458514471236,211.3485433,2210.78491,-35.7969,13.997,322,18.4,16.4,10.2,-0.1788580060313687,-0.32515623663354,-0.07920942359001117,-0.01871551567943948,0.21342048029140134,-0.2198522967703562,-0.050235841204560344,-0.06336126161162481
146,147,12,10,1,0,-2.492790507602249,-2.492790507602249,-3.083673310043249,-0.590882802441,-2.0915021045950493,185.3,2206.2,66.1445,13.997,322,18.4,16.4,10.2,-0.22280432890218316,-0.7226113174317329,-0.1061418711171547,-0.07107734104416821,0.26557051624976613,-0.05458551497023,-0.05755297126292325,-0.022968376969573545
150,151,1,1,2,3,-1.7755345573084622,-1.7755345573084622,-1.8899362508918467,-0.11440169358338448,-2.2916531186530134,165.87,2223.37,-5.7906,10.329,95,17.4,13.7,11.3,0.05285606637545572,0.417928986885228,0.14282033096829158,0.13986223067381284,-0.021904137662663588,-0.2669447160847612,-0.05177395587216967,-0.011127937522028508
168,169,4,2,2,2,-4.028494470271521,-4.028494470271521,-3.1665822370478143,0.8619122332237064,-2.0781458514471236,211.3485433,2210.78491,-35.7969,6.351,95,17.4,13.7,11.3,-0.16333506294691147,-0.4541405175131976,-0.004643400874261942,-0.0026939580064034812,-0.06630117934159667,-0.292820721451556,-0.07898647151211283,-0.025515073954651024
188,189,9,3,2,3,-2.577208911868484,-2.577208911868484,-1.6127998373422785,0.9644090745262055,-2.2916531186530134,172.55,2232.06,-76.7384,13.997,95,17.4,13.7,11.3,0.07338470852028625,0.071104342997907,0.21598137275928322,0.13123588520471874,0.15329170632398728,-0.09227267150471342,0.1023511815844761,0.02377675542479063
218,219,9,5,2,0,-1.8939687219441697,-1.8939687219441697,-2.4682729813397275,-0.5743042593955578,-2.0915021045950493,172.55,2232.06,-76.7384,13.997,133,17.4,13.7,11.3,0.0038310931412943107,-0.09304529296766341,-0.013489305052771433,-0.028879756457189765,-0.04349887991267761,-0.2847488088187531,-0.06251631209680338,0.14557638541988616
242,243,3,7,2,4,-2.837644671287144,-2.837644671287144,-1.8774401258252338,0.9602045454619104,-2.2444617930240542,172.5642436,2217.825997,-8.6556,4.756,133,17.4,13.7,11.3,0.03669025933479969,0.1878957510727719,0.052129539481001186,0.18836789735295173,-0.058872141583466216,-0.26434091001056953,0.018401404152591342,0.20674986739873547
255,256,1,8,2,0,-2.0280492910675263,-2.0280492910675263,-1.7860288461567142,0.2420204449108121,-2.0915021045950493,165.87,2223.37,-5.7906,10.329,169,17.4,13.7,11.3,0.11335460988299088,0.3644405405277934,0.11758508714401784,0.04099213903129055,0.005326302837134431,-0.35423815344739396,-0.11857343354221059,0.13658616600471737
277,278,8,9,2,4,-3.161313431268041,-3.161313431268041,-3.1107119347207473,0.050601496547293845,-2.2444617930240542,184.5942422,2234.942905,-10.0173,3.17,169,17.4,13.7,11.3,-0.06781344194686628,-0.7189956864475716,-0.08519939393796294,0.07739738695570583,-0.0023179588730999567,-0.1376546487066076,0.019087452111659527,0.04924614914805214
278,279,9,9,2,4,-2.853518875975723,-2.853518875975723,-2.778756567727416,0.07476230824830665,-2.2444617930240542,172.55,2232.06,-76.7384,3.17,169,17.4,13.7,11.3,0.011328329664199353,-0.2525555279304293,-0.04992046091006723,-0.18927325610072776,0.048575641586902175,-0.11629873040176325,-0.12976078605609878,0.14361001544462093
293,294,9,10,2,1,-2.349125574324207,-2.349125574324207,-2.074934018126127,0.2741915561980801,-2.0120032271706756,172.55,2232.06,-76.7384,13.997,322,17.4,13.7,11.3,0.043355958945331216,-0.3167171812679232,0.18704603496002348,-0.013912919278589312,-0.03912083525793456,-0.09902320731394156,0.07196340283367449,0.10347795542390792
294,295,10,10,2,1,-2.596470867574428,-2.596470867574428,-2.2498137764574166,0.34665709111701126,-2.0120032271706756,165.5,2225.59,-10.3996,13.997,322,17.4,13.7,11.3,0.04816691116573985,0.11102499530051739,-0.09327356081574106,-0.07403177769849832,-0.10303400974011924,-0.187204352482286,-0.012656651524955155,0.07319789650860103
298,299,14,10,2,3,-4.02762885133542,-4.02762885133542,-3.1293740443038316,0.8982548070315883,-2.2916531186530134,120.02,2219.32,-63.3,13.997,322,17.4,13.7,11.3,-0.5205944814068589,0.02257360628263824,-0.22729702570432297,-0.06535421383229827,0.04274629504078812,-0.09150129405896408,0.019161399059177173,-0.017455211030977358
300,301,1,1,3,2,-1.1206044003196618,-1.1206044003196618,-1.3541512257127564,-0.23354682539309457,-2.0781458514471236,165.87,2223.37,-5.7906,10.329,95,15.3,18.0,6.1,0.03914432267915114,0.46574015771958566,0.0480479552918003,0.21082026728805892,-0.12091131997794394,0.09276368822435678,0.15670421976235574,-0.16831466525299554
301,302,2,1,3,4,-1.3546216695353854,-1.3546216695353854,-1.4114770706137363,-0.05685540107835085,-2.2444617930240542,166.8903697,2218.319819,-10.6026,10.329,95,15.3,18.0,6.1,0.03084823964342273,0.2791559669481833,0.04586328279637282,0.29039585083569375,-0.11777458158493144,0.21635963834581345,0.2234361347733581,-0.13529980934759822
305,306,6,1,3,1,-1.4582852285974035,-1.4582852285974035,-1.2881227009705276,0.1701625276268759,-2.0120032271706756,166.26,2224.63,-9.8472,10.329,95,15.3,18.0,6.1,0.059369052188763816,0.15792223152214918,-0.00384623337921404,0.11459262585189099,-0.04134017370404529,0.06102891051987922,0.49092275479776504,-0.11476864159705025
308,309,9,1,3,0,-2.3824492806763864,-2.3824492806763864,-1.775251355210483,0.6071979254659035,-2.0915021045950493,172.55,2232.06,-76.7384,10.329,95,15.3,18.0,6.1,0.022197049825392574,-0.20215676949348335,0.19753839691353145,-0.048484309573352175,0.07333178191576832,0.14288076760647156,0.188011283147086,-0.05706745095684829
330,331,1,3,3,4,-1.5053952938133754,-1.5053952938133754,-3.0922269065548282,-1.5868316127414528,-2.2444617930240542,165.87,2223.37,-5.7906,13.997,95,15.3,18.0,6.1,-0.04418361969064407,0.3763740244346564,-0.018926611116981473,-0.5599548409690722,-0.04961177210562953,0.013698670801918488,-0.3405268069567152,-0.22463415792830732
338,339,9,3,3,1,-1.1023485554296657,-1.1023485554296657,-2.656025928452566,-1.5536773730229003,-2.0120032271706756,172.55,2232.06,-76.7384,13.997,95,15.3,18.0,6.1,-0.005104487066482874,-0.3965412823478979,-0.11956347001346135,-0.06919863972708445,-0.017827626054223066,0.06111752958406882,0.13357393517181673,-0.23047866082862678
343,344,14,3,3,2,-1.9649043785658489,-1.9649043785658489,-2.29933973742701,-0.33443535886116105,-2.0781458514471236,120.02,2219.32,-63.3,13.997,95,15.3,18.0,6.1,-0.32843612607462175,0.024982086859600204,-0.10659587138316161,-0.05569923497543041,0.015897487669937062,0.18100146391260316,0.18227346264344507,-0.13461715463225848
368,369,9,5,3,0,-2.619119871664524,-2.619119871664524,-1.3686697972335928,1.2504500744309313,-2.0915021045950493,172.55,2232.06,-76.7384,13.997,133,15.3,18.0,6.1,0.02796066703833754,-0.009999716728309313,0.25091398390730024,0.07721637150018507,0.054474938009528434,0.20646539764271798,0.1699408754524339,-0.05414020946073761
374,375,15,5,3,1,-4.1151940233069775,-4.1151940233069775,-2.21631371992724,1.8988803033797375,-2.0120032271706756,165.353392,2215.967354,-19.1672,13.997,133,15.3,18.0,6.1,0.048404535681992954,-0.12813766707671836,-0.07177924826413323,-0.13571364467504488,-0.05100966866516633,0.06618821367910811,0.2476960118377989,-0.17995902527439891
375,376,1,6,3,0,-2.5071057982688765,-2.5071057982688765,-1.3149753608282433,1.1921304374406332,-2.0915021045950493,165.87,2223.37,-5.7906,12.375,133,15.3,18.0,6.1,0.058676906934503746,0.44145438579821666,0.11434610102970488,0.03988193579787461,-0.13243178977454723,0.06613436983231452,0.1640447179068896,0.024420116241851364
386,387,12,6,3,4,-3.94244365731626,-3.94244365731626,-3.3994919954635865,0.5429516618526735,-2.2444617930240542,185.3,2206.2,66.1445,12.375,133,15.3,18.0,6.1,-0.14480557788517104,-0.965191125089442,-0.22958302658338867,-0.12003461165089331,-0.0354213719018412,0.10475188690441402,0.3389383385504507,-0.10368471478366148
388,389,14,6,3,0,-2.121215469112212,-2.121215469112212,-2.066806582472836,0.05440888663937615,-2.0915021045950493,120.02,2219.32,-63.3,12.375,133,15.3,18.0,6.1,-0.0901851341765917,0.004325895609270764,-0.21741231874591657,-0.011037114479481512,-0.012954963854105031,0.19860982036298877,0.1866295978220281,-0.033280260415979396
390,391,1,7,3,1,-1.5142727398193294,-1.5142727398193294,-0.8915960476428122,0.6226766921765172,-2.0120032271706756,165.87,2223.37,-5.7906,4.756,133,15.3,18.0,6.1,0.06454590137743846,0.2734241447695726,0.018129447986463487,0.14317730068052878,-0.0002586106616050747,0.09662496054077929,0.6683751048709702,-0.14361107003628737
405,406,1,8,3,2,-0.8174133177824757,-0.8174133177824757,-1.2874681679058484,-0.47005485012337267,-2.0781458514471236,165.87,2223.37,-5.7906,10.329,169,15.3,18.0,6.1,0.047432406412224896,0.44818525153173466,0.05834660293938345,0.28351884704901104,-0.13814536839940283,0.08900506154915445,0.20458439664961703,-0.20224951419043002
406,407,2,8,3,0,-0.7874079881303855,-0.7874079881303855,-0.7339434307414598,0.05346455738892564,-2.0915021045950493,166.8903697,2218.319819,-10.6026,10.329,169,15.3,18.0,6.1,0.09395377427199975,0.33431422781764103,0.0895313062235232,0.27311626577768217,-0.04146920392437144,0.13592165291735447,0.4401871251280844,0.03200352564167752
407,408,3,8,3,1,-0.7149164103138479,-0.7149164103138479,-0.9141245587416846,-0.19920814842783674,-2.0120032271706756,172.5642436,2217.825997,-8.6556,10.329,169,15.3,18.0,6.1,0.015051976186066027,0.06312404506889778,-0.02014154500921989,0.20448549641557812,0.05728173642111896,0.15842048031257117,0.735786308284989,-0.11612982925100845
409,410,5,8,3,4,-0.8097841137870501,-0.8097841137870501,-0.5417897045529618,0.26799440923408824,-2.2444617930240542,174.6629756,2218.794147,-5.7884,10.329,169,15.3,18.0,6.1,0.07799235205246663,0.47655564726460875,0.15053816875579104,0.2736533360436755,0.07090389890402261,0.32214001754040517,0.38126481354271186,-0.05037614563258486
410,411,6,8,3,3,-1.0503498588871996,-1.0503498588871996,-1.6813473518982907,-0.6309974930110911,-2.2916531186530134,166.26,2224.63,-9.8472,10.329,169,15.3,18.0,6.1,0.020481322300976,0.3237871637619486,0.10586944706640193,0.23419977035751305,-0.12412558586715625,0.054681469945022154,0.2216471584835879,-0.2262349792935665
414,415,10,8,3,1,-2.2565787619556006,-2.2565787619556006,-1.3121339165779062,0.9444448453776944,-2.0120032271706756,165.5,2225.59,-10.3996,10.329,169,15.3,18.0,6.1,0.057005599273478584,0.06130118625084721,-0.05815877791195742,0.23095174910700533,0.035458789757511024,0.06364084236884324,0.45413642976485213,-0.1444665080178117
420,421,1,9,3,3,-0.9992218652203708,-0.9992218652203708,-1.8292400445560022,-0.8300181793356314,-2.2916531186530134,165.87,2223.37,-5.7906,3.17,169,15.3,18.0,6.1,0.03540943974949533,0.3991236666926138,0.13724504478413982,-0.05190886885947942,0.025054598548114194,0.03208932244042473,0.06938162134945565,-0.1839817506077539
421,422,2,9,3,3,-1.4612517526905666,-1.4612517526905666,-2.012034678619746,-0.5507829259291794,-2.2916531186530134,166.8903697,2218.319819,-10.6026,3.17,169,15.3,18.0,6.1,0.03511178343823117,0.21766039191918574,0.06902330273739142,-0.05973270530485313,0.04654349027843763,0.04962661332382626,0.08570489107042845,-0.1643193274293785
425,426,6,9,3,3,-1.3925332744015817,-1.3925332744015817,-1.9831965202479864,-0.5906632458464047,-2.2916531186530134,166.26,2224.63,-9.8472,3.17,169,15.3,18.0,6.1,0.025352730860160835,0.30609685209179394,0.07595223425244038,-0.006530002575853068,0.015049969412540635,0.02374349210805039,0.06014541744550699,-0.1913540951896125
430,431,11,9,3,4,-4.048592400782622,-4.048592400782622,-2.4401423842274474,1.608450016555175,-2.2444617930240542,174.3600174,2210.257593,8.0093,3.17,169,15.3,18.0,6.1,0.010047866190226159,-0.6307903932137855,0.0695739185997249,0.1899986648515216,0.07603714607162645,0.09485157781532673,0.16443581676961494,-0.1698351882876502
433,434,14,9,3,4,-2.4175173243679287,-2.4175173243679287,-2.7901464310522397,-0.37262910668431104,-2.2444617930240542,120.02,2219.32,-63.3,3.17,169,15.3,18.0,6.1,-0.32574054418948906,0.10195926592604854,-0.26634135444511375,-0.025308301835348653,0.031073447779112917,0.09678160154643581,0.06993570608555674,-0.22804445889538805
436,437,2,10,3,0,-2.180034681583212,-2.180034681583212,-0.5106220956948828,1.6694125858883293,-2.0915021045950493,166.8903697,2218.319819,-10.6026,13.997,322,15.3,18.0,6.1,0.16068050049060212,0.4139191023845041,0.0711240101816743,-0.0952807264716431,0.4492951657305474,0.15624116489786669,0.40191663241614534,0.022984159270470927
437,438,3,10,3,0,-1.1675259061643686,-1.1675259061643686,-1.0666680348695856,0.10085787129478296,-2.0915021045950493,172.5642436,2217.825997,-8.6556,13.997,322,15.3,18.0,6.1,-0.01394444172863508,0.27713319461361796,0.04187324410404593,-0.11847255361013238,0.3627329854770474,0.10882200780196208,0.3790750884272265,-0.012385455359668729
438,439,4,10,3,2,-4.944765107119186,-4.944765107119186,-2.305920815194187,2.638844291924999,-2.0781458514471236,211.3485433,2210.78491,-35.7969,13.997,322,15.3,18.0,6.1,-0.18714423076463935,-0.28493851295540673,-0.04563662495740733,-0.0588907415386786,0.3442420906310201,0.05525138353526306,0.15841987188657727,-0.20907819958379167
439,440,5,10,3,3,-1.1815517847138628,-1.1815517847138628,-0.9319046155118746,0.24964716920198815,-2.2916531186530134,174.6629756,2218.794147,-5.7884,13.997,322,15.3,18.0,6.1,0.2062312328271172,0.47373245539108105,0.10206567432222702,-0.22903562063626007,0.49696729591086813,0.14456597251484685,0.3302897101955691,-0.16506821738431388
440,441,6,10,3,3,-1.0939844958671234,-1.0939844958671234,-1.623871971084491,-0.5298874752173677,-2.2916531186530134,166.26,2224.63,-9.8472,13.997,322,15.3,18.0,6.1,-0.04985101113700139,0.5671263136599417,0.026676600312336034,-0.24319278417088652,0.33867663903483486,0.09118838523260202,0.12456021716444715,-0.18740321252774872
441,442,7,10,3,2,-3.7095172777117,-3.7095172777117,-1.688273872263107,2.021243405448593,-2.0781458514471236,165.4550225,2228.284751,-7.6658,13.997,322,15.3,18.0,6.1,0.07037932702380069,0.10304069412946441,0.022474845363137968,-0.0874091594885729,0.24810965530989124,0.09200290289657674,0.12510709665924036,-0.1838333827095192
442,443,8,10,3,3,-4.689504857246355,-4.689504857246355,-4.67137284456394,0.01813201268241471,-2.2916531186530134,184.5942422,2234.942905,-10.0173,13.997,322,15.3,18.0,6.1,0.2555955677336656,-1.3875192998649566,-0.14898610382666794,-0.3233754058581489,-0.20955086563887562,-0.12362000934625028,-0.08081521305260757,-0.36144839605708423
444,445,10,10,3,0,-1.4548526965808897,-1.4548526965808897,-1.8656509198624986,-0.410798223281609,-2.0915021045950493,165.5,2225.59,-10.3996,13.997,322,15.3,18.0,6.1,0.09373050357941638,0.09125077203438745,-0.02736679106761096,-0.05665360625476106,0.010848806523786517,0.06366406527722188,0.08860417697888937,-0.03822674233877632
445,446,11,10,3,2,-3.850665662335965,-3.850665662335965,-2.518165081562419,1.3325005807735462,-2.0781458514471236,174.3600174,2210.257593,8.0093,13.997,322,15.3,18.0,6.1,0.0664879126475939,-0.7053489515052018,-0.07120245991332255,-0.16560188967955403,0.4901346318719292,0.045951326785405804,0.23188681577753212,-0.33232661609968095
447,448,13,10,3,3,-2.0632591932759388,-2.0632591932759388,-3.114087370650993,-1.0508281773750543,-2.2916531186530134,171.3953578,2213.980043,-29.2681,13.997,322,15.3,18.0,6.1,0.054675930252817175,-0.6005357743132791,-0.15414539314085232,-0.38693686008722233,0.45135898438736405,0.027618393146865775,0.05186323782646862,-0.2663327700701419
450,451,1,1,4,2,-1.097475450539731,-1.097475450539731,-1.0830491011151917,0.014426349424539353,-2.0781458514471236,165.87,2223.37,-5.7906,10.329,95,16.0,6.8,17.4,0.07220076096196829,0.4522445458799062,0.04737011021494266,0.12514449394492416,-0.07064840240649058,-0.04297528508700499,0.09570615762540943,0.31605436919826835
451,452,2,1,4,3,-1.3948454998168098,-1.3948454998168098,-1.1729655437178932,0.22187995609891664,-2.2916531186530134,166.8903697,2218.319819,-10.6026,10.329,95,16.0,6.8,17.4,0.04142012590783426,0.2069154513002502,0.1163764000241098,0.1952500126884616,-0.006913585273224936,-0.04377837337694685,0.04975421284314212,0.5596633308214937
455,456,6,1,4,1,-1.2947846673430996,-1.2947846673430996,-1.34918191308078,-0.054397245737680455,-2.0120032271706756,166.26,2224.63,-9.8472,10.329,95,16.0,6.8,17.4,0.08861816739840661,0.14138200844456128,-0.021527480707955342,0.04441572889409077,-0.04320579437130779,-0.03076756746855268,-0.012749421444788083,0.4966556733454392
462,463,13,1,4,0,-1.541177264831679,-1.541177264831679,-2.701075603714889,-1.15989833888321,-2.0915021045950493,171.3953578,2213.980043,-29.2681,10.329,95,16.0,6.8,17.4,0.001714782621491061,-0.5919626488130979,-0.2736498892187658,-0.014340344586599631,-0.23647139963870148,-0.1301586610693371,-0.024644295274557276,0.6599389568597327
465,466,1,2,4,0,-0.8417420812139202,-0.8417420812139202,-0.8887527861355329,-0.047010704921612634,-2.0915021045950493,165.87,2223.37,-5.7906,6.351,95,16.0,6.8,17.4,0.09818926604015384,0.3808525520136606,0.1023624150170142,-0.04469857692930075,-0.06425047800133316,-0.030594894864747365,0.09441441677898373,0.6664746184050874
466,467,2,2,4,2,-1.1170054997809755,-1.1170054997809755,-2.2369369251375053,-1.1199314253565298,-2.0781458514471236,166.8903697,2218.319819,-10.6026,6.351,95,16.0,6.8,17.4,-0.07963384482235439,-0.03499191570289273,-0.04409700052858505,-0.1434391058220251,-0.2173940178649852,-0.029120683986117748,0.035446884336489404,0.3544386107000712
467,468,3,2,4,3,-1.1892437162483085,-1.1892437162483085,-0.9633507315035077,0.2258929847448008,-2.2916531186530134,172.5642436,2217.825997,-8.6556,6.351,95,16.0,6.8,17.4,0.21336192865056497,0.13604721401368525,0.21590602674487253,0.14827888950407483,-0.03244853189854034,0.02271572309185247,0.0882962769121904,0.5361448601307927
469,470,5,2,4,3,-1.1377561950104569,-1.1377561950104569,-0.4434607242801256,0.6942954707303313,-2.2916531186530134,174.6629756,2218.794147,-5.7884,6.351,95,16.0,6.8,17.4,0.2630605835281718,0.2984399301100617,0.30567841869782253,0.23145074837748048,0.013901085873372987,0.04305422680306359,0.10979995730412255,0.5828074436787942
470,471,6,2,4,3,-0.7469184737915052,-0.7469184737915052,-1.176617498331686,-0.4296990245401807,-2.2916531186530134,166.26,2224.63,-9.8472,6.351,95,16.0,6.8,17.4,0.00217397528716516,0.4046067368989069,0.11631393426847421,0.15051147923030486,-0.07753737042923035,-0.002160793561397094,0.0706380200574113,0.4504896385696874
471,472,7,2,4,2,-1.726567256946609,-1.726567256946609,-1.102912241215479,0.62365501573113,-2.0781458514471236,165.4550225,2228.284751,-7.6658,6.351,95,16.0,6.8,17.4,-0.006844182550549823,0.24428981603893643,0.016861796037746044,0.09753742793691418,0.027814042395243807,0.0003956257166950636,0.0834263701207742,0.511752714535892
473,474,9,2,4,2,-1.5237581584882811,-1.5237581584882811,-1.5028316596726152,0.020926498815665884,-2.0781458514471236,172.55,2232.06,-76.7384,6.351,95,16.0,6.8,17.4,0.11858233016446619,-0.35224491473601016,0.14949141110497768,0.08083698984481916,-0.04155050687994388,0.06685543477480378,0.07359078243171328,0.4797526650696839
477,478,13,2,4,3,-1.3205398736366147,-1.3205398736366147,-3.504255943740855,-2.18371607010424,-2.2916531186530134,171.3953578,2213.980043,-29.2681,6.351,95,16.0,6.8,17.4,0.10359162986175598,-0.6914248418859584,-0.5139484033003566,-0.1468034084501265,-0.20977372553088336,-0.05288705552421058,-0.01565942897456668,0.3143024087165076
479,480,15,2,4,4,-3.8582339623646815,-3.8582339623646815,-1.1383866240669294,2.719847338297752,-2.2444617930240542,165.353392,2215.967354,-19.1672,6.351,95,16.0,6.8,17.4,0.11439900102886177,0.00991040623318586,0.006065300374722425,0.20586639144922414,0.05956181676718157,-0.05141734408850844,0.0909255750009901,0.6707640221914679
480,481,1,3,4,3,-1.2266242682237714,-1.2266242682237714,-1.5602339026894594,-0.33360963446568803,-2.2916531186530134,165.87,2223.37,-5.7906,13.997,95,16.0,6.8,17.4,0.09445964476093774,0.33333931604897976,0.14572895203375102,-0.12845516394767514,-0.20248572750670615,-0.08274294426838391,0.06033701829326936,0.511238120549375
485,486,6,3,4,2,-2.0450658283337115,-2.0450658283337115,-1.2835951278215472,0.7614707005121644,-2.0781458514471236,166.26,2224.63,-9.8472,13.997,95,16.0,6.8,17.4,0.11451364175628083,0.38285918801688584,0.02794962097418266,0.049161850571794743,-0.1092726155334007,-0.05816964907759031,0.10758519302083802,0.27992349389658977
488,489,9,3,4,1,-1.528768803141083,-1.528768803141083,-1.7304067720479124,-0.20163796890682928,-2.0120032271706756,172.55,2232.06,-76.7384,13.997,95,16.0,6.8,17.4,0.007679286802332228,-0.12876497976984747,0.07065731163957538,-0.05223111177120216,-0.13963181042043796,0.06317705177467303,-0.0036127368326017025,0.46432344370027034
493,494,14,3,4,0,-3.500787283000506,-3.500787283000506,-2.2903661052072635,1.2104211777932425,-2.0915021045950493,120.02,2219.32,-63.3,13.997,95,16.0,6.8,17.4,-0.216219133625847,-0.036567350760602614,-0.27299223367751807,0.04249248909947766,-0.07430124957343517,0.04596477791973513,-0.02921458006724171,0.3419732800732177
495,496,1,4,4,2,-1.255673571599453,-1.255673571599453,-1.027293912171344,0.2283796594281089,-2.0781458514471236,165.87,2223.37,-5.7906,10.329,133,16.0,6.8,17.4,0.1101661444402637,0.4546678149617873,0.028403463774845504,0.11499848769693881,-0.07327043228209382,-0.037298351021942996,0.10201433332723543,0.3511704783787468
503,504,9,4,4,4,-1.292139175127859,-1.292139175127859,-1.2019234252909172,0.0902157498369418,-2.2444617930240542,172.55,2232.06,-76.7384,10.329,133,16.0,6.8,17.4,0.0352649956334973,0.028837710792899904,0.23744518951186516,0.04467507863735356,0.012365249891346845,-0.035297730547699385,0.08569686445209412,0.6335510093617815
507,508,13,4,4,2,-2.9503027152301238,-2.9503027152301238,-2.021605699760605,0.9286970154695187,-2.0781458514471236,171.3953578,2213.980043,-29.2681,10.329,133,16.0,6.8,17.4,0.07085780764140542,-0.4428119641072482,-0.06978291713685277,0.13935233095737376,-0.16887974805409314,-0.04039800202428295,0.030589795878815614,0.5376128485314225
510,511,1,5,4,4,-0.8555857449663726,-0.8555857449663726,-1.1191348641910357,-0.26354911922466306,-2.2444617930240542,165.87,2223.37,-5.7906,13.997,133,16.0,6.8,17.4,0.1362454528535388,0.4447690479967679,0.053542560838301986,-0.10912742863962122,-0.016121432562808406,-0.0994734288473418,0.18989204043089714,0.5256001167632923
511,512,2,5,4,4,-1.1872463558971986,-1.1872463558971986,-1.508477773931336,-0.32123141803413735,-2.2444617930240542,166.8903697,2218.319819,-10.6026,13.997,133,16.0,6.8,17.4,0.12402759992374271,0.15854311263560178,0.030512089829295767,-0.17193487460408946,-0.02557789046906825,-0.15856880288697364,0.16134518278466134,0.617637601879552
515,516,6,5,4,1,-0.8808167350442756,-0.8808167350442756,-1.3620506428360548,-0.4812339077917792,-2.0120032271706756,166.26,2224.63,-9.8472,13.997,133,16.0,6.8,17.4,0.12898232353244224,0.08719145249036742,-0.01699495302856994,-0.01736314680309115,0.01608415988313922,0.010059446387806578,0.029544322442924376,0.4124489794296058
518,519,9,5,4,3,-1.1795714474126893,-1.1795714474126893,-1.2648653438390305,-0.08529389642634122,-2.2916531186530134,172.55,2232.06,-76.7384,13.997,133,16.0,6.8,17.4,0.10876860740778535,0.12462703305995196,0.15266471018699637,-0.011812577522198038,-0.021397654714447923,0.06603681110617608,0.11977024156658704,0.488130603723133
521,522,12,5,4,2,-5.559679345573656,-5.559679345573656,-2.806174457509078,2.753504888064578,-2.0781458514471236,185.3,2206.2,66.1445,13.997,133,16.0,6.8,17.4,-0.17379801266230993,-0.539930384432065,-0.1321097833285434,-0.09800874829804505,-0.10274717918141614,-0.05974836549540762,-0.010873455431795888,0.3891873227676286
525,526,1,6,4,1,-1.0465221877401074,-1.0465221877401074,-1.1455816976345081,-0.09905950989440071,-2.0120032271706756,165.87,2223.37,-5.7906,12.375,133,16.0,6.8,17.4,0.1426435544407506,0.1714992283228605,0.0674036039311673,-0.016231446547337918,0.00634694250402861,0.0007255163999680271,0.023110634094133612,0.47092349639058256
526,527,2,6,4,4,-1.5736602008061158,-1.5736602008061158,-1.518615224916077,0.05504497589003887,-2.2444617930240542,166.8903697,2218.319819,-10.6026,12.375,133,16.0,6.8,17.4,0.12584066563535803,0.16550839766140857,0.02659767105632676,-0.09448896984841385,-0.03699510462690084,-0.1536676541389119,0.12174847689378879,0.5713030854753312
530,531,6,6,4,2,-1.5122418305879712,-1.5122418305879712,-1.0680181620959004,0.44422366849207084,-2.0781458514471236,166.26,2224.63,-9.8472,12.375,133,16.0,6.8,17.4,0.13393318283383962,0.4182987785143827,0.012464168561055628,0.0866476846557105,-0.07228387866937362,-0.041214135102968175,0.12185426176953318,0.35042762678904615
531,532,7,6,4,3,-1.6127934757199804,-1.6127934757199804,-1.612641953300665,0.00015152241931537525,-2.2916531186530134,165.4550225,2228.284751,-7.6658,12.375,133,16.0,6.8,17.4,0.07853886963058143,-0.0189012617048132,0.01742177718739575,0.017949701940447295,-0.05883510056292337,-0.021214208615673684,0.11885766542361353,0.5451937220537196
533,534,9,6,4,1,-1.209939440981937,-1.209939440981937,-1.2282554394184362,-0.018315998436499115,-2.0120032271706756,172.55,2232.06,-76.7384,12.375,133,16.0,6.8,17.4,0.0009496376722260508,-0.03101849604634456,0.16963866383836906,-0.0055675534495167826,0.055220154448254385,0.05693883629100542,0.01154043391487631,0.5260461110833702
537,538,13,6,4,4,-2.834350383778248,-2.834350383778248,-2.4900764256990944,0.3442739580791536,-2.2444617930240542,171.3953578,2213.980043,-29.2681,12.375,133,16.0,6.8,17.4,0.016188453115601437,-0.44438322222194654,-0.13519884846936492,-0.17516394719279366,-0.04765047596387027,-0.1818078199868706,0.055824162219766806,0.6665770658244393
540,541,1,7,4,4,-1.1059192339574595,-1.1059192339574595,-1.2630986738524221,-0.15717943989496264,-2.2444617930240542,165.87,2223.37,-5.7906,4.756,133,16.0,6.8,17.4,0.09980278104064197,0.3665442812438101,0.002322137030657892,-0.06566990324068354,-0.037305124359252054,-0.09091594993881558,0.06421393488036958,0.6423709625149043
545,546,6,7,4,1,-1.741848303167017,-1.741848303167017,-1.139038377133653,0.6028099260333641,-2.0120032271706756,166.26,2224.63,-9.8472,4.756,133,16.0,6.8,17.4,0.05281332367681457,0.2204450954642975,-0.05809877681789058,-0.04426418548194447,0.024876681389012313,-0.03143674842361952,-0.023027143110439227,0.7316566033408078
546,547,7,7,4,3,-1.8885314823730084,-1.8885314823730084,-1.9640241534718523,-0.07549267109884394,-2.2916531186530134,165.4550225,2228.284751,-7.6658,4.756,133,16.0,6.8,17.4,-0.01682186941656989,0.011059068005944712,0.04241398239151751,-0.07324893580206124,-0.09339786221886981,-0.012828462054470881,0.07940033213383907,0.39105271214183557
548,549,9,7,4,1,-1.3363911992495645,-1.3363911992495645,-1.3549428555862728,-0.0185516563367083,-2.0120032271706756,172.55,2232.06,-76.7384,4.756,133,16.0,6.8,17.4,0.07201933626809678,-0.38170841359754665,0.246255598021216,-0.05291676301425633,0.06808698921071168,0.03514188505609667,-0.0034716682793870892,0.6736534079194746
555,556,1,8,4,0,-1.0356347730098416,-1.0356347730098416,-0.9233760522101111,0.11225872079973054,-2.0915021045950493,165.87,2223.37,-5.7906,10.329,169,16.0,6.8,17.4,0.17001345077348903,0.3121194901341488,0.09505904289421939,-0.03581214512427861,0.06403312125830363,-0.028983165068836633,0.09842697903102329,0.49326927848687374
556,557,2,8,4,1,-1.628277247388728,-1.628277247388728,-1.2817824179904023,0.34649482939832565,-2.0120032271706756,166.8903697,2218.319819,-10.6026,10.329,169,16.0,6.8,17.4,0.09575600566971804,-0.031537245560912405,0.018473370239184585,-0.011654073419852829,0.09110262826802222,0.00654106248660893,-0.025024565290381846,0.5865636267878873
557,558,3,8,4,2,-1.659186226863009,-1.659186226863009,-1.6529574857000586,0.0062287411629504685,-2.0781458514471236,172.5642436,2217.825997,-8.6556,10.329,169,16.0,6.8,17.4,0.03398509348301539,0.04877503968815594,-0.009908880415631063,0.04409072159121764,-0.130592204019046,-0.06896166789721145,0.029526659538983837,0.4782736037775869
559,560,5,8,4,1,-1.6654608448228858,-1.6654608448228858,-1.665107172925183,0.00035367189770285634,-2.0120032271706756,174.6629756,2218.794147,-5.7884,10.329,169,16.0,6.8,17.4,-0.21978118556785864,0.03360820179509281,0.038207993522401354,-0.024997430590190627,0.0004463598410803533,-0.04817804991077735,-0.05566123122289525,0.6232513963786404
560,561,6,8,4,1,-0.7697742665202435,-0.7697742665202435,-1.0864901138922407,-0.3167158473719972,-2.0120032271706756,166.26,2224.63,-9.8472,10.329,169,16.0,6.8,17.4,0.12490846302431978,0.1376429087068835,-0.03979738993679434,0.009486103814870174,0.13417351678847417,0.00685927471936814,0.0016586072664746213,0.5505816288948382
561,562,7,8,4,0,-1.2292319598191457,-1.2292319598191457,-1.5259784063311628,-0.2967464465120171,-2.0915021045950493,165.4550225,2228.284751,-7.6658,10.329,169,16.0,6.8,17.4,0.13190137818491277,-0.1559071181867358,-0.03281991635099597,-0.053775817117699874,0.09224953271508572,-0.036137895902239515,0.12120179079724219,0.4988117441243378
562,563,8,8,4,3,-3.303979314565112,-3.303979314565112,-2.4031232903285265,0.9008560242365857,-2.2916531186530134,184.5942422,2234.942905,-10.0173,10.329,169,16.0,6.8,17.4,-0.07441123422852158,-0.5261769737617596,-0.11170108893581662,0.04160072242718863,0.042527608616792965,-0.00558865099464815,0.08775664476509706,0.4345228004361521
563,564,9,8,4,2,-0.9837636886420428,-0.9837636886420428,-1.03544920125894,-0.051685512616897245,-2.0781458514471236,172.55,2232.06,-76.7384,10.329,169,16.0,6.8,17.4,0.05741010723329361,-0.07215268959327972,0.3428859446455069,0.09387199034001505,0.07177806054681299,0.030236578982052804,0.1024821004873847,0.41618455754639994
564,565,10,8,4,2,-1.2222626610236076,-1.2222626610236076,-0.9486248573244513,0.27363780369915625,-2.0781458514471236,165.5,2225.59,-10.3996,10.329,169,16.0,6.8,17.4,0.14526582050942416,0.35865738412439946,-0.004095495820510839,0.14165183469196205,0.010318959417434855,-0.008229051354887648,0.11007148807702036,0.3758800544778309
565,566,11,8,4,4,-2.388344083111981,-2.388344083111981,-3.281536756545694,-0.8931926734337132,-2.2444617930240542,174.3600174,2210.257593,8.0093,10.329,169,16.0,6.8,17.4,-0.07940459042719214,-1.0039346977142638,-0.07189050136188635,-0.04588950459857544,-0.03158733401019687,-0.16770398864256583,-0.04731037636198326,0.4106460295950205
567,568,13,8,4,1,-2.2171945042659016,-2.2171945042659016,-2.6376369027929902,-0.42044239852708865,-2.0120032271706756,171.3953578,2213.980043,-29.2681,10.329,169,16.0,6.8,17.4,-0.04947221008938104,-0.6852883378206398,-0.3142259484754841,-0.002748881986391449,-0.04954103561840468,-0.035837844141196805,-0.10107357410210352,0.6125541566112993
568,569,14,8,4,3,-2.2766748573929494,-2.2766748573929494,-3.759499771496332,-1.4828249141033827,-2.2916531186530134,120.02,2219.32,-63.3,10.329,169,16.0,6.8,17.4,-0.9281980936490817,-0.07665797072511117,-0.4174558155192106,0.07638127523252465,-0.017788776963691015,-0.0714214270913685,-0.09298282843030663,0.06027698430292605
569,570,15,8,4,3,-1.446164793754827,-1.446164793754827,-2.2908709360257453,-0.8447061422709183,-2.2916531186530134,165.353392,2215.967354,-19.1672,10.329,169,16.0,6.8,17.4,-0.008016999009748354,-0.33446846198279706,-0.11689400757771186,0.10599128091918189,-0.07150160026534799,-0.04013795368715854,0.01646269860966899,0.44934722562118323
570,571,1,9,4,2,-1.2317396132855625,-1.2317396132855625,-1.5233825598263349,-0.2916429465407724,-2.0781458514471236,165.87,2223.37,-5.7906,3.17,169,16.0,6.8,17.4,0.0023392636897294587,0.3670099444319523,0.01823167923759914,-0.37746826381881476,0.014743692253798363,-0.025072021437670445,0.05299203690598953,0.5019869603582029
571,572,2,9,4,0,-1.2897108493082103,-1.2897108493082103,-1.654391268181966,-0.3646804188737556,-2.0915021045950493,166.8903697,2218.319819,-10.6026,3.17,169,16.0,6.8,17.4,0.0875941380499383,0.05973501799895607,0.0032465663462531743,-0.2606598128223036,0.06391418188963455,-0.060548546308362136,0.046268003869586946,0.49756128738938005
575,576,6,9,4,2,-1.187106788932284,-1.187106788932284,-1.7493473078019244,-0.5622405188696404,-2.0781458514471236,166.26,2224.63,-9.8472,3.17,169,16.0,6.8,17.4,0.008353154540631055,0.27407029510313663,-0.029414050428677608,-0.4291194138337097,-0.017357997293171435,-0.03400453935831866,0.04386697695530713,0.512404117959991
578,579,9,9,4,3,-1.3728722303115304,-1.3728722303115304,-1.4100545040872885,-0.03718227377575811,-2.2916531186530134,172.55,2232.06,-76.7384,3.17,169,16.0,6.8,17.4,0.12607738432784063,0.09436722918826021,0.07644272047284864,-0.18115829652559406,0.08685201722663577,0.08758608823344304,0.13738249529186267,0.4540489763504275
583,584,14,9,4,4,-4.137481208266273,-4.137481208266273,-2.109567780640824,2.0279134276254487,-2.2444617930240542,120.02,2219.32,-63.3,3.17,169,16.0,6.8,17.4,-0.5539719510744159,0.09877537734548394,-0.13035089018515564,0.15310021888494343,0.07237012122078677,-0.00720657459609245,0.0369562744617726,0.4652214363259074
589,590,5,10,4,4,-1.523575105788441,-1.523575105788441,-1.8049861877590225,-0.2814110819705815,-2.2444617930240542,174.6629756,2218.794147,-5.7884,13.997,322,16.0,6.8,17.4,-0.0019046720939444306,0.24700968590536412,0.04625347116444261,-0.1959945740441178,0.05055210591944309,-0.08745749788521529,0.06315022941159348,0.3178668568874677
590,591,6,10,4,1,-1.3199277425704776,-1.3199277425704776,-1.31199676005746,0.007930982513017604,-2.0120032271706756,166.26,2224.63,-9.8472,13.997,322,16.0,6.8,17.4,0.09710982361155358,0.13464629089264504,-0.041437260593739235,-0.01963739670933559,-0.0532627264274287,0.091256302230307,0.02945349286109524,0.4618779412481211
591,592,7,10,4,2,-1.8839119609049615,-1.8839119609049615,-1.5763697347365209,0.3075422261684406,-2.0781458514471236,165.4550225,2228.284751,-7.6658,13.997,322,16.0,6.8,17.4,0.1047311648438451,0.0014353825388099635,-0.026161531830918027,0.10498405213399686,-0.010595041392264524,-0.012776226803719617,0.06765784599359793,0.2725004712272539
593,594,9,10,4,4,-1.3942844317518075,-1.3942844317518075,-1.8723153658109468,-0.4780309340591393,-2.2444617930240542,172.55,2232.06,-76.7384,13.997,322,16.0,6.8,17.4,0.042164839031494004,-0.04298361597607395,0.16720226730138238,-0.09956583443072058,-0.10977495043958514,-0.040651584643214174,0.07753103553157487,0.3782242708382489
594,595,10,10,4,0,-1.3574854876714262,-1.3574854876714262,-1.4427000025660477,-0.08521451489462151,-2.0915021045950493,165.5,2225.59,-10.3996,13.997,322,16.0,6.8,17.4,0.10654549448800658,0.1337432067762032,0.014210720529436375,0.0009555103528800868,-0.05652111679466581,-0.011209169167513546,0.07180113413221377,0.3892763217124418
597,598,13,10,4,2,-2.763596076767578,-2.763596076767578,-2.0523303053382307,0.7112657714293471,-2.0781458514471236,171.3953578,2213.980043,-29.2681,13.997,322,16.0,6.8,17.4,0.029838814930714625,-0.3869455635508135,-0.08719237333349589,-0.1436897208989551,0.2629356266624796,-0.04586548369261799,0.018488812248070287,0.3782454337435145
598,599,14,10,4,0,-3.434478776457318,-3.434478776457318,-3.0086882059695346,0.42579057048778335,-2.0915021045950493,120.02,2219.32,-63.3,13.997,322,16.0,6.8,17.4,-0.6094392779012755,-0.06089304848508064,-0.3131831329398611,-0.04209026995381636,-0.15562231916996028,-0.01620912344952679,-0.03921475447518453,0.31946582500022025
600,601,1,1,5,1,-1.7612528679590544,-1.7612528679590544,-2.2243828809396033,-0.4631300129805489,-2.0120032271706756,165.87,2223.37,-5.7906,10.329,95,19.0,7.4,4.1,0.05820054982479136,0.24175275415333586,0.1495498104087624,-0.014165349884067665,0.027789587371370255,-0.04797307720343977,-0.14215745055240706,-0.4853764778872701
624,625,10,2,5,4,-2.8362828006019143,-2.8362828006019143,-2.240073841939423,0.5962089586624915,-2.2444617930240542,165.5,2225.59,-10.3996,6.351,95,19.0,7.4,4.1,0.045426319130094164,0.2990836921624239,0.07693623663041846,-0.033716351292857126,-0.04491343478824162,0.25163866509484534,0.066546552246377,-0.6566137280984282
626,627,12,2,5,3,-5.328949567384766,-5.328949567384766,-3.674083662169691,1.6548659052150754,-2.2916531186530134,185.3,2206.2,66.1445,6.351,95,19.0,7.4,4.1,-0.14583355556412725,-0.9016650554535028,-0.13639783446877835,0.1881641432861852,-0.04200883877916817,0.06570555145309226,-0.07084506504069216,-0.3395498889496862
630,631,1,3,5,0,-1.7782948611583416,-1.7782948611583416,-1.8107591035728159,-0.03246424241447432,-2.0915021045950493,165.87,2223.37,-5.7906,13.997,95,19.0,7.4,4.1,0.08610274544709254,0.29623176507733817,0.25608349838109573,-0.01696871721249583,-0.10945558521240692,-0.028614852816250327,0.06807407928699251,-0.27070993192913406
631,632,2,3,5,0,-2.070122439354776,-2.070122439354776,-2.299493649882667,-0.22937121052789067,-2.0915021045950493,166.8903697,2218.319819,-10.6026,13.997,95,19.0,7.4,4.1,0.06922183220704405,-0.009374090714799098,0.1166557316457291,-0.043849274029500625,-0.1562258626241773,0.11824797582861361,0.04222752572082783,-0.34489538332135555
632,633,3,3,5,0,-2.256232310063419,-2.256232310063419,-2.4642074305023147,-0.20797512043889554,-2.0915021045950493,172.5642436,2217.825997,-8.6556,13.997,95,19.0,7.4,4.1,-0.044824288852188886,-0.11081834355853384,0.13982598332602272,-0.04328154746335991,-0.15097177824756686,0.16772334220099833,0.021495304171698024,-0.3518539974843355
643,644,14,3,5,3,-4.869313316551313,-4.869313316551313,-2.971924957950171,1.897388358601142,-2.2916531186530134,120.02,2219.32,-63.3,13.997,95,19.0,7.4,4.1,-0.19383591460060232,0.021693039352535595,-0.30715241479041844,0.0400650043614778,0.006416504224999685,0.07044554891967361,-0.04862458451368816,-0.2692790222511356
668,669,9,5,5,3,-3.9726283710023167,-3.9726283710023167,-2.995943006215087,0.9766853647872296,-2.2916531186530134,172.55,2232.06,-76.7384,13.997,133,19.0,7.4,4.1,0.005201247509632869,-0.08598083178374116,-0.11591479172212084,0.029103073075635946,-0.03227905695443412,-0.013966386213389897,-0.009773226696708383,-0.48067991477694866
690,691,1,7,5,1,-2.255537758608041,-2.255537758608041,-2.7198987152721297,-0.4643609566640885,-2.0120032271706756,165.87,2223.37,-5.7906,4.756,133,19.0,7.4,4.1,0.02815030121139992,0.22023504491249365,0.0835296490079673,-0.2952086589025719,0.01287483755565852,0.0002119057679127967,-0.17542087160855035,-0.5822676960457649
728,729,9,9,5,0,-3.854948949160628,-3.854948949160628,-2.5428037002059023,1.3121452489547258,-2.0915021045950493,172.55,2232.06,-76.7384,3.17,169,19.0,7.4,4.1,0.0017471765890177931,-0.21752202747122654,-0.04195039624006419,0.06005381772688936,0.052921847118948775,-0.0005316047780268887,-0.056026400339003114,-0.24999400821738824
757,758,8,1,6,0,-2.8424591456902224,-2.8424591456902224,-2.61569912747446,0.2267600182157623,-2.0915021045950493,184.5942422,2234.942905,-10.0173,10.329,95,17.5,8.8,0.0,-0.0011749804519305,-0.01547708624322811,-0.03530949181254493,0.006786728142955119,-0.1068960199003577,-0.16390710346649578,0.038330492148133,-0.2465495612959419
802,803,8,4,6,4,-2.5074401353566764,-2.5074401353566764,-3.119740902467434,-0.6123007671107574,-2.2444617930240542,184.5942422,2234.942905,-10.0173,10.329,133,17.5,8.8,0.0,0.02177230174919028,-0.07664228562200834,-0.04982408657160771,0.0684084127963113,-0.01575070778760096,-0.1994642319070646,0.025894777815047808,-0.649673289915646
843,844,4,7,6,3,-5.437293945197335,-5.437293945197335,-3.375363808144442,2.061930137052893,-2.2916531186530134,211.3485433,2210.78491,-35.7969,4.756,133,17.5,8.8,0.0,0.11924965082679893,-0.5410521181720114,-0.18461225847158774,0.06933546934452046,-0.08598736104002172,-0.19206058123112893,-0.03603127145067659,-0.23255221929732184
853,854,14,7,6,0,-3.928848196757551,-3.928848196757551,-2.8685387363575314,1.0603094604000196,-2.0915021045950493,120.02,2219.32,-63.3,4.756,133,17.5,8.8,0.0,-0.0687110761470095,-0.04520853238116603,-0.20243399663157943,0.18456219213814729,-0.08553648507026887,-0.24415894840632849,-0.06842916487424619,-0.2471206203900309
896,897,12,10,6,0,-5.434687542471407,-5.434687542471407,-3.0408681020952,2.3938194403762068,-2.0915021045950493,185.3,2206.2,66.1445,13.997,322,17.5,8.8,0.0,-0.21253511083018803,-0.6754733667267909,-0.04077825736423214,-0.06386519386108835,0.40419135683570406,-0.14716442241231226,-0.053938660360058635,-0.15980234278118433
919,920,5,2,7,1,-2.928561742823263,-2.928561742823263,-3.701797228944616,-0.7732354861213531,-2.0120032271706756,174.6629756,2218.794147,-5.7884,6.351,95,15.8,3.7,6.3,-0.1267918429639253,0.09052266921599268,-0.0714048253201971,-0.2270213456552895,-0.07700414680409146,-0.22583519919906025,-0.42478052226415175,-0.6274787887832196
930,931,1,3,7,3,-2.0125761207140838,-2.0125761207140838,-3.5179849922263937,-1.50540887151231,-2.2916531186530134,165.87,2223.37,-5.7906,13.997,95,15.8,3.7,6.3,0.02342605756062987,0.3050045785268758,0.05319899347349317,-0.2003783742689422,-0.1334655124382094,-0.2296179796843636,-0.3993359188566555,-0.645163717886209
938,939,9,3,7,2,-2.886803706918374,-2.886803706918374,-2.4097555316980195,0.4770481752203546,-2.0781458514471236,172.55,2232.06,-76.7384,13.997,95,15.8,3.7,6.3,-0.007734484096272185,0.02070255849209718,0.12593284123609808,0.13768348450214715,-0.04769747471215394,0.07727335900693089,-0.15135519452826282,-0.4864147701514776
1006,1007,2,8,7,3,-2.9610944551763594,-2.9610944551763594,-3.555159626849929,-0.5940651716735696,-2.2916531186530134,166.8903697,2218.319819,-10.6026,10.329,169,15.8,3.7,6.3,0.05098185473799936,0.03052281278076147,-0.013127529654207885,0.02698376170576292,-0.06056911487345692,-0.1653938615658176,-0.4912422002378771,-0.6416622310900808
1007,1008,3,8,7,4,-4.0919952326820965,-4.0919952326820965,-3.052183530554655,1.0398117021274413,-2.2444617930240542,172.5642436,2217.825997,-8.6556,10.329,169,15.8,3.7,6.3,0.014444957364692807,0.1098837952636727,0.02093768935208401,0.0199926541172051,-0.004060496856176796,-0.18230350311292534,-0.35247346932987744,-0.4341433643292725
1019,1020,15,8,7,2,-3.666705549579879,-3.666705549579879,-3.4460488354126766,0.22065671416720223,-2.0781458514471236,165.353392,2215.967354,-19.1672,10.329,169,15.8,3.7,6.3,0.10207100793306201,-0.27442242816736934,-0.10495780005927284,0.14074719862501778,-0.10824553471574992,-0.12633524485517544,-0.29200155457116256,-0.7047586281548951
1021,1022,2,9,7,2,-2.565554050578536,-2.565554050578536,-3.423653680718892,-0.8580996301403561,-2.0781458514471236,166.8903697,2218.319819,-10.6026,3.17,169,15.8,3.7,6.3,-0.0026529059946834447,0.26072193012990463,-0.07247628465701902,-0.26218769723033997,-0.048067972132589405,-0.14279133729890947,-0.2932985237879264,-0.7847550383002091
1026,1027,7,9,7,3,-5.019939254279639,-5.019939254279639,-2.929397326563284,2.090541927716355,-2.2916531186530134,165.4550225,2228.284751,-7.6658,3.17,169,15.8,3.7,6.3,-0.010715978350755129,-0.05159615039408969,0.014591781180743443,0.04180838197555133,0.04650696310469947,-0.0669531589510915,-0.13743917878170342,-0.47394686769362493
1035,1036,1,10,7,4,-2.7779858086645137,-2.7779858086645137,-2.3999791013010796,0.3780067073634341,-2.2444617930240542,165.87,2223.37,-5.7906,13.997,322,15.8,3.7,6.3,0.0610248534768532,0.47030195648268097,0.002842245131106433,-0.10404189935790358,0.12800341561524148,-0.23820939285985726,-0.11674263628119999,-0.3586958504839457
1040,1041,6,10,7,1,-2.466479291463623,-2.466479291463623,-2.890458741752489,-0.42397945028886586,-2.0120032271706756,166.26,2224.63,-9.8472,13.997,322,15.8,3.7,6.3,0.06118460853932014,0.15000514679800903,-0.09271719659450325,0.00011124638527627188,-0.18882277195928598,-0.08731278855036216,-0.299299637591855,-0.4216041216084071
1043,1044,9,10,7,1,-2.246758196385768,-2.246758196385768,-2.8677404171924548,-0.6209822208066869,-2.0120032271706756,172.55,2232.06,-76.7384,13.997,322,15.8,3.7,6.3,-0.041679953498950956,-0.3534946798054006,0.2605707127533672,-0.015063291518446178,-0.08320018798012292,0.004319428430226305,-0.2168586909699987,-0.41033052743245285
1065,1066,1,2,8,1,-4.309943151511559,-4.309943151511559,-3.9712519811279217,0.3386911703836377,-2.0120032271706756,165.87,2223.37,-5.7906,6.351,95,18.0,1.4,2.0,-0.0001065573645570501,0.19962645114151495,0.03297293046695154,-0.5194559066675597,-0.1308694494522021,-0.11478711241285568,-0.37491205971246927,-1.051717049956067
1079,1080,15,2,8,0,-5.48504140268106,-5.48504140268106,-4.503664147294087,0.9813772553869731,-2.0915021045950493,165.353392,2215.967354,-19.1672,6.351,95,18.0,1.4,2.0,-0.027343785922880535,-0.31796022916191213,-0.2015003252411167,0.16003113586684914,-0.4553065188668012,-0.4405278692359192,-0.45365421570599995,-0.6759002344312561
1081,1082,2,3,8,1,-5.352917026717012,-5.352917026717012,-2.3710439381047,2.9818730886123124,-2.0120032271706756,166.8903697,2218.319819,-10.6026,13.997,95,18.0,1.4,2.0,0.05823859950781439,-0.006987093982805784,0.058602755079654616,0.3442606204868357,0.14110744217141336,-0.03818893612771298,-0.16804866300421134,-0.7480254350650148
1155,1156,1,8,8,4,-2.581924003150619,-2.581924003150619,-4.0723269971894105,-1.4904029940387913,-2.2444617930240542,165.87,2223.37,-5.7906,10.329,169,18.0,1.4,2.0,8.080299430419965e-05,0.32534398507022544,0.01886799220857412,0.027606358750184485,0.004673115840076023,-0.3535752915940771,-0.45336282507540304,-1.3974993423592412
1170,1171,1,9,8,2,-3.657507088206513,-3.657507088206513,-3.3954362062149146,0.26207088199159845,-2.0781458514471236,165.87,2223.37,-5.7906,3.17,169,18.0,1.4,2.0,-0.020795552752478002,0.3066190733842142,0.017939846008320326,-0.328112107080295,0.08893895245538179,-0.01048393981809885,-0.359693067203449,-1.0117035597613881
1202,1203,3,1,9,2,-2.0465007890627875,-2.0465007890627875,-2.1545369615428607,-0.10803617248007313,-2.0781458514471236,172.5642436,2217.825997,-8.6556,10.329,95,19.0,1.8,7.4,0.03464010685921868,0.09895559032984909,0.08565093246221146,0.08504958860076295,-0.06893068824688729,0.2043939063679383,-0.17065923158002422,-0.34549131488880425
1204,1205,5,1,9,4,-1.980720882774185,-1.980720882774185,-1.822202945835962,0.1585179369382228,-2.2444617930240542,174.6629756,2218.794147,-5.7884,10.329,95,19.0,1.8,7.4,-0.004453504988378431,0.1684588613569599,0.1461670320315877,0.0552301604596332,-0.032447252357049976,0.31292771173641465,-0.10518160638277399,-0.11844255466830622
1205,1206,6,1,9,4,-1.593635650198024,-1.593635650198024,-1.5196791551456446,0.07395649505237945,-2.2444617930240542,166.26,2224.63,-9.8472,10.329,95,19.0,1.8,7.4,0.06693151721666715,0.3760947602251016,0.08073755149693618,0.09940712592181575,-0.02721343040446408,0.30476357540098536,-0.06259327646278907,-0.1133451855158395
1208,1209,9,1,9,4,-2.947903474538061,-2.947903474538061,-2.5294314472305683,0.41847202730749267,-2.2444617930240542,172.55,2232.06,-76.7384,10.329,95,19.0,1.8,7.4,0.025343527069236788,-0.00880029475542006,-0.23678837407722586,0.11884953533428481,-0.1715177186087558,0.1132157661264597,0.08107545106553102,-0.20634754636062114
1230,1231,1,3,9,2,-0.9778032711075424,-0.9778032711075424,-1.382784250570762,-0.40498097946321954,-2.0781458514471236,165.87,2223.37,-5.7906,13.997,95,19.0,1.8,7.4,0.0592614066098239,0.4665915229549939,0.15682244337546755,0.21715323648270146,-0.011933336182338564,0.12933301990556376,-0.09341364460443817,-0.22845304766541863
1231,1232,2,3,9,2,-1.221063602805758,-1.221063602805758,-1.563945526540442,-0.34288192373468407,-2.0781458514471236,166.8903697,2218.319819,-10.6026,13.997,95,19.0,1.8,7.4,0.054457336902593155,0.22963760555975696,0.09318913098080575,0.26917819275038296,-0.014783061271326968,0.2725304325377551,-0.09270375755086173,-0.29730555500242595
1232,1233,3,3,9,1,-1.5150884403709717,-1.5150884403709717,-1.4507940552811658,0.0642943850898059,-2.0120032271706756,172.5642436,2217.825997,-8.6556,13.997,95,19.0,1.8,7.4,-0.027461812878529734,0.006175424440074966,0.1215906605188612,0.18705724684903338,0.2236767404043794,0.1897355541241867,-0.042369778903054676,-0.0971948626654443
1233,1234,4,3,9,2,-3.934880414683593,-3.934880414683593,-3.0916770288874216,0.8432033857961714,-2.0781458514471236,211.3485433,2210.78491,-35.7969,13.997,95,19.0,1.8,7.4,-0.13320763874555747,-0.4787554398579592,-0.15328595878705478,0.09399040516901509,-0.026149146202786595,0.050144813887293284,-0.06680497629949739,-0.29946323660375107
1234,1235,5,3,9,3,-1.3604304170114434,-1.3604304170114434,-1.3623451755088622,-0.0019147584974188447,-2.2916531186530134,174.6629756,2218.794147,-5.7884,13.997,95,19.0,1.8,7.4,-0.0015408153438689228,0.24891562990351365,0.234022014219586,0.06963100781067902,0.036072995335394265,0.7049800322976595,-0.09941489631089173,-0.2633580247679188
1235,1236,6,3,9,1,-1.5332670627853746,-1.5332670627853746,-1.3660130618350694,0.16725400095030518,-2.0120032271706756,166.26,2224.63,-9.8472,13.997,95,19.0,1.8,7.4,0.08183331009599144,0.15951588313706555,0.10087060110879585,0.11954397038998697,0.19017445591452845,0.08806278008765552,-0.03522152607857882,-0.05878930931984061
1237,1238,8,3,9,2,-2.9333475600682872,-2.9333475600682872,-3.1237056241385766,-0.19035806407028932,-2.0781458514471236,184.5942422,2234.942905,-10.0173,13.997,95,19.0,1.8,7.4,-0.04125526181356532,-0.7118406372862983,-0.03383692227856334,0.035478661541566495,-0.010789861401098748,0.0785477596759263,-0.12052948792748938,-0.24133402320192932
1239,1240,10,3,9,1,-1.8020592694703887,-1.8020592694703887,-1.5594252350085658,0.24263403446182297,-2.0120032271706756,165.5,2225.59,-10.3996,13.997,95,19.0,1.8,7.4,0.07649195456496466,0.06105009925364917,0.07928178264853883,0.10732588716160148,0.1761057086427394,0.06361537834071382,-0.043220500851917566,-0.06807231759817833
1241,1242,12,3,9,2,-5.445098159538474,-5.445098159538474,-3.388578980207116,2.056519179331358,-2.0781458514471236,185.3,2206.2,66.1445,13.997,95,19.0,1.8,7.4,-0.16815179115231363,-0.7459187236110013,-0.17796522001392404,0.14940893660035645,-0.011081680653131292,0.004606540655911939,-0.03297770991211171,-0.3283534806737787
1249,1250,5,4,9,3,-1.7655010181688764,-1.7655010181688764,-2.013316392756888,-0.24781537458801162,-2.2916531186530134,174.6629756,2218.794147,-5.7884,10.329,133,19.0,1.8,7.4,-0.03358541721987834,0.1643083033092759,0.2136227926899858,0.03700182178442585,-0.12745438004363924,0.5032615284302355,-0.18905430649286953,-0.28976361656141325
1250,1251,6,4,9,0,-1.6058444275555128,-1.6058444275555128,-1.424933909134628,0.1809105184208848,-2.0915021045950493,166.26,2224.63,-9.8472,10.329,133,19.0,1.8,7.4,0.09635372372261897,0.27127381383298566,0.10566193237972717,0.07243690703926423,-0.10567157122424471,0.16745084331963647,-0.09936018810998626,0.158422734500419
1254,1255,10,4,9,0,-1.668163840428024,-1.668163840428024,-1.5813849007646053,0.08677893966341865,-2.0915021045950493,165.5,2225.59,-10.3996,10.329,133,19.0,1.8,7.4,0.08938075520325049,0.18425968811197915,0.07798343618379393,0.07554166250154357,-0.11068431713387034,0.1467886438309057,-0.09450144796265841,0.1413487830954982
1261,1262,2,5,9,0,-1.7122122279363434,-1.7122122279363434,-1.537103971417409,0.17510825651893436,-2.0915021045950493,166.8903697,2218.319819,-10.6026,13.997,133,19.0,1.8,7.4,0.09582841800796699,0.09760113059807266,0.13540609788559,-0.024385017509665805,-0.13094513028234225,0.24212043865220634,-0.06591452405312831,0.20468671987894077
1264,1265,5,5,9,4,-1.6048527142403914,-1.6048527142403914,-1.6325281697642453,-0.027675455523853865,-2.2444617930240542,174.6629756,2218.794147,-5.7884,13.997,133,19.0,1.8,7.4,-0.0029404756729707656,0.22842772430132752,0.15274253802705046,-0.008445845206533829,-0.0503257300549025,0.38029894235291567,0.027463380587478603,-0.11528691107455558
1269,1270,10,5,9,1,-2.095823342255157,-2.095823342255157,-1.7861494844107304,0.30967385784442647,-2.0120032271706756,165.5,2225.59,-10.3996,13.997,133,19.0,1.8,7.4,0.07333240606749003,0.07088426298641266,0.04125993009109831,0.04596937300456728,0.09879731354950147,0.03347742869858008,-0.03238968720780426,-0.10547728442990006
1281,1282,7,6,9,4,-2.3555031022356543,-2.3555031022356543,-2.0612521853823482,0.29425091685330607,-2.2444617930240542,165.4550225,2228.284751,-7.6658,12.375,133,19.0,1.8,7.4,0.038478779992640634,0.033310939844474176,0.045682213058412316,0.013013762044309875,-0.060455667831831976,0.2382243111892372,0.01908686299138475,-0.14413159364692052
1284,1285,10,6,9,1,-1.7479255149602366,-1.7479255149602366,-1.7203966563132145,0.027528858647022147,-2.0120032271706756,165.5,2225.59,-10.3996,12.375,133,19.0,1.8,7.4,0.07111108581384165,0.095677731909635,0.027231464720944187,0.055596617769570145,0.09236306924697854,0.10949667438083772,-0.051251478777665685,-0.10861859420668246
1299,1300,10,7,9,2,-1.984852653984784,-1.984852653984784,-2.478057900695041,-0.493205246710257,-2.0781458514471236,165.5,2225.59,-10.3996,4.756,133,19.0,1.8,7.4,-0.011390264777291919,0.340129294386222,0.010629825701285756,-0.3715881016556368,-0.08338815130222217,0.2491963978668765,-0.17740293925203438,-0.35609811021511495
1313,1314,9,8,9,3,-1.6531268449690526,-1.6531268449690526,-3.1085274839970745,-1.4554006390280219,-2.2916531186530134,172.55,2232.06,-76.7384,10.329,169,19.0,1.8,7.4,-0.00269775566761846,-0.11865324168080249,-0.2348250549329656,0.05718700943144281,-0.03161154409240773,-0.07835237394904179,-0.10609368457399937,-0.3018277198786684
1314,1315,10,8,9,0,-1.5100115419534526,-1.5100115419534526,-1.3957518327382121,0.11425970921524042,-2.0915021045950493,165.5,2225.59,-10.3996,10.329,169,19.0,1.8,7.4,0.1005616994735989,0.1969348309194907,0.06530144695455421,0.11457758105177625,0.014728398565032367,0.1529142098654703,-0.057434451959547626,0.10816655698646249
1317,1318,13,8,9,4,-3.7303468834489095,-3.7303468834489095,-2.913632916866513,0.8167139665823964,-2.2444617930240542,171.3953578,2213.980043,-29.2681,10.329,169,19.0,1.8,7.4,0.024618356561889487,-0.49092260758274797,-0.20239334386747787,-0.0037963952413875785,0.0034309483927273746,0.3317327640906506,-0.1242038071724513,-0.20763703902365993
1326,1327,7,9,9,0,-2.490773619605671,-2.490773619605671,-2.1593828065055014,0.3313908131001697,-2.0915021045950493,165.4550225,2228.284751,-7.6658,3.17,169,19.0,1.8,7.4,0.030377466932307858,-0.17484813426222712,-0.005780787853665131,-0.22991090403381034,0.04477170216659795,0.4035914288315229,-0.15451497082162916,0.01843349713045092
1333,1334,14,9,9,1,-2.4749715854787238,-2.4749715854787238,-3.4584680192497474,-0.9834964337710237,-2.0120032271706756,120.02,2219.32,-63.3,3.17,169,19.0,1.8,7.4,-0.6252796851161456,-0.06516374638612626,-0.38236559403422,0.010503509427084093,0.05840253242098286,-0.1583546403990933,-0.1268396187889024,-0.15736754920265095
1335,1336,1,10,9,1,-1.06808593062598,-1.06808593062598,-2.8076146215977222,-1.7395286909717422,-2.0120032271706756,165.87,2223.37,-5.7906,13.997,322,19.0,1.8,7.4,0.04411572761463413,0.17134474579910047,0.031309674145323686,-0.05939199148135268,-0.5086325926229647,-0.14823925190525591,-0.1566704985438262,-0.1694472074327068
1343,1344,9,10,9,4,-3.481689573024974,-3.481689573024974,-1.9007013249963687,1.5809882480286053,-2.2444617930240542,172.55,2232.06,-76.7384,13.997,322,19.0,1.8,7.4,0.03431967507237671,-0.08554579147666165,-0.05873108095728349,-0.07491232037970251,0.37784502911472223,0.14007284651289664,0.10702784154744158,-0.09631573140610394
1356,1357,7,1,10,4,-4.1687492015111385,-4.1687492015111385,-3.283351721733334,0.8853974797778044,-2.2444617930240542,165.4550225,2228.284751,-7.6658,10.329,95,15.5,0.0,0.0,-0.007313385672774399,0.2085368044983399,-0.01588890197802605,0.09631490409269068,0.07915803593447394,0.08772254317636886,-0.4193974851382841,-1.0680224436220696
1413,1414,4,5,10,1,-3.3248208512631336,-3.3248208512631336,-3.628154615269876,-0.30333376400674217,-2.0120032271706756,211.3485433,2210.78491,-35.7969,13.997,133,15.5,0.0,0.0,-0.35628262725601156,-0.5297392013905436,-0.17476661525999707,0.07298374385882876,-0.023802213737261962,-0.03917409679946577,-0.1633699817888702,-0.40200039572587887
1425,1426,1,6,10,0,-3.385648507404756,-3.385648507404756,-3.859429307441819,-0.4737808000370629,-2.0915021045950493,165.87,2223.37,-5.7906,12.375,133,15.5,0.0,0.0,0.003276762866408836,0.13590952801831566,-0.026553425915654905,0.008008291479215796,-0.17093471776951857,-0.10839409461422407,-0.680422163952927,-0.9288173829583857
1481,1482,12,9,10,0,-4.663017128554435,-4.663017128554435,-2.9634460698201894,1.6995710587342452,-2.0915021045950493,185.3,2206.2,66.1445,3.17,169,15.5,0.0,0.0,-0.17974763216326214,-0.44435241426994754,-0.05793420564197204,0.1499460415388913,-0.05957332124343339,0.03305974511570958,-0.0622467411047854,-0.25109543745634055
1490,1491,6,10,10,0,-3.828561130807988,-3.828561130807988,-2.9827075483939143,0.8458535824140738,-2.0915021045950493,166.26,2224.63,-9.8472,13.997,322,15.5,0.0,0.0,0.04123984820329411,0.11397010243859253,-0.03757999512976209,-0.015249525169451994,0.3110293027888267,-0.25385855454246287,-0.45536296977683954,-0.5953936526110609
1492,1493,8,10,10,0,-5.4951965153670645,-5.4951965153670645,-2.7680102770507338,2.727186238316331,-2.0915021045950493,184.5942422,2234.942905,-10.0173,13.997,322,15.5,0.0,0.0,-0.09750485327313554,-0.22529175704863344,-0.08783266104604001,0.012173484659184658,0.19030276813707808,-0.16202926856472719,0.012873022524251456,-0.31919890784366295
1498,1499,14,10,10,1,-4.361752415802991,-4.361752415802991,-3.012990793552146,1.3487616222508452,-2.0120032271706756,120.02,2219.32,-63.3,13.997,322,15.5,0.0,0.0,-0.24807803835387618,-0.004903677723268581,-0.22248311892558598,-0.019685704835121554,0.040194007687696244,0.025673410156423836,-0.20767347968955405,-0.3640309646981842
