cycle,attempted,valid,invalid,mean_valid_yield_pct
1,4,4,0,3.919725
2,4,4,0,5.918150000000001
3,4,4,0,4.4115
4,4,4,0,6.496200000000001
5,4,4,0,16.9984
6,4,4,0,18.441125000000003
7,4,4,0,12.14535
8,4,4,0,16.216175
9,4,4,0,24.573449999999998
10,4,4,0,21.246625
11,4,4,0,16.777925
12,4,4,0,17.418125
13,4,4,0,7.67735
14,4,4,0,25.7823
15,4,4,0,20.2451
16,4,4,0,28.556
17,4,4,0,17.952624999999998
18,4,4,0,16.805325
19,4,4,0,8.035074999999999
20,4,4,0,19.20015
21,4,4,0,17.058300000000003
22,4,3,1,10.570966666666665
23,4,4,0,20.854174999999998
24,4,3,1,26.704233333333335
25,4,4,0,22.178675000000002
26,4,4,0,28.676025000000003
27,4,0,4,
28,4,3,1,35.92796666666667
29,4,4,0,9.490249999999998
30,4,3,1,14.775733333333333
31,4,3,1,26.5659
32,4,4,0,7.305400000000001
33,4,3,1,10.671133333333335
34,4,4,0,15.529425
35,4,3,1,17.8672
36,4,4,0,17.4426
37,4,4,0,22.2855
38,4,4,0,21.36555
39,4,3,1,18.158333333333335
40,4,4,0,12.876175
41,4,4,0,8.840975
42,4,4,0,11.55895
43,4,4,0,15.5272
44,4,3,1,20.24803333333333
45,4,4,0,6.9635750000000005
46,4,3,1,4.140733333333333
47,4,4,0,18.3731
48,4,4,0,9.867525
