model,cycle,n_train,signal_sd_rounded,lengthscale_rounded,noise_variance_rounded,noise_at_lower_bound_from_rounded_text,noise_within10x_lower_bound
descriptors,2,4,0.986,1.94,0.001,False,False
descriptors,3,8,1.1,2.82,3.83e-07,False,False
descriptors,4,12,1.2,2.8,3.4e-07,False,False
descriptors,5,16,0.998,0.774,1.97e-08,False,True
descriptors,6,20,1.04,1.23,1e-08,True,True
descriptors,7,24,1.07,1.36,2.61e-08,False,True
descriptors,8,28,1.16,1.72,0.00265,False,False
descriptors,9,32,1.21,1.8,0.00375,False,False
descriptors,10,36,1.33,2.07,0.00377,False,False
descriptors,11,40,1.32,2.11,0.0101,False,False
descriptors,12,44,1.33,2.13,0.0132,False,False
descriptors,13,48,1.36,2.13,0.0133,False,False
descriptors,14,52,1.26,1.92,0.0137,False,False
descriptors,15,56,1.27,1.94,0.0147,False,False
descriptors,16,60,1.28,1.97,0.0134,False,False
descriptors,17,64,1.32,2.01,0.0121,False,False
descriptors,18,68,1.43,2.02,0.0118,False,False
descriptors,19,72,1.41,1.93,0.0116,False,False
descriptors,20,76,1.45,1.78,0.0146,False,False
descriptors,21,80,1.51,1.82,0.0144,False,False
descriptors,22,84,1.49,1.8,0.0131,False,False
descriptors,23,87,1.43,1.72,0.0192,False,False
descriptors,24,91,1.48,2.58,0.135,False,False
descriptors,25,94,1.41,2.05,0.0935,False,False
descriptors,26,98,1.41,2.45,0.137,False,False
descriptors,28,102,1.4,1.65,0.0427,False,False
descriptors,29,105,1.42,1.71,0.0433,False,False
descriptors,30,109,1.36,1.45,0.0173,False,False
descriptors,31,112,1.38,1.77,0.0488,False,False
descriptors,32,115,1.41,1.8,0.0465,False,False
descriptors,33,119,1.38,2.02,0.102,False,False
descriptors,34,122,1.39,1.92,0.0909,False,False
descriptors,35,126,1.38,1.94,0.0878,False,False
descriptors,36,129,1.38,1.92,0.0858,False,False
descriptors,37,133,1.38,1.9,0.0822,False,False
descriptors,38,137,1.36,1.9,0.0863,False,False
descriptors,39,141,1.37,1.92,0.0839,False,False
descriptors,40,144,1.35,1.91,0.0843,False,False
descriptors,41,148,1.33,2.18,0.163,False,False
descriptors,42,152,1.36,2.23,0.171,False,False
descriptors,43,156,1.34,2.15,0.176,False,False
descriptors,44,160,1.33,2.07,0.167,False,False
descriptors,45,163,1.32,2.08,0.166,False,False
descriptors,46,167,1.3,2.01,0.177,False,False
descriptors,47,170,1.27,2.04,0.191,False,False
descriptors,48,174,1.27,2.06,0.187,False,False
historical_columns,2,4,0.993,1.95,0.001,False,False
historical_columns,3,8,1.05,2.97,1.75e-08,False,True
historical_columns,4,12,1.19,3.57,5.88e-07,False,False
historical_columns,5,16,0.983,1.43,0.000999,False,False
historical_columns,6,20,1.02,1.9,0.00758,False,False
historical_columns,7,24,1.09,2.21,0.00823,False,False
historical_columns,8,28,1.11,2.32,0.0046,False,False
historical_columns,9,32,1.13,2.35,0.00229,False,False
historical_columns,10,36,1.19,2.36,0.00156,False,False
historical_columns,11,40,1.2,2.38,0.0029,False,False
historical_columns,12,44,1.93,5.91,0.0741,False,False
historical_columns,13,48,1.8,5.31,0.0707,False,False
historical_columns,14,52,1.45,3.88,0.0627,False,False
historical_columns,15,56,1.6,4.41,0.0676,False,False
historical_columns,16,60,1.57,4.39,0.0563,False,False
historical_columns,17,64,1.6,4.43,0.063,False,False
historical_columns,18,68,1.8,5.06,0.0764,False,False
historical_columns,19,72,1.5,3.91,0.0692,False,False
historical_columns,20,76,1.69,4.64,0.106,False,False
historical_columns,21,80,1.78,4.66,0.109,False,False
historical_columns,22,84,1.89,4.92,0.0978,False,False
historical_columns,23,87,2.14,5.55,0.111,False,False
historical_columns,24,91,2.24,5.91,0.134,False,False
historical_columns,25,94,2.21,5.57,0.125,False,False
historical_columns,26,98,2.08,5.61,0.134,False,False
historical_columns,28,102,1.75,4.64,0.135,False,False
historical_columns,29,105,1.69,4.28,0.129,False,False
historical_columns,30,109,1.56,3.84,0.124,False,False
historical_columns,31,112,1.55,3.84,0.122,False,False
historical_columns,32,115,1.58,3.88,0.118,False,False
historical_columns,33,119,1.61,3.97,0.162,False,False
historical_columns,34,122,1.6,4.12,0.184,False,False
historical_columns,35,126,1.65,4.12,0.175,False,False
historical_columns,36,129,1.62,4.03,0.175,False,False
historical_columns,37,133,1.51,3.63,0.165,False,False
historical_columns,38,137,1.57,3.76,0.168,False,False
historical_columns,39,141,1.51,3.54,0.162,False,False
historical_columns,40,144,1.47,3.48,0.162,False,False
historical_columns,41,148,1.5,3.67,0.188,False,False
historical_columns,42,152,1.55,3.85,0.197,False,False
historical_columns,43,156,1.44,3.63,0.207,False,False
historical_columns,44,160,1.39,3.52,0.209,False,False
historical_columns,45,163,1.4,3.57,0.207,False,False
historical_columns,46,167,1.44,3.76,0.252,False,False
historical_columns,47,170,1.38,3.74,0.264,False,False
historical_columns,48,174,1.4,3.75,0.255,False,False
