model,cycle_from,cycle_to,n,fitted_updates_with_valid_tests,gpr_r2,gpr_mae,gpr_rmse,gpr_bias_observed_minus_predicted,gpr_coverage95,training_mean_baseline_r2,training_mean_baseline_mae,training_mean_baseline_rmse,training_mean_baseline_bias_observed_minus_predicted,gpr_mae_pp,training_mean_baseline_mae_pp,signal_sd_min,signal_sd_max,lengthscale_min,lengthscale_max,noise_variance_min,noise_variance_max,noise_lower_bound_updates_from_rounded_text,noise_within10x_lower_bound_updates
descriptors,2,8,28,7,0.46395154757231216,0.5438613372956806,0.7559363847019036,0.16518520970589792,0.8928571428571429,-0.48500841636558256,1.1428528539965987,1.2581942135942992,0.808815249829932,4.231991500484454,8.414702453555197,0.986,1.2,0.774,2.82,1e-08,0.00265,1,3
descriptors,9,16,32,8,0.3255456623438522,0.6370825962794858,0.867795173707646,-0.16938542088462505,0.96875,-0.3209779993813877,1.1056559778462858,1.2144754681576102,0.5752604423912893,9.404972286843442,14.259676190180947,1.21,1.36,1.8,2.13,0.00375,0.0147,0,0
descriptors,17,24,30,8,-0.1810472328845738,0.9266679094325034,1.1027155048206194,-0.06879818864014145,0.8333333333333334,-0.03774608748340036,0.776086131669857,1.0336545011977463,0.17013748509442123,12.282166809365728,9.965288337212995,1.32,1.51,1.72,2.58,0.0116,0.135,0,0
descriptors,25,32,25,7,0.2679762539204301,0.874649338561668,1.261148087692856,-0.3223612521692585,0.84,-0.01531050604001094,1.2564583920147838,1.485261559470416,-0.034873268461816306,9.241436706896629,15.218035634289032,1.36,1.42,1.45,2.45,0.0173,0.137,0,0
descriptors,33,40,29,8,0.4359035906200548,0.6103780172516003,0.8698029836469676,-0.20502474744824,0.9655172413793104,-0.0031004931232554434,1.02350933527195,1.159889047033258,0.008925617382392583,6.95556800205301,12.228329216006134,1.35,1.39,1.9,2.02,0.0822,0.102,0,0
descriptors,41,48,30,8,0.276218425081053,0.8309198677178403,1.110133612564349,-0.41197343965397487,0.9,-0.14612862442121233,1.1213729058809678,1.396973508168066,-0.5051922775817224,7.011885189038661,9.430213859751678,1.27,1.36,2.01,2.23,0.163,0.191,0,0
historical_columns,2,8,28,7,0.4798738018251817,0.5936109015585195,0.7446249614895696,0.19056061363226742,0.9285714285714286,-0.48500841636558256,1.1428528539965987,1.2581942135942992,0.808815249829932,4.688144885349899,8.414702453555197,0.983,1.19,1.43,3.57,1.75e-08,0.00823,0,1
historical_columns,9,16,32,8,0.27332207655122887,0.6483769056732533,0.9007659015646592,-0.23185253434498476,0.96875,-0.3209779993813877,1.1056559778462858,1.2144754681576102,0.5752604423912893,10.984455211910849,14.259676190180947,1.13,1.93,2.35,5.91,0.00156,0.0741,0,0
historical_columns,17,24,30,8,0.35427575497071884,0.6450152165977413,0.8153674955894863,-0.1090418412046395,0.8666666666666667,-0.03774608748340036,0.776086131669857,1.0336545011977463,0.17013748509442123,9.023507778459248,9.965288337212995,1.5,2.24,3.91,5.91,0.063,0.134,0,0
historical_columns,25,32,25,7,0.3256192250976736,0.8900120003777638,1.2104757446597032,-0.13598286400950885,0.68,-0.01531050604001094,1.2564583920147838,1.485261559470416,-0.034873268461816306,10.1164095785236,15.218035634289032,1.55,2.21,3.84,5.61,0.118,0.135,0,0
historical_columns,33,40,29,8,0.46340043791637353,0.6785921320239336,0.848338901221119,0.003628525659152661,0.9655172413793104,-0.0031004931232554434,1.02350933527195,1.159889047033258,0.008925617382392583,7.609775345252063,12.228329216006134,1.47,1.65,3.48,4.12,0.162,0.184,0,0
historical_columns,41,48,30,8,0.230466276060591,0.849969458755418,1.1446832273884624,-0.45075725252285903,0.8,-0.14612862442121233,1.1213729058809678,1.396973508168066,-0.5051922775817224,6.1757013862833094,9.430213859751678,1.38,1.55,3.52,3.85,0.188,0.264,0,0
