landscape,initial_n,method,runs,target_candidate_n,candidate_n,budget,random_exact_success_probability,hits95,observed_success_fraction,clopper_pearson95_low,clopper_pearson95_high,probability_all_10_random_runs_miss
descriptor_GP,4,descriptors,10,3,1500,192,0.33714001412601724,10,1.0,0.6915028921812392,1.0,0.01637638472097315
descriptor_GP,4,historical_columns,10,3,1500,192,0.33714001412601724,10,1.0,0.6915028921812392,1.0,0.01637638472097315
descriptor_GP,4,onehot,10,3,1500,192,0.33714001412601724,10,1.0,0.6915028921812392,1.0,0.01637638472097315
descriptor_GP,4,random,10,3,1500,192,0.33714001412601724,0,0.0,0.0,0.3084971078187608,0.01637638472097315
onehot_GP,4,descriptors,10,1,1500,192,0.12800000000000067,10,1.0,0.6915028921812392,1.0,0.2541937390027863
onehot_GP,4,historical_columns,10,1,1500,192,0.12800000000000067,10,1.0,0.6915028921812392,1.0,0.2541937390027863
onehot_GP,4,onehot,10,1,1500,192,0.12800000000000067,10,1.0,0.6915028921812392,1.0,0.2541937390027863
onehot_GP,4,random,10,1,1500,192,0.12800000000000067,0,0.0,0.0,0.3084971078187608,0.2541937390027863
onehot_RF,2,descriptors,10,8,1500,192,0.6666214824331023,10,1.0,0.6915028921812392,1.0,1.6958057785228353e-05
onehot_RF,2,onehot,10,8,1500,192,0.6666214824331023,10,1.0,0.6915028921812392,1.0,1.6958057785228353e-05
onehot_RF,2,random,10,8,1500,192,0.6666214824331023,4,0.4,0.12155225811982719,0.7376219233930549,1.6958057785228353e-05
onehot_RF,4,descriptors,10,8,1500,192,0.6666214824331023,10,1.0,0.6915028921812392,1.0,1.6958057785228353e-05
onehot_RF,4,historical_columns,10,8,1500,192,0.6666214824331023,10,1.0,0.6915028921812392,1.0,1.6958057785228353e-05
onehot_RF,4,onehot,10,8,1500,192,0.6666214824331023,10,1.0,0.6915028921812392,1.0,1.6958057785228353e-05
onehot_RF,4,random,10,8,1500,192,0.6666214824331023,4,0.4,0.12155225811982719,0.7376219233930549,1.6958057785228353e-05
onehot_RF,8,descriptors,10,8,1500,192,0.6666214824331023,10,1.0,0.6915028921812392,1.0,1.6958057785228353e-05
onehot_RF,8,onehot,10,8,1500,192,0.6666214824331023,10,1.0,0.6915028921812392,1.0,1.6958057785228353e-05
onehot_RF,8,random,10,8,1500,192,0.6666214824331023,4,0.4,0.12155225811982719,0.7376219233930549,1.6958057785228353e-05
onehot_RF,16,descriptors,10,8,1500,192,0.6666214824331023,10,1.0,0.6915028921812392,1.0,1.6958057785228353e-05
onehot_RF,16,onehot,10,8,1500,192,0.6666214824331023,10,1.0,0.6915028921812392,1.0,1.6958057785228353e-05
onehot_RF,16,random,10,8,1500,192,0.6666214824331023,4,0.4,0.12155225811982719,0.7376219233930549,1.6958057785228353e-05
