landscape,initial_n,method_A,method_B,metric,n_pairs,mean_A_minus_B,A_minus_B_median,A_minus_B_q25,A_minus_B_q75,A_greater,A_equal,A_lower
descriptor_GP,4,onehot,descriptors,mean_best_curve_pct,10,0.2742042382882929,0.40291794182193286,-0.3020039020635412,1.0488467708512026,7,0,3
descriptor_GP,4,onehot,descriptors,best24_pct,10,0.9249094756663915,2.865408876404727,0.37037368582462893,5.206236023778232,7,1,2
descriptor_GP,4,onehot,descriptors,best48_pct,10,1.4050731832640817,0.0,-0.35744188236438124,2.4167257531651174,4,3,3
descriptor_GP,4,onehot,descriptors,best96_pct,10,-0.12929831867614042,0.0,0.0,0.0,0,9,1
descriptor_GP,4,onehot,descriptors,best192_pct,10,0.0,0.0,0.0,0.0,0,10,0
descriptor_GP,4,historical_columns,descriptors,mean_best_curve_pct,10,0.34125996556519594,0.1859519992463774,0.07411074136143814,0.7624465822057473,8,0,2
descriptor_GP,4,historical_columns,descriptors,best24_pct,10,1.1735485286044505,0.20278378484609227,-1.007253260941484,3.965752486702712,5,0,5
descriptor_GP,4,historical_columns,descriptors,best48_pct,10,2.0858039737505183,0.6434178719870687,0.0,5.678037895931972,6,2,2
descriptor_GP,4,historical_columns,descriptors,best96_pct,10,0.0,0.0,0.0,0.0,0,10,0
descriptor_GP,4,historical_columns,descriptors,best192_pct,10,0.0,0.0,0.0,0.0,0,10,0
descriptor_GP,4,descriptors,random,mean_best_curve_pct,10,4.296914599330421,4.5081796871859225,3.4900669198759564,5.270052713655267,10,0,0
descriptor_GP,4,descriptors,random,best24_pct,10,2.2662500315771963,2.6674127809608983,-2.39786006546257,6.473673776413359,6,0,4
descriptor_GP,4,descriptors,random,best48_pct,10,5.140551601641484,4.662757030428994,3.071584375373714,7.7020812252936866,10,0,0
descriptor_GP,4,descriptors,random,best96_pct,10,5.709460375330037,5.478314084823957,4.300811566985871,7.658584107618603,10,0,0
descriptor_GP,4,descriptors,random,best192_pct,10,4.534385070798736,4.7180454558126605,3.6657009939940037,5.154254949090433,10,0,0
descriptor_GP,4,onehot,random,mean_best_curve_pct,10,4.571118837618714,4.963903983672422,3.5827303660390495,5.361597971714402,10,0,0
descriptor_GP,4,onehot,random,best24_pct,10,3.1911595072435883,3.512745491539123,-1.3093549915221905,9.581264395114452,5,0,5
descriptor_GP,4,onehot,random,best48_pct,10,6.5456247849055655,7.562203737961726,4.33705932466065,8.89593711815563,10,0,0
descriptor_GP,4,onehot,random,best96_pct,10,5.580162056653897,5.061080195997167,3.956925010155002,7.658584107618603,10,0,0
descriptor_GP,4,onehot,random,best192_pct,10,4.534385070798736,4.7180454558126605,3.6657009939940037,5.154254949090433,10,0,0
onehot_GP,4,onehot,descriptors,mean_best_curve_pct,10,3.62741728001575,3.532965902110824,2.222686254143362,5.0427955251725916,10,0,0
onehot_GP,4,onehot,descriptors,best24_pct,10,4.851022834860517,4.20931010536296,-4.537085909841002,14.688951499602373,6,0,4
onehot_GP,4,onehot,descriptors,best48_pct,10,10.104391023122208,10.510225509814667,6.770514295575788,15.25989009295677,8,1,1
onehot_GP,4,onehot,descriptors,best96_pct,10,3.904725085302565,6.2856576754282685,0.0,6.618983875542279,6,4,0
onehot_GP,4,onehot,descriptors,best192_pct,10,0.0,0.0,0.0,0.0,0,10,0
onehot_GP,4,historical_columns,descriptors,mean_best_curve_pct,10,3.45621971751315,3.374225454967359,1.9136622200015516,4.099595429877077,10,0,0
onehot_GP,4,historical_columns,descriptors,best24_pct,10,7.819984392686161,7.66226252091689,1.869525438170153,15.229551269614515,8,0,2
onehot_GP,4,historical_columns,descriptors,best48_pct,10,9.610193203987393,7.424777136702959,6.7300926089136155,14.784237786460178,9,1,0
onehot_GP,4,historical_columns,descriptors,best96_pct,10,3.904725085302565,6.2856576754282685,0.0,6.618983875542279,6,4,0
onehot_GP,4,historical_columns,descriptors,best192_pct,10,0.0,0.0,0.0,0.0,0,10,0
onehot_GP,4,descriptors,random,mean_best_curve_pct,10,5.628411882418898,3.95514257602753,3.5667943203938197,8.32090690343962,10,0,0
onehot_GP,4,descriptors,random,best24_pct,10,-3.546809181172884,-1.8473217426906778,-7.470221690150353,-0.4250967617829584,1,1,8
onehot_GP,4,descriptors,random,best48_pct,10,1.959773193237936,1.6865781075793578,-1.0680713854448456,5.551142749421288,6,1,3
onehot_GP,4,descriptors,random,best96_pct,10,7.427087961637175,5.744344424950096,3.420762243658663,12.60780558021731,10,0,0
onehot_GP,4,descriptors,random,best192_pct,10,10.65621588516856,10.05297128176057,7.958434145567219,13.466057335958292,10,0,0
onehot_GP,4,onehot,random,mean_best_curve_pct,10,9.255829162434647,8.923170562353029,6.565919291029447,12.13111257399343,10,0,0
onehot_GP,4,onehot,random,best24_pct,10,1.3042136536876328,4.649584470753075,-4.85541423475345,8.011077407204096,6,0,4
onehot_GP,4,onehot,random,best48_pct,10,12.064164216360144,10.89089118281423,7.958434145567219,15.499425311951327,10,0,0
onehot_GP,4,onehot,random,best96_pct,10,11.33181304693974,10.05297128176057,7.958434145567219,13.466057335958292,10,0,0
onehot_GP,4,onehot,random,best192_pct,10,10.65621588516856,10.05297128176057,7.958434145567219,13.466057335958292,10,0,0
onehot_RF,2,onehot,descriptors,mean_best_curve_pct,10,0.05683927755497962,-0.012116536413149248,-0.7629028200048449,0.8342036895207734,5,0,5
onehot_RF,2,onehot,descriptors,best24_pct,10,-4.8108697856909295,-4.565510097869424,-10.452446993451733,-0.01583001379009108,3,0,7
onehot_RF,2,onehot,descriptors,best48_pct,10,0.8735056277178082,0.12225653657576885,-0.6693103487073548,4.446417119171833,5,1,4
onehot_RF,2,onehot,descriptors,best96_pct,10,0.025230607425054074,0.0,0.0,0.0029223754121261436,3,7,0
onehot_RF,2,onehot,descriptors,best192_pct,10,0.0,0.0,0.0,0.0,0,10,0
onehot_RF,2,descriptors,random,mean_best_curve_pct,10,1.8322949835201308,1.7137105971466848,0.6473859655411491,3.2576977229658928,9,0,1
onehot_RF,2,descriptors,random,best24_pct,10,0.37200687927389636,0.47097143066201674,-4.435150549965829,5.1068683787436004,6,0,4
onehot_RF,2,descriptors,random,best48_pct,10,2.912681995357078,2.639100450249476,1.8688831825861385,5.348059972144265,9,0,1
onehot_RF,2,descriptors,random,best96_pct,10,3.391929004496731,2.1702698338698596,1.3281526536573942,3.8034821346384105,10,0,0
onehot_RF,2,descriptors,random,best192_pct,10,1.971058436450272,2.1702698338698596,1.0597438804205748,2.331458979037894,10,0,0
onehot_RF,2,onehot,random,mean_best_curve_pct,10,1.8891342610751103,1.7180741496432503,0.8663982759951798,3.0276130867391773,9,0,1
onehot_RF,2,onehot,random,best24_pct,10,-4.438862906417033,-5.99560179426501,-8.508192501102624,0.0,2,2,6
onehot_RF,2,onehot,random,best48_pct,10,3.7861876230748863,2.204394875276547,0.39784736660872255,7.960020392847492,7,1,2
onehot_RF,2,onehot,random,best96_pct,10,3.417159611921785,2.1702698338698596,1.3291267787947696,3.8034821346384105,10,0,0
onehot_RF,2,onehot,random,best192_pct,10,1.971058436450272,2.1702698338698596,1.0597438804205748,2.331458979037894,10,0,0
onehot_RF,4,onehot,descriptors,mean_best_curve_pct,10,0.8443608760007322,0.8980900656355288,-0.2660165702598629,1.3645630237855206,6,0,4
onehot_RF,4,onehot,descriptors,best24_pct,10,0.01344059847670671,-1.3821280048990534,-5.5829650424286035,5.916453437911927,4,0,6
onehot_RF,4,onehot,descriptors,best48_pct,10,2.484694692985758,0.9144815315231938,0.0009741251373753812,5.376804641944422,7,3,0
onehot_RF,4,onehot,descriptors,best96_pct,10,0.2469810042081292,0.0,0.0,0.003896500549501525,4,6,0
onehot_RF,4,onehot,descriptors,best192_pct,10,0.0,0.0,0.0,0.0,0,10,0
onehot_RF,4,historical_columns,descriptors,mean_best_curve_pct,10,0.7896616283180912,0.6253049723350124,0.24670794153483655,1.7076507150193052,8,0,2
onehot_RF,4,historical_columns,descriptors,best24_pct,10,0.14630921523961932,0.132977484258614,-1.1644749178133562,1.830527107641391,5,1,4
onehot_RF,4,historical_columns,descriptors,best48_pct,10,3.0319188042597536,2.311932753632444,0.20946297675041237,6.030753428201895,9,1,0
onehot_RF,4,historical_columns,descriptors,best96_pct,10,0.2469810042081292,0.0,0.0,0.003896500549501525,4,6,0
onehot_RF,4,historical_columns,descriptors,best192_pct,10,0.0,0.0,0.0,0.0,0,10,0
onehot_RF,4,descriptors,random,mean_best_curve_pct,10,1.6183153222238942,2.027689183243101,0.2265992520253306,2.9275510192221192,7,0,3
onehot_RF,4,descriptors,random,best24_pct,10,1.0222106015441157,2.532654555228211,-5.045075550390035,6.210360464097239,6,0,4
onehot_RF,4,descriptors,random,best48_pct,10,2.6872711005221688,2.074761959348077,0.8863060821955973,6.604526718180379,8,0,2
onehot_RF,4,descriptors,random,best96_pct,10,3.1701786077136562,2.1702698338698596,1.3281526536573942,3.8005597592262843,9,0,1
onehot_RF,4,descriptors,random,best192_pct,10,1.971058436450272,2.1702698338698596,1.0597438804205748,2.331458979037894,10,0,0
onehot_RF,4,onehot,random,mean_best_curve_pct,10,2.4626761982246266,2.4889168831846575,0.49954068636033355,3.588330668985713,9,0,1
onehot_RF,4,onehot,random,best24_pct,10,1.0356512000208222,0.6643291606723256,-2.7246334131861305,4.2766650600146106,6,0,4
onehot_RF,4,onehot,random,best48_pct,10,5.171965793507927,3.1449025166183073,1.3916847055380677,8.817679179059922,9,0,1
onehot_RF,4,onehot,random,best96_pct,10,3.417159611921785,2.1702698338698596,1.3291267787947696,3.8034821346384105,10,0,0
onehot_RF,4,onehot,random,best192_pct,10,1.971058436450272,2.1702698338698596,1.0597438804205748,2.331458979037894,10,0,0
onehot_RF,8,onehot,descriptors,mean_best_curve_pct,10,0.22537003847341702,0.16426875999838586,-0.21350574418295398,1.1549451623544096,6,0,4
onehot_RF,8,onehot,descriptors,best24_pct,10,-0.6805003173999173,-0.9433477587393408,-4.99505570078575,5.727227570132953,5,0,5
onehot_RF,8,onehot,descriptors,best48_pct,10,2.9435957348858772,1.6688695050232383,0.19740496405393415,5.801626235923248,9,0,1
onehot_RF,8,onehot,descriptors,best96_pct,10,0.16788191445060718,0.0,0.0,0.18338480486365327,3,7,0
onehot_RF,8,onehot,descriptors,best192_pct,10,0.0,0.0,0.0,0.0,0,10,0
onehot_RF,8,descriptors,random,mean_best_curve_pct,10,1.9344632032883506,1.6098134423749695,0.9683339385173451,2.46464883049281,10,0,0
onehot_RF,8,descriptors,random,best24_pct,10,-0.7392598243238606,0.8502187515735571,-3.8253015876827723,4.223641516204814,5,1,4
onehot_RF,8,descriptors,random,best48_pct,10,2.762121098777518,1.0729050697913358,-1.4226870307561263,3.248323544915248,6,1,3
onehot_RF,8,descriptors,random,best96_pct,10,3.249277697471179,2.1702698338698596,1.2339293365653727,3.8034821346384105,10,0,0
onehot_RF,8,descriptors,random,best192_pct,10,1.971058436450272,2.1702698338698596,1.0597438804205748,2.331458979037894,10,0,0
onehot_RF,8,onehot,random,mean_best_curve_pct,10,2.159833241761768,2.5605216237836146,1.1001412167082831,3.1498821691827494,8,0,2
onehot_RF,8,onehot,random,best24_pct,10,-1.4197601417237773,0.20095749534376495,-2.5036949507962385,2.1084234893872793,6,0,4
onehot_RF,8,onehot,random,best48_pct,10,5.705716833663395,3.439602750652499,2.1437851988079997,8.817679179059922,10,0,0
onehot_RF,8,onehot,random,best96_pct,10,3.417159611921785,2.1702698338698596,1.3291267787947696,3.8034821346384105,10,0,0
onehot_RF,8,onehot,random,best192_pct,10,1.971058436450272,2.1702698338698596,1.0597438804205748,2.331458979037894,10,0,0
onehot_RF,16,onehot,descriptors,mean_best_curve_pct,10,0.7425410418026214,0.3687997621141079,0.13711089104430574,1.360870452555213,10,0,0
onehot_RF,16,onehot,descriptors,best24_pct,10,-0.6728287998976462,0.0,-2.1747647297051698,0.0,2,4,4
onehot_RF,16,onehot,descriptors,best48_pct,10,3.2794659849542844,2.907444455720741,0.07981100223876858,6.6028267465416,8,0,2
onehot_RF,16,onehot,descriptors,best96_pct,10,0.13229815527552233,0.0019482502747507624,0.0,0.18435893000102865,5,5,0
onehot_RF,16,onehot,descriptors,best192_pct,10,0.0,0.0,0.0,0.0,0,10,0
onehot_RF,16,descriptors,random,mean_best_curve_pct,10,1.7093957015912415,1.679425406539158,0.8153617098776493,2.406080439426744,10,0,0
onehot_RF,16,descriptors,random,best24_pct,10,-0.829737923521131,0.0,-1.6327685167904606,0.6677920773125336,3,4,3
onehot_RF,16,descriptors,random,best48_pct,10,2.169760252927162,1.5448732817897994,-0.30125623602526286,5.788485091384547,7,0,3
onehot_RF,16,descriptors,random,best96_pct,10,3.284861456646263,2.079279021789951,1.3125197914094642,3.8034821346384105,10,0,0
onehot_RF,16,descriptors,random,best192_pct,10,1.971058436450272,2.1702698338698596,1.0597438804205748,2.331458979037894,10,0,0
onehot_RF,16,onehot,random,mean_best_curve_pct,10,2.451936743393863,2.5750728562674734,1.1712933246122228,3.1893285018084487,10,0,0
onehot_RF,16,onehot,random,best24_pct,10,-1.5025667234187772,0.0,-2.9756188097431577,0.0,2,4,4
onehot_RF,16,onehot,random,best48_pct,10,5.4492262378814456,3.682167573529286,1.4787638254668858,8.21263445186008,10,0,0
onehot_RF,16,onehot,random,best96_pct,10,3.417159611921785,2.1702698338698596,1.3291267787947696,3.8034821346384105,10,0,0
onehot_RF,16,onehot,random,best192_pct,10,1.971058436450272,2.1702698338698596,1.0597438804205748,2.331458979037894,10,0,0
