landscape,initial_n,method,runs,hits95,best24_pct_median,best24_pct_q25,best24_pct_q75,best48_pct_median,best48_pct_q25,best48_pct_q75,best96_pct_median,best96_pct_q25,best96_pct_q75,best192_pct_median,best192_pct_q25,best192_pct_q75,mean_best_curve_pct_median,mean_best_curve_pct_q25,mean_best_curve_pct_q75,n95_censored193_median,n95_censored193_q25,n95_censored193_q75
descriptor_GP,4,descriptors,10,10,27.98036127523614,25.68920363649792,30.62681818340109,34.65102321430828,29.61640319036338,35.13358661829858,35.29444108629535,35.29444108629535,35.29444108629535,35.29444108629535,35.29444108629535,35.29444108629535,32.572403869585514,31.917064848393377,33.09866887308005,38.5,27.0,49.75
descriptor_GP,4,historical_columns,10,10,28.79918160570985,24.732756868937845,34.50030656303016,35.29444108629535,35.29444108629535,35.29444108629535,35.29444108629535,35.29444108629535,35.29444108629535,35.29444108629535,35.29444108629535,35.29444108629535,33.176791306400006,32.40500909430689,33.550772624953225,32.0,24.25,42.5
descriptor_GP,4,onehot,10,10,30.260006847492704,24.66808360094005,33.530569172959105,34.326240556921114,34.001457899533946,35.29444108629535,35.29444108629535,35.29444108629535,35.29444108629535,35.29444108629535,35.29444108629535,35.29444108629535,32.89559704191549,32.23279717462853,33.389639145446345,37.0,26.5,42.5
descriptor_GP,4,random,10,0,25.434930700510343,24.268141998914064,25.945577033772377,26.542203974153466,25.62161397146947,28.93034335588381,29.816127001471393,27.63585697867675,30.99362951930948,30.57639563048269,30.140186137204918,31.628740092301346,27.8217311823994,27.407881627587255,28.83396284670547,193.0,193.0,193.0
onehot_GP,4,descriptors,10,10,26.055166782209774,21.7821873136223,30.38473115175986,34.72821071523998,26.91517681439268,39.83057895887357,40.31543557902109,39.98210937890708,46.60109325444936,46.60109325444936,46.60109325444936,46.60109325444936,38.8315564137379,37.74206581127984,39.87169173172024,102.0,93.5,115.0
onehot_GP,4,historical_columns,10,10,36.69629939367404,27.093494040622694,39.871000645535744,46.60109325444936,39.10918252537661,46.60109325444936,46.60109325444936,46.60109325444936,46.60109325444936,46.60109325444936,46.60109325444936,46.60109325444936,42.160228476584194,41.43452879237981,43.15393301446262,43.5,32.0,63.0
onehot_GP,4,onehot,10,10,32.56128040849936,24.847387753159666,36.56134713524842,46.60109325444936,41.43225873777763,46.60109325444936,46.60109325444936,46.60109325444936,46.60109325444936,46.60109325444936,46.60109325444936,46.60109325444936,42.682692834670625,41.7556802435477,43.626137228456415,40.5,29.75,49.0
onehot_GP,4,random,10,0,30.11311555029218,25.658063212154445,35.29395898481059,31.734626233514433,29.40452537510787,36.20977652347661,36.54812197268879,33.13503591849107,38.64265910888214,36.54812197268879,33.13503591849107,38.64265910888214,34.137837454128174,30.24057429177366,35.895930750232,193.0,193.0,193.0
onehot_RF,2,descriptors,10,10,26.717672062515987,23.968569576610076,29.874807268354864,32.82228490886742,28.080025030079717,32.890423256750445,33.13493632990198,33.13201395448986,33.13493632990198,33.13493632990198,33.13493632990198,33.13493632990198,30.64365375253461,29.908740053398915,31.359778006629863,41.0,27.5,56.25
onehot_RF,2,onehot,10,10,20.857276678302348,18.792037311200513,23.130554283390985,32.48592164210774,31.122963020014325,33.070885686201976,33.13493632990198,33.13493632990198,33.13493632990198,33.13493632990198,33.13493632990198,33.13493632990198,30.38737944385383,29.82567930499844,30.765981207679143,35.0,30.25,45.75
onehot_RF,2,random,10,4,26.33567182490039,21.95598872814059,30.405629984255366,29.450820506097948,24.314334775429934,30.991151131093982,30.964666496032123,29.33145419526357,31.805809551107213,30.964666496032123,30.80347735086409,32.075192449481406,28.0877405878024,27.31948106021907,30.138669867902124,193.0,69.75,193.0
onehot_RF,4,descriptors,10,10,26.584694578257373,25.39393327952759,30.06248104858476,30.409922373592966,27.088797020827197,32.925473353151574,33.13493632990198,33.13103982935248,33.13493632990198,33.13493632990198,33.13493632990198,33.13493632990198,30.39083220534529,29.428739682879993,30.91592994727591,50.5,33.0,81.25
onehot_RF,4,historical_columns,10,10,27.088797020827197,23.824448177198633,32.25782179669711,33.13493632990198,33.13201395448986,33.13493632990198,33.13493632990198,33.13493632990198,33.13493632990198,33.13493632990198,33.13493632990198,33.13493632990198,30.924658849299764,30.58575040869281,31.336168218035887,29.5,19.75,34.75
onehot_RF,4,onehot,10,10,25.960942522204633,23.499359848052073,30.880286147512233,33.13493632990198,33.13201395448986,33.13493632990198,33.13493632990198,33.13493632990198,33.13493632990198,33.13493632990198,33.13493632990198,33.13493632990198,30.845428144548208,30.3673896168211,31.532330264380835,31.0,25.25,41.0
onehot_RF,4,random,10,4,26.33567182490039,21.95598872814059,30.405629984255366,29.450820506097948,24.314334775429934,30.991151131093982,30.964666496032123,29.33145419526357,31.805809551107213,30.964666496032123,30.80347735086409,32.075192449481406,28.0877405878024,27.31948106021907,30.138669867902124,193.0,69.75,193.0
onehot_RF,8,descriptors,10,10,25.257160410579708,20.58040336446448,31.632386640782165,31.466066824878745,27.088797020827197,32.642803401875504,33.13493632990198,32.951551525038326,33.13493632990198,33.13493632990198,33.13493632990198,33.13493632990198,30.716826987105996,29.36715466844035,31.415568715642568,45.0,25.0,53.25
onehot_RF,8,onehot,10,10,24.249505928748427,20.815626965881624,30.71541317761248,33.13298807962723,32.890423256750445,33.13493632990198,33.13493632990198,33.13493632990198,33.13493632990198,33.13493632990198,33.13493632990198,33.13493632990198,30.7012335684131,30.38179900519068,30.960395938066238,32.5,25.0,38.5
onehot_RF,8,random,10,4,26.33567182490039,21.95598872814059,30.405629984255366,29.450820506097948,24.314334775429934,30.991151131093982,30.964666496032123,29.33145419526357,31.805809551107213,30.964666496032123,30.80347735086409,32.075192449481406,28.0877405878024,27.31948106021907,30.138669867902124,193.0,69.75,193.0
onehot_RF,16,descriptors,10,10,25.24715948037342,20.172588071313108,30.405629984255366,29.572653368178862,26.53210958336038,32.642803401875504,33.13298807962723,32.95057739990095,33.13493632990198,33.13493632990198,33.13493632990198,33.13493632990198,29.86631813966995,29.208867154160234,31.31953075774252,49.0,30.75,74.25
onehot_RF,16,onehot,10,10,22.100543969464706,18.64104689280052,30.405629984255366,32.94259319516844,32.142143402203615,33.13493632990198,33.13493632990198,33.13493632990198,33.13493632990198,33.13493632990198,33.13493632990198,33.13493632990198,30.68395780422282,30.384507628887462,31.49686235041466,31.5,27.0,33.75
onehot_RF,16,random,10,4,26.33567182490039,21.95598872814059,30.405629984255366,29.450820506097948,24.314334775429934,30.991151131093982,30.964666496032123,29.33145419526357,31.805809551107213,30.964666496032123,30.80347735086409,32.075192449481406,28.0877405878024,27.31948106021907,30.138669867902124,193.0,69.75,193.0
