expID,ligand,base,solvent,cone angle,TEP,calc P shift,pKa,Pauling ionic radii,Hansen-dD,Hansen-dP,Hansen-dH,objectives
1,1,1,1,165.87,2223.37,-5.7906,10.329,95,18.4,16.4,10.2,
2,2,1,1,166.8903697,2218.319819,-10.6026,10.329,95,18.4,16.4,10.2,
3,3,1,1,172.5642436,2217.825997,-8.6556,10.329,95,18.4,16.4,10.2,
4,4,1,1,211.3485433,2210.78491,-35.7969,10.329,95,18.4,16.4,10.2,
5,5,1,1,174.6629756,2218.794147,-5.7884,10.329,95,18.4,16.4,10.2,
6,6,1,1,166.26,2224.63,-9.8472,10.329,95,18.4,16.4,10.2,
7,7,1,1,165.4550225,2228.284751,-7.6658,10.329,95,18.4,16.4,10.2,
8,8,1,1,184.5942422,2234.942905,-10.0173,10.329,95,18.4,16.4,10.2,
9,9,1,1,172.55,2232.06,-76.7384,10.329,95,18.4,16.4,10.2,
10,10,1,1,165.5,2225.59,-10.3996,10.329,95,18.4,16.4,10.2,
11,11,1,1,174.3600174,2210.257593,8.0093,10.329,95,18.4,16.4,10.2,
12,12,1,1,185.3,2206.2,66.1445,10.329,95,18.4,16.4,10.2,
13,13,1,1,171.3953578,2213.980043,-29.2681,10.329,95,18.4,16.4,10.2,
14,14,1,1,120.02,2219.32,-63.3,10.329,95,18.4,16.4,10.2,
15,15,1,1,165.353392,2215.967354,-19.1672,10.329,95,18.4,16.4,10.2,
16,1,2,1,165.87,2223.37,-5.7906,6.351,95,18.4,16.4,10.2,-2.2118321904773235
17,2,2,1,166.8903697,2218.319819,-10.6026,6.351,95,18.4,16.4,10.2,
18,3,2,1,172.5642436,2217.825997,-8.6556,6.351,95,18.4,16.4,10.2,
19,4,2,1,211.3485433,2210.78491,-35.7969,6.351,95,18.4,16.4,10.2,
20,5,2,1,174.6629756,2218.794147,-5.7884,6.351,95,18.4,16.4,10.2,
21,6,2,1,166.26,2224.63,-9.8472,6.351,95,18.4,16.4,10.2,
22,7,2,1,165.4550225,2228.284751,-7.6658,6.351,95,18.4,16.4,10.2,
23,8,2,1,184.5942422,2234.942905,-10.0173,6.351,95,18.4,16.4,10.2,
24,9,2,1,172.55,2232.06,-76.7384,6.351,95,18.4,16.4,10.2,
25,10,2,1,165.5,2225.59,-10.3996,6.351,95,18.4,16.4,10.2,
26,11,2,1,174.3600174,2210.257593,8.0093,6.351,95,18.4,16.4,10.2,
27,12,2,1,185.3,2206.2,66.1445,6.351,95,18.4,16.4,10.2,
28,13,2,1,171.3953578,2213.980043,-29.2681,6.351,95,18.4,16.4,10.2,
29,14,2,1,120.02,2219.32,-63.3,6.351,95,18.4,16.4,10.2,
30,15,2,1,165.353392,2215.967354,-19.1672,6.351,95,18.4,16.4,10.2,
31,1,3,1,165.87,2223.37,-5.7906,13.997,95,18.4,16.4,10.2,
32,2,3,1,166.8903697,2218.319819,-10.6026,13.997,95,18.4,16.4,10.2,
33,3,3,1,172.5642436,2217.825997,-8.6556,13.997,95,18.4,16.4,10.2,
34,4,3,1,211.3485433,2210.78491,-35.7969,13.997,95,18.4,16.4,10.2,
35,5,3,1,174.6629756,2218.794147,-5.7884,13.997,95,18.4,16.4,10.2,
36,6,3,1,166.26,2224.63,-9.8472,13.997,95,18.4,16.4,10.2,
37,7,3,1,165.4550225,2228.284751,-7.6658,13.997,95,18.4,16.4,10.2,
38,8,3,1,184.5942422,2234.942905,-10.0173,13.997,95,18.4,16.4,10.2,
39,9,3,1,172.55,2232.06,-76.7384,13.997,95,18.4,16.4,10.2,
40,10,3,1,165.5,2225.59,-10.3996,13.997,95,18.4,16.4,10.2,
41,11,3,1,174.3600174,2210.257593,8.0093,13.997,95,18.4,16.4,10.2,
42,12,3,1,185.3,2206.2,66.1445,13.997,95,18.4,16.4,10.2,
43,13,3,1,171.3953578,2213.980043,-29.2681,13.997,95,18.4,16.4,10.2,
44,14,3,1,120.02,2219.32,-63.3,13.997,95,18.4,16.4,10.2,
45,15,3,1,165.353392,2215.967354,-19.1672,13.997,95,18.4,16.4,10.2,
46,1,4,1,165.87,2223.37,-5.7906,10.329,133,18.4,16.4,10.2,
47,2,4,1,166.8903697,2218.319819,-10.6026,10.329,133,18.4,16.4,10.2,
48,3,4,1,172.5642436,2217.825997,-8.6556,10.329,133,18.4,16.4,10.2,
49,4,4,1,211.3485433,2210.78491,-35.7969,10.329,133,18.4,16.4,10.2,
50,5,4,1,174.6629756,2218.794147,-5.7884,10.329,133,18.4,16.4,10.2,-2.5419967639865653
51,6,4,1,166.26,2224.63,-9.8472,10.329,133,18.4,16.4,10.2,
52,7,4,1,165.4550225,2228.284751,-7.6658,10.329,133,18.4,16.4,10.2,
53,8,4,1,184.5942422,2234.942905,-10.0173,10.329,133,18.4,16.4,10.2,
54,9,4,1,172.55,2232.06,-76.7384,10.329,133,18.4,16.4,10.2,
55,10,4,1,165.5,2225.59,-10.3996,10.329,133,18.4,16.4,10.2,
56,11,4,1,174.3600174,2210.257593,8.0093,10.329,133,18.4,16.4,10.2,
57,12,4,1,185.3,2206.2,66.1445,10.329,133,18.4,16.4,10.2,
58,13,4,1,171.3953578,2213.980043,-29.2681,10.329,133,18.4,16.4,10.2,
59,14,4,1,120.02,2219.32,-63.3,10.329,133,18.4,16.4,10.2,
60,15,4,1,165.353392,2215.967354,-19.1672,10.329,133,18.4,16.4,10.2,
61,1,5,1,165.87,2223.37,-5.7906,13.997,133,18.4,16.4,10.2,
62,2,5,1,166.8903697,2218.319819,-10.6026,13.997,133,18.4,16.4,10.2,
63,3,5,1,172.5642436,2217.825997,-8.6556,13.997,133,18.4,16.4,10.2,
64,4,5,1,211.3485433,2210.78491,-35.7969,13.997,133,18.4,16.4,10.2,
65,5,5,1,174.6629756,2218.794147,-5.7884,13.997,133,18.4,16.4,10.2,
66,6,5,1,166.26,2224.63,-9.8472,13.997,133,18.4,16.4,10.2,
67,7,5,1,165.4550225,2228.284751,-7.6658,13.997,133,18.4,16.4,10.2,
68,8,5,1,184.5942422,2234.942905,-10.0173,13.997,133,18.4,16.4,10.2,
69,9,5,1,172.55,2232.06,-76.7384,13.997,133,18.4,16.4,10.2,
70,10,5,1,165.5,2225.59,-10.3996,13.997,133,18.4,16.4,10.2,
71,11,5,1,174.3600174,2210.257593,8.0093,13.997,133,18.4,16.4,10.2,
72,12,5,1,185.3,2206.2,66.1445,13.997,133,18.4,16.4,10.2,
73,13,5,1,171.3953578,2213.980043,-29.2681,13.997,133,18.4,16.4,10.2,
74,14,5,1,120.02,2219.32,-63.3,13.997,133,18.4,16.4,10.2,
75,15,5,1,165.353392,2215.967354,-19.1672,13.997,133,18.4,16.4,10.2,
76,1,6,1,165.87,2223.37,-5.7906,12.375,133,18.4,16.4,10.2,
77,2,6,1,166.8903697,2218.319819,-10.6026,12.375,133,18.4,16.4,10.2,
78,3,6,1,172.5642436,2217.825997,-8.6556,12.375,133,18.4,16.4,10.2,
79,4,6,1,211.3485433,2210.78491,-35.7969,12.375,133,18.4,16.4,10.2,
80,5,6,1,174.6629756,2218.794147,-5.7884,12.375,133,18.4,16.4,10.2,
81,6,6,1,166.26,2224.63,-9.8472,12.375,133,18.4,16.4,10.2,
82,7,6,1,165.4550225,2228.284751,-7.6658,12.375,133,18.4,16.4,10.2,
83,8,6,1,184.5942422,2234.942905,-10.0173,12.375,133,18.4,16.4,10.2,
84,9,6,1,172.55,2232.06,-76.7384,12.375,133,18.4,16.4,10.2,
85,10,6,1,165.5,2225.59,-10.3996,12.375,133,18.4,16.4,10.2,
86,11,6,1,174.3600174,2210.257593,8.0093,12.375,133,18.4,16.4,10.2,
87,12,6,1,185.3,2206.2,66.1445,12.375,133,18.4,16.4,10.2,
88,13,6,1,171.3953578,2213.980043,-29.2681,12.375,133,18.4,16.4,10.2,
89,14,6,1,120.02,2219.32,-63.3,12.375,133,18.4,16.4,10.2,
90,15,6,1,165.353392,2215.967354,-19.1672,12.375,133,18.4,16.4,10.2,
91,1,7,1,165.87,2223.37,-5.7906,4.756,133,18.4,16.4,10.2,
92,2,7,1,166.8903697,2218.319819,-10.6026,4.756,133,18.4,16.4,10.2,
93,3,7,1,172.5642436,2217.825997,-8.6556,4.756,133,18.4,16.4,10.2,
94,4,7,1,211.3485433,2210.78491,-35.7969,4.756,133,18.4,16.4,10.2,
95,5,7,1,174.6629756,2218.794147,-5.7884,4.756,133,18.4,16.4,10.2,
96,6,7,1,166.26,2224.63,-9.8472,4.756,133,18.4,16.4,10.2,
97,7,7,1,165.4550225,2228.284751,-7.6658,4.756,133,18.4,16.4,10.2,
98,8,7,1,184.5942422,2234.942905,-10.0173,4.756,133,18.4,16.4,10.2,
99,9,7,1,172.55,2232.06,-76.7384,4.756,133,18.4,16.4,10.2,
100,10,7,1,165.5,2225.59,-10.3996,4.756,133,18.4,16.4,10.2,
101,11,7,1,174.3600174,2210.257593,8.0093,4.756,133,18.4,16.4,10.2,
102,12,7,1,185.3,2206.2,66.1445,4.756,133,18.4,16.4,10.2,
103,13,7,1,171.3953578,2213.980043,-29.2681,4.756,133,18.4,16.4,10.2,
104,14,7,1,120.02,2219.32,-63.3,4.756,133,18.4,16.4,10.2,
105,15,7,1,165.353392,2215.967354,-19.1672,4.756,133,18.4,16.4,10.2,
106,1,8,1,165.87,2223.37,-5.7906,10.329,169,18.4,16.4,10.2,
107,2,8,1,166.8903697,2218.319819,-10.6026,10.329,169,18.4,16.4,10.2,
108,3,8,1,172.5642436,2217.825997,-8.6556,10.329,169,18.4,16.4,10.2,
109,4,8,1,211.3485433,2210.78491,-35.7969,10.329,169,18.4,16.4,10.2,
110,5,8,1,174.6629756,2218.794147,-5.7884,10.329,169,18.4,16.4,10.2,
111,6,8,1,166.26,2224.63,-9.8472,10.329,169,18.4,16.4,10.2,
112,7,8,1,165.4550225,2228.284751,-7.6658,10.329,169,18.4,16.4,10.2,
113,8,8,1,184.5942422,2234.942905,-10.0173,10.329,169,18.4,16.4,10.2,
114,9,8,1,172.55,2232.06,-76.7384,10.329,169,18.4,16.4,10.2,
115,10,8,1,165.5,2225.59,-10.3996,10.329,169,18.4,16.4,10.2,
116,11,8,1,174.3600174,2210.257593,8.0093,10.329,169,18.4,16.4,10.2,-4.040120601915581
117,12,8,1,185.3,2206.2,66.1445,10.329,169,18.4,16.4,10.2,
118,13,8,1,171.3953578,2213.980043,-29.2681,10.329,169,18.4,16.4,10.2,
119,14,8,1,120.02,2219.32,-63.3,10.329,169,18.4,16.4,10.2,
120,15,8,1,165.353392,2215.967354,-19.1672,10.329,169,18.4,16.4,10.2,
121,1,9,1,165.87,2223.37,-5.7906,3.17,169,18.4,16.4,10.2,
122,2,9,1,166.8903697,2218.319819,-10.6026,3.17,169,18.4,16.4,10.2,
123,3,9,1,172.5642436,2217.825997,-8.6556,3.17,169,18.4,16.4,10.2,-2.032532425049917
124,4,9,1,211.3485433,2210.78491,-35.7969,3.17,169,18.4,16.4,10.2,
125,5,9,1,174.6629756,2218.794147,-5.7884,3.17,169,18.4,16.4,10.2,
126,6,9,1,166.26,2224.63,-9.8472,3.17,169,18.4,16.4,10.2,
127,7,9,1,165.4550225,2228.284751,-7.6658,3.17,169,18.4,16.4,10.2,
128,8,9,1,184.5942422,2234.942905,-10.0173,3.17,169,18.4,16.4,10.2,
129,9,9,1,172.55,2232.06,-76.7384,3.17,169,18.4,16.4,10.2,
130,10,9,1,165.5,2225.59,-10.3996,3.17,169,18.4,16.4,10.2,
131,11,9,1,174.3600174,2210.257593,8.0093,3.17,169,18.4,16.4,10.2,
132,12,9,1,185.3,2206.2,66.1445,3.17,169,18.4,16.4,10.2,
133,13,9,1,171.3953578,2213.980043,-29.2681,3.17,169,18.4,16.4,10.2,
134,14,9,1,120.02,2219.32,-63.3,3.17,169,18.4,16.4,10.2,
135,15,9,1,165.353392,2215.967354,-19.1672,3.17,169,18.4,16.4,10.2,
136,1,10,1,165.87,2223.37,-5.7906,13.997,322,18.4,16.4,10.2,
137,2,10,1,166.8903697,2218.319819,-10.6026,13.997,322,18.4,16.4,10.2,
138,3,10,1,172.5642436,2217.825997,-8.6556,13.997,322,18.4,16.4,10.2,
139,4,10,1,211.3485433,2210.78491,-35.7969,13.997,322,18.4,16.4,10.2,-3.8986606638534234
140,5,10,1,174.6629756,2218.794147,-5.7884,13.997,322,18.4,16.4,10.2,
141,6,10,1,166.26,2224.63,-9.8472,13.997,322,18.4,16.4,10.2,
142,7,10,1,165.4550225,2228.284751,-7.6658,13.997,322,18.4,16.4,10.2,
143,8,10,1,184.5942422,2234.942905,-10.0173,13.997,322,18.4,16.4,10.2,
144,9,10,1,172.55,2232.06,-76.7384,13.997,322,18.4,16.4,10.2,
145,10,10,1,165.5,2225.59,-10.3996,13.997,322,18.4,16.4,10.2,
146,11,10,1,174.3600174,2210.257593,8.0093,13.997,322,18.4,16.4,10.2,
147,12,10,1,185.3,2206.2,66.1445,13.997,322,18.4,16.4,10.2,-2.492790507602249
148,13,10,1,171.3953578,2213.980043,-29.2681,13.997,322,18.4,16.4,10.2,
149,14,10,1,120.02,2219.32,-63.3,13.997,322,18.4,16.4,10.2,
150,15,10,1,165.353392,2215.967354,-19.1672,13.997,322,18.4,16.4,10.2,
151,1,1,2,165.87,2223.37,-5.7906,10.329,95,17.4,13.7,11.3,-1.7755345573084622
152,2,1,2,166.8903697,2218.319819,-10.6026,10.329,95,17.4,13.7,11.3,
153,3,1,2,172.5642436,2217.825997,-8.6556,10.329,95,17.4,13.7,11.3,
154,4,1,2,211.3485433,2210.78491,-35.7969,10.329,95,17.4,13.7,11.3,
155,5,1,2,174.6629756,2218.794147,-5.7884,10.329,95,17.4,13.7,11.3,
156,6,1,2,166.26,2224.63,-9.8472,10.329,95,17.4,13.7,11.3,
157,7,1,2,165.4550225,2228.284751,-7.6658,10.329,95,17.4,13.7,11.3,
158,8,1,2,184.5942422,2234.942905,-10.0173,10.329,95,17.4,13.7,11.3,
159,9,1,2,172.55,2232.06,-76.7384,10.329,95,17.4,13.7,11.3,
160,10,1,2,165.5,2225.59,-10.3996,10.329,95,17.4,13.7,11.3,
161,11,1,2,174.3600174,2210.257593,8.0093,10.329,95,17.4,13.7,11.3,
162,12,1,2,185.3,2206.2,66.1445,10.329,95,17.4,13.7,11.3,
163,13,1,2,171.3953578,2213.980043,-29.2681,10.329,95,17.4,13.7,11.3,
164,14,1,2,120.02,2219.32,-63.3,10.329,95,17.4,13.7,11.3,
165,15,1,2,165.353392,2215.967354,-19.1672,10.329,95,17.4,13.7,11.3,
166,1,2,2,165.87,2223.37,-5.7906,6.351,95,17.4,13.7,11.3,
167,2,2,2,166.8903697,2218.319819,-10.6026,6.351,95,17.4,13.7,11.3,
168,3,2,2,172.5642436,2217.825997,-8.6556,6.351,95,17.4,13.7,11.3,
169,4,2,2,211.3485433,2210.78491,-35.7969,6.351,95,17.4,13.7,11.3,-4.028494470271521
170,5,2,2,174.6629756,2218.794147,-5.7884,6.351,95,17.4,13.7,11.3,
171,6,2,2,166.26,2224.63,-9.8472,6.351,95,17.4,13.7,11.3,
172,7,2,2,165.4550225,2228.284751,-7.6658,6.351,95,17.4,13.7,11.3,
173,8,2,2,184.5942422,2234.942905,-10.0173,6.351,95,17.4,13.7,11.3,
174,9,2,2,172.55,2232.06,-76.7384,6.351,95,17.4,13.7,11.3,
175,10,2,2,165.5,2225.59,-10.3996,6.351,95,17.4,13.7,11.3,
176,11,2,2,174.3600174,2210.257593,8.0093,6.351,95,17.4,13.7,11.3,
177,12,2,2,185.3,2206.2,66.1445,6.351,95,17.4,13.7,11.3,
178,13,2,2,171.3953578,2213.980043,-29.2681,6.351,95,17.4,13.7,11.3,
179,14,2,2,120.02,2219.32,-63.3,6.351,95,17.4,13.7,11.3,
180,15,2,2,165.353392,2215.967354,-19.1672,6.351,95,17.4,13.7,11.3,
181,1,3,2,165.87,2223.37,-5.7906,13.997,95,17.4,13.7,11.3,
182,2,3,2,166.8903697,2218.319819,-10.6026,13.997,95,17.4,13.7,11.3,
183,3,3,2,172.5642436,2217.825997,-8.6556,13.997,95,17.4,13.7,11.3,
184,4,3,2,211.3485433,2210.78491,-35.7969,13.997,95,17.4,13.7,11.3,
185,5,3,2,174.6629756,2218.794147,-5.7884,13.997,95,17.4,13.7,11.3,
186,6,3,2,166.26,2224.63,-9.8472,13.997,95,17.4,13.7,11.3,
187,7,3,2,165.4550225,2228.284751,-7.6658,13.997,95,17.4,13.7,11.3,
188,8,3,2,184.5942422,2234.942905,-10.0173,13.997,95,17.4,13.7,11.3,
189,9,3,2,172.55,2232.06,-76.7384,13.997,95,17.4,13.7,11.3,-2.5772089118684836
190,10,3,2,165.5,2225.59,-10.3996,13.997,95,17.4,13.7,11.3,
191,11,3,2,174.3600174,2210.257593,8.0093,13.997,95,17.4,13.7,11.3,
192,12,3,2,185.3,2206.2,66.1445,13.997,95,17.4,13.7,11.3,
193,13,3,2,171.3953578,2213.980043,-29.2681,13.997,95,17.4,13.7,11.3,
194,14,3,2,120.02,2219.32,-63.3,13.997,95,17.4,13.7,11.3,
195,15,3,2,165.353392,2215.967354,-19.1672,13.997,95,17.4,13.7,11.3,
196,1,4,2,165.87,2223.37,-5.7906,10.329,133,17.4,13.7,11.3,
197,2,4,2,166.8903697,2218.319819,-10.6026,10.329,133,17.4,13.7,11.3,
198,3,4,2,172.5642436,2217.825997,-8.6556,10.329,133,17.4,13.7,11.3,
199,4,4,2,211.3485433,2210.78491,-35.7969,10.329,133,17.4,13.7,11.3,
200,5,4,2,174.6629756,2218.794147,-5.7884,10.329,133,17.4,13.7,11.3,
201,6,4,2,166.26,2224.63,-9.8472,10.329,133,17.4,13.7,11.3,
202,7,4,2,165.4550225,2228.284751,-7.6658,10.329,133,17.4,13.7,11.3,
203,8,4,2,184.5942422,2234.942905,-10.0173,10.329,133,17.4,13.7,11.3,
204,9,4,2,172.55,2232.06,-76.7384,10.329,133,17.4,13.7,11.3,
205,10,4,2,165.5,2225.59,-10.3996,10.329,133,17.4,13.7,11.3,
206,11,4,2,174.3600174,2210.257593,8.0093,10.329,133,17.4,13.7,11.3,
207,12,4,2,185.3,2206.2,66.1445,10.329,133,17.4,13.7,11.3,
208,13,4,2,171.3953578,2213.980043,-29.2681,10.329,133,17.4,13.7,11.3,
209,14,4,2,120.02,2219.32,-63.3,10.329,133,17.4,13.7,11.3,
210,15,4,2,165.353392,2215.967354,-19.1672,10.329,133,17.4,13.7,11.3,
211,1,5,2,165.87,2223.37,-5.7906,13.997,133,17.4,13.7,11.3,
212,2,5,2,166.8903697,2218.319819,-10.6026,13.997,133,17.4,13.7,11.3,
213,3,5,2,172.5642436,2217.825997,-8.6556,13.997,133,17.4,13.7,11.3,
214,4,5,2,211.3485433,2210.78491,-35.7969,13.997,133,17.4,13.7,11.3,
215,5,5,2,174.6629756,2218.794147,-5.7884,13.997,133,17.4,13.7,11.3,
216,6,5,2,166.26,2224.63,-9.8472,13.997,133,17.4,13.7,11.3,
217,7,5,2,165.4550225,2228.284751,-7.6658,13.997,133,17.4,13.7,11.3,
218,8,5,2,184.5942422,2234.942905,-10.0173,13.997,133,17.4,13.7,11.3,
219,9,5,2,172.55,2232.06,-76.7384,13.997,133,17.4,13.7,11.3,-1.8939687219441697
220,10,5,2,165.5,2225.59,-10.3996,13.997,133,17.4,13.7,11.3,
221,11,5,2,174.3600174,2210.257593,8.0093,13.997,133,17.4,13.7,11.3,
222,12,5,2,185.3,2206.2,66.1445,13.997,133,17.4,13.7,11.3,
223,13,5,2,171.3953578,2213.980043,-29.2681,13.997,133,17.4,13.7,11.3,
224,14,5,2,120.02,2219.32,-63.3,13.997,133,17.4,13.7,11.3,
225,15,5,2,165.353392,2215.967354,-19.1672,13.997,133,17.4,13.7,11.3,
226,1,6,2,165.87,2223.37,-5.7906,12.375,133,17.4,13.7,11.3,
227,2,6,2,166.8903697,2218.319819,-10.6026,12.375,133,17.4,13.7,11.3,
228,3,6,2,172.5642436,2217.825997,-8.6556,12.375,133,17.4,13.7,11.3,
229,4,6,2,211.3485433,2210.78491,-35.7969,12.375,133,17.4,13.7,11.3,
230,5,6,2,174.6629756,2218.794147,-5.7884,12.375,133,17.4,13.7,11.3,
231,6,6,2,166.26,2224.63,-9.8472,12.375,133,17.4,13.7,11.3,
232,7,6,2,165.4550225,2228.284751,-7.6658,12.375,133,17.4,13.7,11.3,
233,8,6,2,184.5942422,2234.942905,-10.0173,12.375,133,17.4,13.7,11.3,
234,9,6,2,172.55,2232.06,-76.7384,12.375,133,17.4,13.7,11.3,
235,10,6,2,165.5,2225.59,-10.3996,12.375,133,17.4,13.7,11.3,
236,11,6,2,174.3600174,2210.257593,8.0093,12.375,133,17.4,13.7,11.3,
237,12,6,2,185.3,2206.2,66.1445,12.375,133,17.4,13.7,11.3,
238,13,6,2,171.3953578,2213.980043,-29.2681,12.375,133,17.4,13.7,11.3,
239,14,6,2,120.02,2219.32,-63.3,12.375,133,17.4,13.7,11.3,
240,15,6,2,165.353392,2215.967354,-19.1672,12.375,133,17.4,13.7,11.3,
241,1,7,2,165.87,2223.37,-5.7906,4.756,133,17.4,13.7,11.3,
242,2,7,2,166.8903697,2218.319819,-10.6026,4.756,133,17.4,13.7,11.3,
243,3,7,2,172.5642436,2217.825997,-8.6556,4.756,133,17.4,13.7,11.3,-2.837644671287144
244,4,7,2,211.3485433,2210.78491,-35.7969,4.756,133,17.4,13.7,11.3,
245,5,7,2,174.6629756,2218.794147,-5.7884,4.756,133,17.4,13.7,11.3,
246,6,7,2,166.26,2224.63,-9.8472,4.756,133,17.4,13.7,11.3,
247,7,7,2,165.4550225,2228.284751,-7.6658,4.756,133,17.4,13.7,11.3,
248,8,7,2,184.5942422,2234.942905,-10.0173,4.756,133,17.4,13.7,11.3,
249,9,7,2,172.55,2232.06,-76.7384,4.756,133,17.4,13.7,11.3,
250,10,7,2,165.5,2225.59,-10.3996,4.756,133,17.4,13.7,11.3,
251,11,7,2,174.3600174,2210.257593,8.0093,4.756,133,17.4,13.7,11.3,
252,12,7,2,185.3,2206.2,66.1445,4.756,133,17.4,13.7,11.3,
253,13,7,2,171.3953578,2213.980043,-29.2681,4.756,133,17.4,13.7,11.3,
254,14,7,2,120.02,2219.32,-63.3,4.756,133,17.4,13.7,11.3,
255,15,7,2,165.353392,2215.967354,-19.1672,4.756,133,17.4,13.7,11.3,
256,1,8,2,165.87,2223.37,-5.7906,10.329,169,17.4,13.7,11.3,-2.0280492910675263
257,2,8,2,166.8903697,2218.319819,-10.6026,10.329,169,17.4,13.7,11.3,
258,3,8,2,172.5642436,2217.825997,-8.6556,10.329,169,17.4,13.7,11.3,
259,4,8,2,211.3485433,2210.78491,-35.7969,10.329,169,17.4,13.7,11.3,
260,5,8,2,174.6629756,2218.794147,-5.7884,10.329,169,17.4,13.7,11.3,
261,6,8,2,166.26,2224.63,-9.8472,10.329,169,17.4,13.7,11.3,
262,7,8,2,165.4550225,2228.284751,-7.6658,10.329,169,17.4,13.7,11.3,
263,8,8,2,184.5942422,2234.942905,-10.0173,10.329,169,17.4,13.7,11.3,
264,9,8,2,172.55,2232.06,-76.7384,10.329,169,17.4,13.7,11.3,
265,10,8,2,165.5,2225.59,-10.3996,10.329,169,17.4,13.7,11.3,
266,11,8,2,174.3600174,2210.257593,8.0093,10.329,169,17.4,13.7,11.3,
267,12,8,2,185.3,2206.2,66.1445,10.329,169,17.4,13.7,11.3,
268,13,8,2,171.3953578,2213.980043,-29.2681,10.329,169,17.4,13.7,11.3,
269,14,8,2,120.02,2219.32,-63.3,10.329,169,17.4,13.7,11.3,
270,15,8,2,165.353392,2215.967354,-19.1672,10.329,169,17.4,13.7,11.3,
271,1,9,2,165.87,2223.37,-5.7906,3.17,169,17.4,13.7,11.3,
272,2,9,2,166.8903697,2218.319819,-10.6026,3.17,169,17.4,13.7,11.3,
273,3,9,2,172.5642436,2217.825997,-8.6556,3.17,169,17.4,13.7,11.3,
274,4,9,2,211.3485433,2210.78491,-35.7969,3.17,169,17.4,13.7,11.3,
275,5,9,2,174.6629756,2218.794147,-5.7884,3.17,169,17.4,13.7,11.3,
276,6,9,2,166.26,2224.63,-9.8472,3.17,169,17.4,13.7,11.3,
277,7,9,2,165.4550225,2228.284751,-7.6658,3.17,169,17.4,13.7,11.3,
278,8,9,2,184.5942422,2234.942905,-10.0173,3.17,169,17.4,13.7,11.3,-3.161313431268041
279,9,9,2,172.55,2232.06,-76.7384,3.17,169,17.4,13.7,11.3,-2.853518875975723
280,10,9,2,165.5,2225.59,-10.3996,3.17,169,17.4,13.7,11.3,
281,11,9,2,174.3600174,2210.257593,8.0093,3.17,169,17.4,13.7,11.3,
282,12,9,2,185.3,2206.2,66.1445,3.17,169,17.4,13.7,11.3,
283,13,9,2,171.3953578,2213.980043,-29.2681,3.17,169,17.4,13.7,11.3,
284,14,9,2,120.02,2219.32,-63.3,3.17,169,17.4,13.7,11.3,
285,15,9,2,165.353392,2215.967354,-19.1672,3.17,169,17.4,13.7,11.3,
286,1,10,2,165.87,2223.37,-5.7906,13.997,322,17.4,13.7,11.3,
287,2,10,2,166.8903697,2218.319819,-10.6026,13.997,322,17.4,13.7,11.3,
288,3,10,2,172.5642436,2217.825997,-8.6556,13.997,322,17.4,13.7,11.3,
289,4,10,2,211.3485433,2210.78491,-35.7969,13.997,322,17.4,13.7,11.3,
290,5,10,2,174.6629756,2218.794147,-5.7884,13.997,322,17.4,13.7,11.3,
291,6,10,2,166.26,2224.63,-9.8472,13.997,322,17.4,13.7,11.3,
292,7,10,2,165.4550225,2228.284751,-7.6658,13.997,322,17.4,13.7,11.3,
293,8,10,2,184.5942422,2234.942905,-10.0173,13.997,322,17.4,13.7,11.3,
294,9,10,2,172.55,2232.06,-76.7384,13.997,322,17.4,13.7,11.3,-2.349125574324207
295,10,10,2,165.5,2225.59,-10.3996,13.997,322,17.4,13.7,11.3,-2.596470867574428
296,11,10,2,174.3600174,2210.257593,8.0093,13.997,322,17.4,13.7,11.3,
297,12,10,2,185.3,2206.2,66.1445,13.997,322,17.4,13.7,11.3,
298,13,10,2,171.3953578,2213.980043,-29.2681,13.997,322,17.4,13.7,11.3,
299,14,10,2,120.02,2219.32,-63.3,13.997,322,17.4,13.7,11.3,-4.02762885133542
300,15,10,2,165.353392,2215.967354,-19.1672,13.997,322,17.4,13.7,11.3,
301,1,1,3,165.87,2223.37,-5.7906,10.329,95,15.3,18,6.1,-1.1206044003196618
302,2,1,3,166.8903697,2218.319819,-10.6026,10.329,95,15.3,18,6.1,-1.3546216695353854
303,3,1,3,172.5642436,2217.825997,-8.6556,10.329,95,15.3,18,6.1,
304,4,1,3,211.3485433,2210.78491,-35.7969,10.329,95,15.3,18,6.1,
305,5,1,3,174.6629756,2218.794147,-5.7884,10.329,95,15.3,18,6.1,
306,6,1,3,166.26,2224.63,-9.8472,10.329,95,15.3,18,6.1,-1.4582852285974035
307,7,1,3,165.4550225,2228.284751,-7.6658,10.329,95,15.3,18,6.1,
308,8,1,3,184.5942422,2234.942905,-10.0173,10.329,95,15.3,18,6.1,
309,9,1,3,172.55,2232.06,-76.7384,10.329,95,15.3,18,6.1,-2.3824492806763864
310,10,1,3,165.5,2225.59,-10.3996,10.329,95,15.3,18,6.1,
311,11,1,3,174.3600174,2210.257593,8.0093,10.329,95,15.3,18,6.1,
312,12,1,3,185.3,2206.2,66.1445,10.329,95,15.3,18,6.1,
313,13,1,3,171.3953578,2213.980043,-29.2681,10.329,95,15.3,18,6.1,
314,14,1,3,120.02,2219.32,-63.3,10.329,95,15.3,18,6.1,
315,15,1,3,165.353392,2215.967354,-19.1672,10.329,95,15.3,18,6.1,
316,1,2,3,165.87,2223.37,-5.7906,6.351,95,15.3,18,6.1,
317,2,2,3,166.8903697,2218.319819,-10.6026,6.351,95,15.3,18,6.1,
318,3,2,3,172.5642436,2217.825997,-8.6556,6.351,95,15.3,18,6.1,
319,4,2,3,211.3485433,2210.78491,-35.7969,6.351,95,15.3,18,6.1,
320,5,2,3,174.6629756,2218.794147,-5.7884,6.351,95,15.3,18,6.1,
321,6,2,3,166.26,2224.63,-9.8472,6.351,95,15.3,18,6.1,
322,7,2,3,165.4550225,2228.284751,-7.6658,6.351,95,15.3,18,6.1,
323,8,2,3,184.5942422,2234.942905,-10.0173,6.351,95,15.3,18,6.1,
324,9,2,3,172.55,2232.06,-76.7384,6.351,95,15.3,18,6.1,
325,10,2,3,165.5,2225.59,-10.3996,6.351,95,15.3,18,6.1,
326,11,2,3,174.3600174,2210.257593,8.0093,6.351,95,15.3,18,6.1,
327,12,2,3,185.3,2206.2,66.1445,6.351,95,15.3,18,6.1,
328,13,2,3,171.3953578,2213.980043,-29.2681,6.351,95,15.3,18,6.1,
329,14,2,3,120.02,2219.32,-63.3,6.351,95,15.3,18,6.1,
330,15,2,3,165.353392,2215.967354,-19.1672,6.351,95,15.3,18,6.1,
331,1,3,3,165.87,2223.37,-5.7906,13.997,95,15.3,18,6.1,-1.5053952938133754
332,2,3,3,166.8903697,2218.319819,-10.6026,13.997,95,15.3,18,6.1,
333,3,3,3,172.5642436,2217.825997,-8.6556,13.997,95,15.3,18,6.1,
334,4,3,3,211.3485433,2210.78491,-35.7969,13.997,95,15.3,18,6.1,
335,5,3,3,174.6629756,2218.794147,-5.7884,13.997,95,15.3,18,6.1,
336,6,3,3,166.26,2224.63,-9.8472,13.997,95,15.3,18,6.1,
337,7,3,3,165.4550225,2228.284751,-7.6658,13.997,95,15.3,18,6.1,
338,8,3,3,184.5942422,2234.942905,-10.0173,13.997,95,15.3,18,6.1,
339,9,3,3,172.55,2232.06,-76.7384,13.997,95,15.3,18,6.1,-1.1023485554296655
340,10,3,3,165.5,2225.59,-10.3996,13.997,95,15.3,18,6.1,
341,11,3,3,174.3600174,2210.257593,8.0093,13.997,95,15.3,18,6.1,
342,12,3,3,185.3,2206.2,66.1445,13.997,95,15.3,18,6.1,
343,13,3,3,171.3953578,2213.980043,-29.2681,13.997,95,15.3,18,6.1,
344,14,3,3,120.02,2219.32,-63.3,13.997,95,15.3,18,6.1,-1.9649043785658487
345,15,3,3,165.353392,2215.967354,-19.1672,13.997,95,15.3,18,6.1,
346,1,4,3,165.87,2223.37,-5.7906,10.329,133,15.3,18,6.1,
347,2,4,3,166.8903697,2218.319819,-10.6026,10.329,133,15.3,18,6.1,
348,3,4,3,172.5642436,2217.825997,-8.6556,10.329,133,15.3,18,6.1,
349,4,4,3,211.3485433,2210.78491,-35.7969,10.329,133,15.3,18,6.1,
350,5,4,3,174.6629756,2218.794147,-5.7884,10.329,133,15.3,18,6.1,
351,6,4,3,166.26,2224.63,-9.8472,10.329,133,15.3,18,6.1,
352,7,4,3,165.4550225,2228.284751,-7.6658,10.329,133,15.3,18,6.1,
353,8,4,3,184.5942422,2234.942905,-10.0173,10.329,133,15.3,18,6.1,
354,9,4,3,172.55,2232.06,-76.7384,10.329,133,15.3,18,6.1,
355,10,4,3,165.5,2225.59,-10.3996,10.329,133,15.3,18,6.1,
356,11,4,3,174.3600174,2210.257593,8.0093,10.329,133,15.3,18,6.1,
357,12,4,3,185.3,2206.2,66.1445,10.329,133,15.3,18,6.1,
358,13,4,3,171.3953578,2213.980043,-29.2681,10.329,133,15.3,18,6.1,
359,14,4,3,120.02,2219.32,-63.3,10.329,133,15.3,18,6.1,
360,15,4,3,165.353392,2215.967354,-19.1672,10.329,133,15.3,18,6.1,
361,1,5,3,165.87,2223.37,-5.7906,13.997,133,15.3,18,6.1,
362,2,5,3,166.8903697,2218.319819,-10.6026,13.997,133,15.3,18,6.1,
363,3,5,3,172.5642436,2217.825997,-8.6556,13.997,133,15.3,18,6.1,
364,4,5,3,211.3485433,2210.78491,-35.7969,13.997,133,15.3,18,6.1,
365,5,5,3,174.6629756,2218.794147,-5.7884,13.997,133,15.3,18,6.1,
366,6,5,3,166.26,2224.63,-9.8472,13.997,133,15.3,18,6.1,
367,7,5,3,165.4550225,2228.284751,-7.6658,13.997,133,15.3,18,6.1,
368,8,5,3,184.5942422,2234.942905,-10.0173,13.997,133,15.3,18,6.1,
369,9,5,3,172.55,2232.06,-76.7384,13.997,133,15.3,18,6.1,-2.6191198716645236
370,10,5,3,165.5,2225.59,-10.3996,13.997,133,15.3,18,6.1,
371,11,5,3,174.3600174,2210.257593,8.0093,13.997,133,15.3,18,6.1,
372,12,5,3,185.3,2206.2,66.1445,13.997,133,15.3,18,6.1,
373,13,5,3,171.3953578,2213.980043,-29.2681,13.997,133,15.3,18,6.1,
374,14,5,3,120.02,2219.32,-63.3,13.997,133,15.3,18,6.1,
375,15,5,3,165.353392,2215.967354,-19.1672,13.997,133,15.3,18,6.1,-4.1151940233069775
376,1,6,3,165.87,2223.37,-5.7906,12.375,133,15.3,18,6.1,-2.5071057982688765
377,2,6,3,166.8903697,2218.319819,-10.6026,12.375,133,15.3,18,6.1,
378,3,6,3,172.5642436,2217.825997,-8.6556,12.375,133,15.3,18,6.1,
379,4,6,3,211.3485433,2210.78491,-35.7969,12.375,133,15.3,18,6.1,
380,5,6,3,174.6629756,2218.794147,-5.7884,12.375,133,15.3,18,6.1,
381,6,6,3,166.26,2224.63,-9.8472,12.375,133,15.3,18,6.1,
382,7,6,3,165.4550225,2228.284751,-7.6658,12.375,133,15.3,18,6.1,
383,8,6,3,184.5942422,2234.942905,-10.0173,12.375,133,15.3,18,6.1,
384,9,6,3,172.55,2232.06,-76.7384,12.375,133,15.3,18,6.1,
385,10,6,3,165.5,2225.59,-10.3996,12.375,133,15.3,18,6.1,
386,11,6,3,174.3600174,2210.257593,8.0093,12.375,133,15.3,18,6.1,
387,12,6,3,185.3,2206.2,66.1445,12.375,133,15.3,18,6.1,-3.94244365731626
388,13,6,3,171.3953578,2213.980043,-29.2681,12.375,133,15.3,18,6.1,
389,14,6,3,120.02,2219.32,-63.3,12.375,133,15.3,18,6.1,-2.121215469112212
390,15,6,3,165.353392,2215.967354,-19.1672,12.375,133,15.3,18,6.1,
391,1,7,3,165.87,2223.37,-5.7906,4.756,133,15.3,18,6.1,-1.5142727398193294
392,2,7,3,166.8903697,2218.319819,-10.6026,4.756,133,15.3,18,6.1,
393,3,7,3,172.5642436,2217.825997,-8.6556,4.756,133,15.3,18,6.1,
394,4,7,3,211.3485433,2210.78491,-35.7969,4.756,133,15.3,18,6.1,
395,5,7,3,174.6629756,2218.794147,-5.7884,4.756,133,15.3,18,6.1,
396,6,7,3,166.26,2224.63,-9.8472,4.756,133,15.3,18,6.1,
397,7,7,3,165.4550225,2228.284751,-7.6658,4.756,133,15.3,18,6.1,
398,8,7,3,184.5942422,2234.942905,-10.0173,4.756,133,15.3,18,6.1,
399,9,7,3,172.55,2232.06,-76.7384,4.756,133,15.3,18,6.1,
400,10,7,3,165.5,2225.59,-10.3996,4.756,133,15.3,18,6.1,
401,11,7,3,174.3600174,2210.257593,8.0093,4.756,133,15.3,18,6.1,
402,12,7,3,185.3,2206.2,66.1445,4.756,133,15.3,18,6.1,
403,13,7,3,171.3953578,2213.980043,-29.2681,4.756,133,15.3,18,6.1,
404,14,7,3,120.02,2219.32,-63.3,4.756,133,15.3,18,6.1,
405,15,7,3,165.353392,2215.967354,-19.1672,4.756,133,15.3,18,6.1,
406,1,8,3,165.87,2223.37,-5.7906,10.329,169,15.3,18,6.1,-0.8174133177824757
407,2,8,3,166.8903697,2218.319819,-10.6026,10.329,169,15.3,18,6.1,-0.7874079881303855
408,3,8,3,172.5642436,2217.825997,-8.6556,10.329,169,15.3,18,6.1,-0.7149164103138479
409,4,8,3,211.3485433,2210.78491,-35.7969,10.329,169,15.3,18,6.1,
410,5,8,3,174.6629756,2218.794147,-5.7884,10.329,169,15.3,18,6.1,-0.8097841137870501
411,6,8,3,166.26,2224.63,-9.8472,10.329,169,15.3,18,6.1,-1.0503498588871996
412,7,8,3,165.4550225,2228.284751,-7.6658,10.329,169,15.3,18,6.1,
413,8,8,3,184.5942422,2234.942905,-10.0173,10.329,169,15.3,18,6.1,
414,9,8,3,172.55,2232.06,-76.7384,10.329,169,15.3,18,6.1,
415,10,8,3,165.5,2225.59,-10.3996,10.329,169,15.3,18,6.1,-2.2565787619556006
416,11,8,3,174.3600174,2210.257593,8.0093,10.329,169,15.3,18,6.1,
417,12,8,3,185.3,2206.2,66.1445,10.329,169,15.3,18,6.1,
418,13,8,3,171.3953578,2213.980043,-29.2681,10.329,169,15.3,18,6.1,
419,14,8,3,120.02,2219.32,-63.3,10.329,169,15.3,18,6.1,
420,15,8,3,165.353392,2215.967354,-19.1672,10.329,169,15.3,18,6.1,
421,1,9,3,165.87,2223.37,-5.7906,3.17,169,15.3,18,6.1,-0.9992218652203708
422,2,9,3,166.8903697,2218.319819,-10.6026,3.17,169,15.3,18,6.1,-1.4612517526905666
423,3,9,3,172.5642436,2217.825997,-8.6556,3.17,169,15.3,18,6.1,
424,4,9,3,211.3485433,2210.78491,-35.7969,3.17,169,15.3,18,6.1,
425,5,9,3,174.6629756,2218.794147,-5.7884,3.17,169,15.3,18,6.1,
426,6,9,3,166.26,2224.63,-9.8472,3.17,169,15.3,18,6.1,-1.3925332744015815
427,7,9,3,165.4550225,2228.284751,-7.6658,3.17,169,15.3,18,6.1,
428,8,9,3,184.5942422,2234.942905,-10.0173,3.17,169,15.3,18,6.1,
429,9,9,3,172.55,2232.06,-76.7384,3.17,169,15.3,18,6.1,
430,10,9,3,165.5,2225.59,-10.3996,3.17,169,15.3,18,6.1,
431,11,9,3,174.3600174,2210.257593,8.0093,3.17,169,15.3,18,6.1,-4.048592400782622
432,12,9,3,185.3,2206.2,66.1445,3.17,169,15.3,18,6.1,
433,13,9,3,171.3953578,2213.980043,-29.2681,3.17,169,15.3,18,6.1,
434,14,9,3,120.02,2219.32,-63.3,3.17,169,15.3,18,6.1,-2.4175173243679287
435,15,9,3,165.353392,2215.967354,-19.1672,3.17,169,15.3,18,6.1,
436,1,10,3,165.87,2223.37,-5.7906,13.997,322,15.3,18,6.1,
437,2,10,3,166.8903697,2218.319819,-10.6026,13.997,322,15.3,18,6.1,-2.180034681583212
438,3,10,3,172.5642436,2217.825997,-8.6556,13.997,322,15.3,18,6.1,-1.1675259061643686
439,4,10,3,211.3485433,2210.78491,-35.7969,13.997,322,15.3,18,6.1,-4.944765107119186
440,5,10,3,174.6629756,2218.794147,-5.7884,13.997,322,15.3,18,6.1,-1.1815517847138628
441,6,10,3,166.26,2224.63,-9.8472,13.997,322,15.3,18,6.1,-1.0939844958671234
442,7,10,3,165.4550225,2228.284751,-7.6658,13.997,322,15.3,18,6.1,-3.7095172777117003
443,8,10,3,184.5942422,2234.942905,-10.0173,13.997,322,15.3,18,6.1,-4.689504857246355
444,9,10,3,172.55,2232.06,-76.7384,13.997,322,15.3,18,6.1,
445,10,10,3,165.5,2225.59,-10.3996,13.997,322,15.3,18,6.1,-1.4548526965808897
446,11,10,3,174.3600174,2210.257593,8.0093,13.997,322,15.3,18,6.1,-3.8506656623359645
447,12,10,3,185.3,2206.2,66.1445,13.997,322,15.3,18,6.1,
448,13,10,3,171.3953578,2213.980043,-29.2681,13.997,322,15.3,18,6.1,-2.0632591932759388
449,14,10,3,120.02,2219.32,-63.3,13.997,322,15.3,18,6.1,
450,15,10,3,165.353392,2215.967354,-19.1672,13.997,322,15.3,18,6.1,
451,1,1,4,165.87,2223.37,-5.7906,10.329,95,16,6.8,17.4,-1.097475450539731
452,2,1,4,166.8903697,2218.319819,-10.6026,10.329,95,16,6.8,17.4,-1.3948454998168098
453,3,1,4,172.5642436,2217.825997,-8.6556,10.329,95,16,6.8,17.4,
454,4,1,4,211.3485433,2210.78491,-35.7969,10.329,95,16,6.8,17.4,
455,5,1,4,174.6629756,2218.794147,-5.7884,10.329,95,16,6.8,17.4,
456,6,1,4,166.26,2224.63,-9.8472,10.329,95,16,6.8,17.4,-1.2947846673430996
457,7,1,4,165.4550225,2228.284751,-7.6658,10.329,95,16,6.8,17.4,
458,8,1,4,184.5942422,2234.942905,-10.0173,10.329,95,16,6.8,17.4,
459,9,1,4,172.55,2232.06,-76.7384,10.329,95,16,6.8,17.4,
460,10,1,4,165.5,2225.59,-10.3996,10.329,95,16,6.8,17.4,
461,11,1,4,174.3600174,2210.257593,8.0093,10.329,95,16,6.8,17.4,
462,12,1,4,185.3,2206.2,66.1445,10.329,95,16,6.8,17.4,
463,13,1,4,171.3953578,2213.980043,-29.2681,10.329,95,16,6.8,17.4,-1.541177264831679
464,14,1,4,120.02,2219.32,-63.3,10.329,95,16,6.8,17.4,
465,15,1,4,165.353392,2215.967354,-19.1672,10.329,95,16,6.8,17.4,
466,1,2,4,165.87,2223.37,-5.7906,6.351,95,16,6.8,17.4,-0.8417420812139202
467,2,2,4,166.8903697,2218.319819,-10.6026,6.351,95,16,6.8,17.4,-1.1170054997809755
468,3,2,4,172.5642436,2217.825997,-8.6556,6.351,95,16,6.8,17.4,-1.1892437162483085
469,4,2,4,211.3485433,2210.78491,-35.7969,6.351,95,16,6.8,17.4,
470,5,2,4,174.6629756,2218.794147,-5.7884,6.351,95,16,6.8,17.4,-1.1377561950104569
471,6,2,4,166.26,2224.63,-9.8472,6.351,95,16,6.8,17.4,-0.7469184737915052
472,7,2,4,165.4550225,2228.284751,-7.6658,6.351,95,16,6.8,17.4,-1.726567256946609
473,8,2,4,184.5942422,2234.942905,-10.0173,6.351,95,16,6.8,17.4,
474,9,2,4,172.55,2232.06,-76.7384,6.351,95,16,6.8,17.4,-1.5237581584882813
475,10,2,4,165.5,2225.59,-10.3996,6.351,95,16,6.8,17.4,
476,11,2,4,174.3600174,2210.257593,8.0093,6.351,95,16,6.8,17.4,
477,12,2,4,185.3,2206.2,66.1445,6.351,95,16,6.8,17.4,
478,13,2,4,171.3953578,2213.980043,-29.2681,6.351,95,16,6.8,17.4,-1.3205398736366147
479,14,2,4,120.02,2219.32,-63.3,6.351,95,16,6.8,17.4,
480,15,2,4,165.353392,2215.967354,-19.1672,6.351,95,16,6.8,17.4,-3.8582339623646815
481,1,3,4,165.87,2223.37,-5.7906,13.997,95,16,6.8,17.4,-1.2266242682237714
482,2,3,4,166.8903697,2218.319819,-10.6026,13.997,95,16,6.8,17.4,
483,3,3,4,172.5642436,2217.825997,-8.6556,13.997,95,16,6.8,17.4,
484,4,3,4,211.3485433,2210.78491,-35.7969,13.997,95,16,6.8,17.4,
485,5,3,4,174.6629756,2218.794147,-5.7884,13.997,95,16,6.8,17.4,
486,6,3,4,166.26,2224.63,-9.8472,13.997,95,16,6.8,17.4,-2.0450658283337115
487,7,3,4,165.4550225,2228.284751,-7.6658,13.997,95,16,6.8,17.4,
488,8,3,4,184.5942422,2234.942905,-10.0173,13.997,95,16,6.8,17.4,
489,9,3,4,172.55,2232.06,-76.7384,13.997,95,16,6.8,17.4,-1.528768803141083
490,10,3,4,165.5,2225.59,-10.3996,13.997,95,16,6.8,17.4,
491,11,3,4,174.3600174,2210.257593,8.0093,13.997,95,16,6.8,17.4,
492,12,3,4,185.3,2206.2,66.1445,13.997,95,16,6.8,17.4,
493,13,3,4,171.3953578,2213.980043,-29.2681,13.997,95,16,6.8,17.4,
494,14,3,4,120.02,2219.32,-63.3,13.997,95,16,6.8,17.4,-3.500787283000506
495,15,3,4,165.353392,2215.967354,-19.1672,13.997,95,16,6.8,17.4,
496,1,4,4,165.87,2223.37,-5.7906,10.329,133,16,6.8,17.4,-1.255673571599453
497,2,4,4,166.8903697,2218.319819,-10.6026,10.329,133,16,6.8,17.4,
498,3,4,4,172.5642436,2217.825997,-8.6556,10.329,133,16,6.8,17.4,
499,4,4,4,211.3485433,2210.78491,-35.7969,10.329,133,16,6.8,17.4,
500,5,4,4,174.6629756,2218.794147,-5.7884,10.329,133,16,6.8,17.4,
501,6,4,4,166.26,2224.63,-9.8472,10.329,133,16,6.8,17.4,
502,7,4,4,165.4550225,2228.284751,-7.6658,10.329,133,16,6.8,17.4,
503,8,4,4,184.5942422,2234.942905,-10.0173,10.329,133,16,6.8,17.4,
504,9,4,4,172.55,2232.06,-76.7384,10.329,133,16,6.8,17.4,-1.292139175127859
505,10,4,4,165.5,2225.59,-10.3996,10.329,133,16,6.8,17.4,
506,11,4,4,174.3600174,2210.257593,8.0093,10.329,133,16,6.8,17.4,
507,12,4,4,185.3,2206.2,66.1445,10.329,133,16,6.8,17.4,
508,13,4,4,171.3953578,2213.980043,-29.2681,10.329,133,16,6.8,17.4,-2.9503027152301233
509,14,4,4,120.02,2219.32,-63.3,10.329,133,16,6.8,17.4,
510,15,4,4,165.353392,2215.967354,-19.1672,10.329,133,16,6.8,17.4,
511,1,5,4,165.87,2223.37,-5.7906,13.997,133,16,6.8,17.4,-0.8555857449663726
512,2,5,4,166.8903697,2218.319819,-10.6026,13.997,133,16,6.8,17.4,-1.1872463558971986
513,3,5,4,172.5642436,2217.825997,-8.6556,13.997,133,16,6.8,17.4,
514,4,5,4,211.3485433,2210.78491,-35.7969,13.997,133,16,6.8,17.4,
515,5,5,4,174.6629756,2218.794147,-5.7884,13.997,133,16,6.8,17.4,
516,6,5,4,166.26,2224.63,-9.8472,13.997,133,16,6.8,17.4,-0.8808167350442756
517,7,5,4,165.4550225,2228.284751,-7.6658,13.997,133,16,6.8,17.4,
518,8,5,4,184.5942422,2234.942905,-10.0173,13.997,133,16,6.8,17.4,
519,9,5,4,172.55,2232.06,-76.7384,13.997,133,16,6.8,17.4,-1.1795714474126893
520,10,5,4,165.5,2225.59,-10.3996,13.997,133,16,6.8,17.4,
521,11,5,4,174.3600174,2210.257593,8.0093,13.997,133,16,6.8,17.4,
522,12,5,4,185.3,2206.2,66.1445,13.997,133,16,6.8,17.4,-5.559679345573656
523,13,5,4,171.3953578,2213.980043,-29.2681,13.997,133,16,6.8,17.4,
524,14,5,4,120.02,2219.32,-63.3,13.997,133,16,6.8,17.4,
525,15,5,4,165.353392,2215.967354,-19.1672,13.997,133,16,6.8,17.4,
526,1,6,4,165.87,2223.37,-5.7906,12.375,133,16,6.8,17.4,-1.0465221877401074
527,2,6,4,166.8903697,2218.319819,-10.6026,12.375,133,16,6.8,17.4,-1.5736602008061158
528,3,6,4,172.5642436,2217.825997,-8.6556,12.375,133,16,6.8,17.4,
529,4,6,4,211.3485433,2210.78491,-35.7969,12.375,133,16,6.8,17.4,
530,5,6,4,174.6629756,2218.794147,-5.7884,12.375,133,16,6.8,17.4,
531,6,6,4,166.26,2224.63,-9.8472,12.375,133,16,6.8,17.4,-1.5122418305879712
532,7,6,4,165.4550225,2228.284751,-7.6658,12.375,133,16,6.8,17.4,-1.6127934757199804
533,8,6,4,184.5942422,2234.942905,-10.0173,12.375,133,16,6.8,17.4,
534,9,6,4,172.55,2232.06,-76.7384,12.375,133,16,6.8,17.4,-1.209939440981937
535,10,6,4,165.5,2225.59,-10.3996,12.375,133,16,6.8,17.4,
536,11,6,4,174.3600174,2210.257593,8.0093,12.375,133,16,6.8,17.4,
537,12,6,4,185.3,2206.2,66.1445,12.375,133,16,6.8,17.4,
538,13,6,4,171.3953578,2213.980043,-29.2681,12.375,133,16,6.8,17.4,-2.834350383778248
539,14,6,4,120.02,2219.32,-63.3,12.375,133,16,6.8,17.4,
540,15,6,4,165.353392,2215.967354,-19.1672,12.375,133,16,6.8,17.4,
541,1,7,4,165.87,2223.37,-5.7906,4.756,133,16,6.8,17.4,-1.1059192339574595
542,2,7,4,166.8903697,2218.319819,-10.6026,4.756,133,16,6.8,17.4,
543,3,7,4,172.5642436,2217.825997,-8.6556,4.756,133,16,6.8,17.4,
544,4,7,4,211.3485433,2210.78491,-35.7969,4.756,133,16,6.8,17.4,
545,5,7,4,174.6629756,2218.794147,-5.7884,4.756,133,16,6.8,17.4,
546,6,7,4,166.26,2224.63,-9.8472,4.756,133,16,6.8,17.4,-1.7418483031670173
547,7,7,4,165.4550225,2228.284751,-7.6658,4.756,133,16,6.8,17.4,-1.8885314823730084
548,8,7,4,184.5942422,2234.942905,-10.0173,4.756,133,16,6.8,17.4,
549,9,7,4,172.55,2232.06,-76.7384,4.756,133,16,6.8,17.4,-1.3363911992495643
550,10,7,4,165.5,2225.59,-10.3996,4.756,133,16,6.8,17.4,
551,11,7,4,174.3600174,2210.257593,8.0093,4.756,133,16,6.8,17.4,
552,12,7,4,185.3,2206.2,66.1445,4.756,133,16,6.8,17.4,
553,13,7,4,171.3953578,2213.980043,-29.2681,4.756,133,16,6.8,17.4,
554,14,7,4,120.02,2219.32,-63.3,4.756,133,16,6.8,17.4,
555,15,7,4,165.353392,2215.967354,-19.1672,4.756,133,16,6.8,17.4,
556,1,8,4,165.87,2223.37,-5.7906,10.329,169,16,6.8,17.4,-1.0356347730098416
557,2,8,4,166.8903697,2218.319819,-10.6026,10.329,169,16,6.8,17.4,-1.6282772473887281
558,3,8,4,172.5642436,2217.825997,-8.6556,10.329,169,16,6.8,17.4,-1.6591862268630093
559,4,8,4,211.3485433,2210.78491,-35.7969,10.329,169,16,6.8,17.4,
560,5,8,4,174.6629756,2218.794147,-5.7884,10.329,169,16,6.8,17.4,-1.6654608448228858
561,6,8,4,166.26,2224.63,-9.8472,10.329,169,16,6.8,17.4,-0.7697742665202435
562,7,8,4,165.4550225,2228.284751,-7.6658,10.329,169,16,6.8,17.4,-1.2292319598191455
563,8,8,4,184.5942422,2234.942905,-10.0173,10.329,169,16,6.8,17.4,-3.3039793145651117
564,9,8,4,172.55,2232.06,-76.7384,10.329,169,16,6.8,17.4,-0.9837636886420429
565,10,8,4,165.5,2225.59,-10.3996,10.329,169,16,6.8,17.4,-1.2222626610236076
566,11,8,4,174.3600174,2210.257593,8.0093,10.329,169,16,6.8,17.4,-2.388344083111981
567,12,8,4,185.3,2206.2,66.1445,10.329,169,16,6.8,17.4,
568,13,8,4,171.3953578,2213.980043,-29.2681,10.329,169,16,6.8,17.4,-2.2171945042659016
569,14,8,4,120.02,2219.32,-63.3,10.329,169,16,6.8,17.4,-2.2766748573929494
570,15,8,4,165.353392,2215.967354,-19.1672,10.329,169,16,6.8,17.4,-1.446164793754827
571,1,9,4,165.87,2223.37,-5.7906,3.17,169,16,6.8,17.4,-1.2317396132855625
572,2,9,4,166.8903697,2218.319819,-10.6026,3.17,169,16,6.8,17.4,-1.2897108493082103
573,3,9,4,172.5642436,2217.825997,-8.6556,3.17,169,16,6.8,17.4,
574,4,9,4,211.3485433,2210.78491,-35.7969,3.17,169,16,6.8,17.4,
575,5,9,4,174.6629756,2218.794147,-5.7884,3.17,169,16,6.8,17.4,
576,6,9,4,166.26,2224.63,-9.8472,3.17,169,16,6.8,17.4,-1.187106788932284
577,7,9,4,165.4550225,2228.284751,-7.6658,3.17,169,16,6.8,17.4,
578,8,9,4,184.5942422,2234.942905,-10.0173,3.17,169,16,6.8,17.4,
579,9,9,4,172.55,2232.06,-76.7384,3.17,169,16,6.8,17.4,-1.3728722303115304
580,10,9,4,165.5,2225.59,-10.3996,3.17,169,16,6.8,17.4,
581,11,9,4,174.3600174,2210.257593,8.0093,3.17,169,16,6.8,17.4,
582,12,9,4,185.3,2206.2,66.1445,3.17,169,16,6.8,17.4,
583,13,9,4,171.3953578,2213.980043,-29.2681,3.17,169,16,6.8,17.4,
584,14,9,4,120.02,2219.32,-63.3,3.17,169,16,6.8,17.4,-4.137481208266273
585,15,9,4,165.353392,2215.967354,-19.1672,3.17,169,16,6.8,17.4,
586,1,10,4,165.87,2223.37,-5.7906,13.997,322,16,6.8,17.4,
587,2,10,4,166.8903697,2218.319819,-10.6026,13.997,322,16,6.8,17.4,
588,3,10,4,172.5642436,2217.825997,-8.6556,13.997,322,16,6.8,17.4,
589,4,10,4,211.3485433,2210.78491,-35.7969,13.997,322,16,6.8,17.4,
590,5,10,4,174.6629756,2218.794147,-5.7884,13.997,322,16,6.8,17.4,-1.523575105788441
591,6,10,4,166.26,2224.63,-9.8472,13.997,322,16,6.8,17.4,-1.3199277425704776
592,7,10,4,165.4550225,2228.284751,-7.6658,13.997,322,16,6.8,17.4,-1.8839119609049617
593,8,10,4,184.5942422,2234.942905,-10.0173,13.997,322,16,6.8,17.4,
594,9,10,4,172.55,2232.06,-76.7384,13.997,322,16,6.8,17.4,-1.3942844317518077
595,10,10,4,165.5,2225.59,-10.3996,13.997,322,16,6.8,17.4,-1.3574854876714262
596,11,10,4,174.3600174,2210.257593,8.0093,13.997,322,16,6.8,17.4,
597,12,10,4,185.3,2206.2,66.1445,13.997,322,16,6.8,17.4,
598,13,10,4,171.3953578,2213.980043,-29.2681,13.997,322,16,6.8,17.4,-2.763596076767578
599,14,10,4,120.02,2219.32,-63.3,13.997,322,16,6.8,17.4,-3.434478776457318
600,15,10,4,165.353392,2215.967354,-19.1672,13.997,322,16,6.8,17.4,
601,1,1,5,165.87,2223.37,-5.7906,10.329,95,19,7.4,4.1,-1.7612528679590544
602,2,1,5,166.8903697,2218.319819,-10.6026,10.329,95,19,7.4,4.1,
603,3,1,5,172.5642436,2217.825997,-8.6556,10.329,95,19,7.4,4.1,
604,4,1,5,211.3485433,2210.78491,-35.7969,10.329,95,19,7.4,4.1,
605,5,1,5,174.6629756,2218.794147,-5.7884,10.329,95,19,7.4,4.1,
606,6,1,5,166.26,2224.63,-9.8472,10.329,95,19,7.4,4.1,
607,7,1,5,165.4550225,2228.284751,-7.6658,10.329,95,19,7.4,4.1,
608,8,1,5,184.5942422,2234.942905,-10.0173,10.329,95,19,7.4,4.1,
609,9,1,5,172.55,2232.06,-76.7384,10.329,95,19,7.4,4.1,
610,10,1,5,165.5,2225.59,-10.3996,10.329,95,19,7.4,4.1,
611,11,1,5,174.3600174,2210.257593,8.0093,10.329,95,19,7.4,4.1,
612,12,1,5,185.3,2206.2,66.1445,10.329,95,19,7.4,4.1,
613,13,1,5,171.3953578,2213.980043,-29.2681,10.329,95,19,7.4,4.1,
614,14,1,5,120.02,2219.32,-63.3,10.329,95,19,7.4,4.1,
615,15,1,5,165.353392,2215.967354,-19.1672,10.329,95,19,7.4,4.1,
616,1,2,5,165.87,2223.37,-5.7906,6.351,95,19,7.4,4.1,
617,2,2,5,166.8903697,2218.319819,-10.6026,6.351,95,19,7.4,4.1,
618,3,2,5,172.5642436,2217.825997,-8.6556,6.351,95,19,7.4,4.1,
619,4,2,5,211.3485433,2210.78491,-35.7969,6.351,95,19,7.4,4.1,
620,5,2,5,174.6629756,2218.794147,-5.7884,6.351,95,19,7.4,4.1,
621,6,2,5,166.26,2224.63,-9.8472,6.351,95,19,7.4,4.1,
622,7,2,5,165.4550225,2228.284751,-7.6658,6.351,95,19,7.4,4.1,
623,8,2,5,184.5942422,2234.942905,-10.0173,6.351,95,19,7.4,4.1,
624,9,2,5,172.55,2232.06,-76.7384,6.351,95,19,7.4,4.1,
625,10,2,5,165.5,2225.59,-10.3996,6.351,95,19,7.4,4.1,-2.8362828006019143
626,11,2,5,174.3600174,2210.257593,8.0093,6.351,95,19,7.4,4.1,
627,12,2,5,185.3,2206.2,66.1445,6.351,95,19,7.4,4.1,-5.328949567384766
628,13,2,5,171.3953578,2213.980043,-29.2681,6.351,95,19,7.4,4.1,
629,14,2,5,120.02,2219.32,-63.3,6.351,95,19,7.4,4.1,
630,15,2,5,165.353392,2215.967354,-19.1672,6.351,95,19,7.4,4.1,
631,1,3,5,165.87,2223.37,-5.7906,13.997,95,19,7.4,4.1,-1.7782948611583416
632,2,3,5,166.8903697,2218.319819,-10.6026,13.997,95,19,7.4,4.1,-2.070122439354776
633,3,3,5,172.5642436,2217.825997,-8.6556,13.997,95,19,7.4,4.1,-2.256232310063419
634,4,3,5,211.3485433,2210.78491,-35.7969,13.997,95,19,7.4,4.1,
635,5,3,5,174.6629756,2218.794147,-5.7884,13.997,95,19,7.4,4.1,
636,6,3,5,166.26,2224.63,-9.8472,13.997,95,19,7.4,4.1,
637,7,3,5,165.4550225,2228.284751,-7.6658,13.997,95,19,7.4,4.1,
638,8,3,5,184.5942422,2234.942905,-10.0173,13.997,95,19,7.4,4.1,
639,9,3,5,172.55,2232.06,-76.7384,13.997,95,19,7.4,4.1,
640,10,3,5,165.5,2225.59,-10.3996,13.997,95,19,7.4,4.1,
641,11,3,5,174.3600174,2210.257593,8.0093,13.997,95,19,7.4,4.1,
642,12,3,5,185.3,2206.2,66.1445,13.997,95,19,7.4,4.1,
643,13,3,5,171.3953578,2213.980043,-29.2681,13.997,95,19,7.4,4.1,
644,14,3,5,120.02,2219.32,-63.3,13.997,95,19,7.4,4.1,-4.869313316551313
645,15,3,5,165.353392,2215.967354,-19.1672,13.997,95,19,7.4,4.1,
646,1,4,5,165.87,2223.37,-5.7906,10.329,133,19,7.4,4.1,
647,2,4,5,166.8903697,2218.319819,-10.6026,10.329,133,19,7.4,4.1,
648,3,4,5,172.5642436,2217.825997,-8.6556,10.329,133,19,7.4,4.1,
649,4,4,5,211.3485433,2210.78491,-35.7969,10.329,133,19,7.4,4.1,
650,5,4,5,174.6629756,2218.794147,-5.7884,10.329,133,19,7.4,4.1,
651,6,4,5,166.26,2224.63,-9.8472,10.329,133,19,7.4,4.1,
652,7,4,5,165.4550225,2228.284751,-7.6658,10.329,133,19,7.4,4.1,
653,8,4,5,184.5942422,2234.942905,-10.0173,10.329,133,19,7.4,4.1,
654,9,4,5,172.55,2232.06,-76.7384,10.329,133,19,7.4,4.1,
655,10,4,5,165.5,2225.59,-10.3996,10.329,133,19,7.4,4.1,
656,11,4,5,174.3600174,2210.257593,8.0093,10.329,133,19,7.4,4.1,
657,12,4,5,185.3,2206.2,66.1445,10.329,133,19,7.4,4.1,
658,13,4,5,171.3953578,2213.980043,-29.2681,10.329,133,19,7.4,4.1,
659,14,4,5,120.02,2219.32,-63.3,10.329,133,19,7.4,4.1,
660,15,4,5,165.353392,2215.967354,-19.1672,10.329,133,19,7.4,4.1,
661,1,5,5,165.87,2223.37,-5.7906,13.997,133,19,7.4,4.1,
662,2,5,5,166.8903697,2218.319819,-10.6026,13.997,133,19,7.4,4.1,
663,3,5,5,172.5642436,2217.825997,-8.6556,13.997,133,19,7.4,4.1,
664,4,5,5,211.3485433,2210.78491,-35.7969,13.997,133,19,7.4,4.1,
665,5,5,5,174.6629756,2218.794147,-5.7884,13.997,133,19,7.4,4.1,
666,6,5,5,166.26,2224.63,-9.8472,13.997,133,19,7.4,4.1,
667,7,5,5,165.4550225,2228.284751,-7.6658,13.997,133,19,7.4,4.1,
668,8,5,5,184.5942422,2234.942905,-10.0173,13.997,133,19,7.4,4.1,
669,9,5,5,172.55,2232.06,-76.7384,13.997,133,19,7.4,4.1,-3.9726283710023167
670,10,5,5,165.5,2225.59,-10.3996,13.997,133,19,7.4,4.1,
671,11,5,5,174.3600174,2210.257593,8.0093,13.997,133,19,7.4,4.1,
672,12,5,5,185.3,2206.2,66.1445,13.997,133,19,7.4,4.1,
673,13,5,5,171.3953578,2213.980043,-29.2681,13.997,133,19,7.4,4.1,
674,14,5,5,120.02,2219.32,-63.3,13.997,133,19,7.4,4.1,
675,15,5,5,165.353392,2215.967354,-19.1672,13.997,133,19,7.4,4.1,
676,1,6,5,165.87,2223.37,-5.7906,12.375,133,19,7.4,4.1,
677,2,6,5,166.8903697,2218.319819,-10.6026,12.375,133,19,7.4,4.1,
678,3,6,5,172.5642436,2217.825997,-8.6556,12.375,133,19,7.4,4.1,
679,4,6,5,211.3485433,2210.78491,-35.7969,12.375,133,19,7.4,4.1,
680,5,6,5,174.6629756,2218.794147,-5.7884,12.375,133,19,7.4,4.1,
681,6,6,5,166.26,2224.63,-9.8472,12.375,133,19,7.4,4.1,
682,7,6,5,165.4550225,2228.284751,-7.6658,12.375,133,19,7.4,4.1,
683,8,6,5,184.5942422,2234.942905,-10.0173,12.375,133,19,7.4,4.1,
684,9,6,5,172.55,2232.06,-76.7384,12.375,133,19,7.4,4.1,
685,10,6,5,165.5,2225.59,-10.3996,12.375,133,19,7.4,4.1,
686,11,6,5,174.3600174,2210.257593,8.0093,12.375,133,19,7.4,4.1,
687,12,6,5,185.3,2206.2,66.1445,12.375,133,19,7.4,4.1,
688,13,6,5,171.3953578,2213.980043,-29.2681,12.375,133,19,7.4,4.1,
689,14,6,5,120.02,2219.32,-63.3,12.375,133,19,7.4,4.1,
690,15,6,5,165.353392,2215.967354,-19.1672,12.375,133,19,7.4,4.1,
691,1,7,5,165.87,2223.37,-5.7906,4.756,133,19,7.4,4.1,-2.255537758608041
692,2,7,5,166.8903697,2218.319819,-10.6026,4.756,133,19,7.4,4.1,
693,3,7,5,172.5642436,2217.825997,-8.6556,4.756,133,19,7.4,4.1,
694,4,7,5,211.3485433,2210.78491,-35.7969,4.756,133,19,7.4,4.1,
695,5,7,5,174.6629756,2218.794147,-5.7884,4.756,133,19,7.4,4.1,
696,6,7,5,166.26,2224.63,-9.8472,4.756,133,19,7.4,4.1,
697,7,7,5,165.4550225,2228.284751,-7.6658,4.756,133,19,7.4,4.1,
698,8,7,5,184.5942422,2234.942905,-10.0173,4.756,133,19,7.4,4.1,
699,9,7,5,172.55,2232.06,-76.7384,4.756,133,19,7.4,4.1,
700,10,7,5,165.5,2225.59,-10.3996,4.756,133,19,7.4,4.1,
701,11,7,5,174.3600174,2210.257593,8.0093,4.756,133,19,7.4,4.1,
702,12,7,5,185.3,2206.2,66.1445,4.756,133,19,7.4,4.1,
703,13,7,5,171.3953578,2213.980043,-29.2681,4.756,133,19,7.4,4.1,
704,14,7,5,120.02,2219.32,-63.3,4.756,133,19,7.4,4.1,
705,15,7,5,165.353392,2215.967354,-19.1672,4.756,133,19,7.4,4.1,
706,1,8,5,165.87,2223.37,-5.7906,10.329,169,19,7.4,4.1,
707,2,8,5,166.8903697,2218.319819,-10.6026,10.329,169,19,7.4,4.1,
708,3,8,5,172.5642436,2217.825997,-8.6556,10.329,169,19,7.4,4.1,
709,4,8,5,211.3485433,2210.78491,-35.7969,10.329,169,19,7.4,4.1,
710,5,8,5,174.6629756,2218.794147,-5.7884,10.329,169,19,7.4,4.1,
711,6,8,5,166.26,2224.63,-9.8472,10.329,169,19,7.4,4.1,
712,7,8,5,165.4550225,2228.284751,-7.6658,10.329,169,19,7.4,4.1,
713,8,8,5,184.5942422,2234.942905,-10.0173,10.329,169,19,7.4,4.1,
714,9,8,5,172.55,2232.06,-76.7384,10.329,169,19,7.4,4.1,
715,10,8,5,165.5,2225.59,-10.3996,10.329,169,19,7.4,4.1,
716,11,8,5,174.3600174,2210.257593,8.0093,10.329,169,19,7.4,4.1,
717,12,8,5,185.3,2206.2,66.1445,10.329,169,19,7.4,4.1,
718,13,8,5,171.3953578,2213.980043,-29.2681,10.329,169,19,7.4,4.1,
719,14,8,5,120.02,2219.32,-63.3,10.329,169,19,7.4,4.1,
720,15,8,5,165.353392,2215.967354,-19.1672,10.329,169,19,7.4,4.1,
721,1,9,5,165.87,2223.37,-5.7906,3.17,169,19,7.4,4.1,
722,2,9,5,166.8903697,2218.319819,-10.6026,3.17,169,19,7.4,4.1,
723,3,9,5,172.5642436,2217.825997,-8.6556,3.17,169,19,7.4,4.1,
724,4,9,5,211.3485433,2210.78491,-35.7969,3.17,169,19,7.4,4.1,
725,5,9,5,174.6629756,2218.794147,-5.7884,3.17,169,19,7.4,4.1,
726,6,9,5,166.26,2224.63,-9.8472,3.17,169,19,7.4,4.1,
727,7,9,5,165.4550225,2228.284751,-7.6658,3.17,169,19,7.4,4.1,
728,8,9,5,184.5942422,2234.942905,-10.0173,3.17,169,19,7.4,4.1,
729,9,9,5,172.55,2232.06,-76.7384,3.17,169,19,7.4,4.1,-3.854948949160628
730,10,9,5,165.5,2225.59,-10.3996,3.17,169,19,7.4,4.1,
731,11,9,5,174.3600174,2210.257593,8.0093,3.17,169,19,7.4,4.1,
732,12,9,5,185.3,2206.2,66.1445,3.17,169,19,7.4,4.1,
733,13,9,5,171.3953578,2213.980043,-29.2681,3.17,169,19,7.4,4.1,
734,14,9,5,120.02,2219.32,-63.3,3.17,169,19,7.4,4.1,
735,15,9,5,165.353392,2215.967354,-19.1672,3.17,169,19,7.4,4.1,
736,1,10,5,165.87,2223.37,-5.7906,13.997,322,19,7.4,4.1,
737,2,10,5,166.8903697,2218.319819,-10.6026,13.997,322,19,7.4,4.1,
738,3,10,5,172.5642436,2217.825997,-8.6556,13.997,322,19,7.4,4.1,
739,4,10,5,211.3485433,2210.78491,-35.7969,13.997,322,19,7.4,4.1,
740,5,10,5,174.6629756,2218.794147,-5.7884,13.997,322,19,7.4,4.1,
741,6,10,5,166.26,2224.63,-9.8472,13.997,322,19,7.4,4.1,
742,7,10,5,165.4550225,2228.284751,-7.6658,13.997,322,19,7.4,4.1,
743,8,10,5,184.5942422,2234.942905,-10.0173,13.997,322,19,7.4,4.1,
744,9,10,5,172.55,2232.06,-76.7384,13.997,322,19,7.4,4.1,
745,10,10,5,165.5,2225.59,-10.3996,13.997,322,19,7.4,4.1,
746,11,10,5,174.3600174,2210.257593,8.0093,13.997,322,19,7.4,4.1,
747,12,10,5,185.3,2206.2,66.1445,13.997,322,19,7.4,4.1,
748,13,10,5,171.3953578,2213.980043,-29.2681,13.997,322,19,7.4,4.1,
749,14,10,5,120.02,2219.32,-63.3,13.997,322,19,7.4,4.1,
750,15,10,5,165.353392,2215.967354,-19.1672,13.997,322,19,7.4,4.1,
751,1,1,6,165.87,2223.37,-5.7906,10.329,95,17.5,8.8,0,
752,2,1,6,166.8903697,2218.319819,-10.6026,10.329,95,17.5,8.8,0,
753,3,1,6,172.5642436,2217.825997,-8.6556,10.329,95,17.5,8.8,0,
754,4,1,6,211.3485433,2210.78491,-35.7969,10.329,95,17.5,8.8,0,
755,5,1,6,174.6629756,2218.794147,-5.7884,10.329,95,17.5,8.8,0,
756,6,1,6,166.26,2224.63,-9.8472,10.329,95,17.5,8.8,0,
757,7,1,6,165.4550225,2228.284751,-7.6658,10.329,95,17.5,8.8,0,
758,8,1,6,184.5942422,2234.942905,-10.0173,10.329,95,17.5,8.8,0,-2.8424591456902224
759,9,1,6,172.55,2232.06,-76.7384,10.329,95,17.5,8.8,0,
760,10,1,6,165.5,2225.59,-10.3996,10.329,95,17.5,8.8,0,
761,11,1,6,174.3600174,2210.257593,8.0093,10.329,95,17.5,8.8,0,
762,12,1,6,185.3,2206.2,66.1445,10.329,95,17.5,8.8,0,
763,13,1,6,171.3953578,2213.980043,-29.2681,10.329,95,17.5,8.8,0,
764,14,1,6,120.02,2219.32,-63.3,10.329,95,17.5,8.8,0,
765,15,1,6,165.353392,2215.967354,-19.1672,10.329,95,17.5,8.8,0,
766,1,2,6,165.87,2223.37,-5.7906,6.351,95,17.5,8.8,0,
767,2,2,6,166.8903697,2218.319819,-10.6026,6.351,95,17.5,8.8,0,
768,3,2,6,172.5642436,2217.825997,-8.6556,6.351,95,17.5,8.8,0,
769,4,2,6,211.3485433,2210.78491,-35.7969,6.351,95,17.5,8.8,0,
770,5,2,6,174.6629756,2218.794147,-5.7884,6.351,95,17.5,8.8,0,
771,6,2,6,166.26,2224.63,-9.8472,6.351,95,17.5,8.8,0,
772,7,2,6,165.4550225,2228.284751,-7.6658,6.351,95,17.5,8.8,0,
773,8,2,6,184.5942422,2234.942905,-10.0173,6.351,95,17.5,8.8,0,
774,9,2,6,172.55,2232.06,-76.7384,6.351,95,17.5,8.8,0,
775,10,2,6,165.5,2225.59,-10.3996,6.351,95,17.5,8.8,0,
776,11,2,6,174.3600174,2210.257593,8.0093,6.351,95,17.5,8.8,0,
777,12,2,6,185.3,2206.2,66.1445,6.351,95,17.5,8.8,0,
778,13,2,6,171.3953578,2213.980043,-29.2681,6.351,95,17.5,8.8,0,
779,14,2,6,120.02,2219.32,-63.3,6.351,95,17.5,8.8,0,
780,15,2,6,165.353392,2215.967354,-19.1672,6.351,95,17.5,8.8,0,
781,1,3,6,165.87,2223.37,-5.7906,13.997,95,17.5,8.8,0,
782,2,3,6,166.8903697,2218.319819,-10.6026,13.997,95,17.5,8.8,0,
783,3,3,6,172.5642436,2217.825997,-8.6556,13.997,95,17.5,8.8,0,
784,4,3,6,211.3485433,2210.78491,-35.7969,13.997,95,17.5,8.8,0,
785,5,3,6,174.6629756,2218.794147,-5.7884,13.997,95,17.5,8.8,0,
786,6,3,6,166.26,2224.63,-9.8472,13.997,95,17.5,8.8,0,
787,7,3,6,165.4550225,2228.284751,-7.6658,13.997,95,17.5,8.8,0,
788,8,3,6,184.5942422,2234.942905,-10.0173,13.997,95,17.5,8.8,0,
789,9,3,6,172.55,2232.06,-76.7384,13.997,95,17.5,8.8,0,
790,10,3,6,165.5,2225.59,-10.3996,13.997,95,17.5,8.8,0,
791,11,3,6,174.3600174,2210.257593,8.0093,13.997,95,17.5,8.8,0,
792,12,3,6,185.3,2206.2,66.1445,13.997,95,17.5,8.8,0,
793,13,3,6,171.3953578,2213.980043,-29.2681,13.997,95,17.5,8.8,0,
794,14,3,6,120.02,2219.32,-63.3,13.997,95,17.5,8.8,0,
795,15,3,6,165.353392,2215.967354,-19.1672,13.997,95,17.5,8.8,0,
796,1,4,6,165.87,2223.37,-5.7906,10.329,133,17.5,8.8,0,
797,2,4,6,166.8903697,2218.319819,-10.6026,10.329,133,17.5,8.8,0,
798,3,4,6,172.5642436,2217.825997,-8.6556,10.329,133,17.5,8.8,0,
799,4,4,6,211.3485433,2210.78491,-35.7969,10.329,133,17.5,8.8,0,
800,5,4,6,174.6629756,2218.794147,-5.7884,10.329,133,17.5,8.8,0,
801,6,4,6,166.26,2224.63,-9.8472,10.329,133,17.5,8.8,0,
802,7,4,6,165.4550225,2228.284751,-7.6658,10.329,133,17.5,8.8,0,
803,8,4,6,184.5942422,2234.942905,-10.0173,10.329,133,17.5,8.8,0,-2.5074401353566764
804,9,4,6,172.55,2232.06,-76.7384,10.329,133,17.5,8.8,0,
805,10,4,6,165.5,2225.59,-10.3996,10.329,133,17.5,8.8,0,
806,11,4,6,174.3600174,2210.257593,8.0093,10.329,133,17.5,8.8,0,
807,12,4,6,185.3,2206.2,66.1445,10.329,133,17.5,8.8,0,
808,13,4,6,171.3953578,2213.980043,-29.2681,10.329,133,17.5,8.8,0,
809,14,4,6,120.02,2219.32,-63.3,10.329,133,17.5,8.8,0,
810,15,4,6,165.353392,2215.967354,-19.1672,10.329,133,17.5,8.8,0,
811,1,5,6,165.87,2223.37,-5.7906,13.997,133,17.5,8.8,0,
812,2,5,6,166.8903697,2218.319819,-10.6026,13.997,133,17.5,8.8,0,
813,3,5,6,172.5642436,2217.825997,-8.6556,13.997,133,17.5,8.8,0,
814,4,5,6,211.3485433,2210.78491,-35.7969,13.997,133,17.5,8.8,0,
815,5,5,6,174.6629756,2218.794147,-5.7884,13.997,133,17.5,8.8,0,
816,6,5,6,166.26,2224.63,-9.8472,13.997,133,17.5,8.8,0,
817,7,5,6,165.4550225,2228.284751,-7.6658,13.997,133,17.5,8.8,0,
818,8,5,6,184.5942422,2234.942905,-10.0173,13.997,133,17.5,8.8,0,
819,9,5,6,172.55,2232.06,-76.7384,13.997,133,17.5,8.8,0,
820,10,5,6,165.5,2225.59,-10.3996,13.997,133,17.5,8.8,0,
821,11,5,6,174.3600174,2210.257593,8.0093,13.997,133,17.5,8.8,0,
822,12,5,6,185.3,2206.2,66.1445,13.997,133,17.5,8.8,0,
823,13,5,6,171.3953578,2213.980043,-29.2681,13.997,133,17.5,8.8,0,
824,14,5,6,120.02,2219.32,-63.3,13.997,133,17.5,8.8,0,
825,15,5,6,165.353392,2215.967354,-19.1672,13.997,133,17.5,8.8,0,
826,1,6,6,165.87,2223.37,-5.7906,12.375,133,17.5,8.8,0,
827,2,6,6,166.8903697,2218.319819,-10.6026,12.375,133,17.5,8.8,0,
828,3,6,6,172.5642436,2217.825997,-8.6556,12.375,133,17.5,8.8,0,
829,4,6,6,211.3485433,2210.78491,-35.7969,12.375,133,17.5,8.8,0,
830,5,6,6,174.6629756,2218.794147,-5.7884,12.375,133,17.5,8.8,0,
831,6,6,6,166.26,2224.63,-9.8472,12.375,133,17.5,8.8,0,
832,7,6,6,165.4550225,2228.284751,-7.6658,12.375,133,17.5,8.8,0,
833,8,6,6,184.5942422,2234.942905,-10.0173,12.375,133,17.5,8.8,0,
834,9,6,6,172.55,2232.06,-76.7384,12.375,133,17.5,8.8,0,
835,10,6,6,165.5,2225.59,-10.3996,12.375,133,17.5,8.8,0,
836,11,6,6,174.3600174,2210.257593,8.0093,12.375,133,17.5,8.8,0,
837,12,6,6,185.3,2206.2,66.1445,12.375,133,17.5,8.8,0,
838,13,6,6,171.3953578,2213.980043,-29.2681,12.375,133,17.5,8.8,0,
839,14,6,6,120.02,2219.32,-63.3,12.375,133,17.5,8.8,0,
840,15,6,6,165.353392,2215.967354,-19.1672,12.375,133,17.5,8.8,0,
841,1,7,6,165.87,2223.37,-5.7906,4.756,133,17.5,8.8,0,
842,2,7,6,166.8903697,2218.319819,-10.6026,4.756,133,17.5,8.8,0,
843,3,7,6,172.5642436,2217.825997,-8.6556,4.756,133,17.5,8.8,0,
844,4,7,6,211.3485433,2210.78491,-35.7969,4.756,133,17.5,8.8,0,-5.437293945197335
845,5,7,6,174.6629756,2218.794147,-5.7884,4.756,133,17.5,8.8,0,
846,6,7,6,166.26,2224.63,-9.8472,4.756,133,17.5,8.8,0,
847,7,7,6,165.4550225,2228.284751,-7.6658,4.756,133,17.5,8.8,0,
848,8,7,6,184.5942422,2234.942905,-10.0173,4.756,133,17.5,8.8,0,
849,9,7,6,172.55,2232.06,-76.7384,4.756,133,17.5,8.8,0,
850,10,7,6,165.5,2225.59,-10.3996,4.756,133,17.5,8.8,0,
851,11,7,6,174.3600174,2210.257593,8.0093,4.756,133,17.5,8.8,0,
852,12,7,6,185.3,2206.2,66.1445,4.756,133,17.5,8.8,0,
853,13,7,6,171.3953578,2213.980043,-29.2681,4.756,133,17.5,8.8,0,
854,14,7,6,120.02,2219.32,-63.3,4.756,133,17.5,8.8,0,-3.928848196757551
855,15,7,6,165.353392,2215.967354,-19.1672,4.756,133,17.5,8.8,0,
856,1,8,6,165.87,2223.37,-5.7906,10.329,169,17.5,8.8,0,
857,2,8,6,166.8903697,2218.319819,-10.6026,10.329,169,17.5,8.8,0,
858,3,8,6,172.5642436,2217.825997,-8.6556,10.329,169,17.5,8.8,0,
859,4,8,6,211.3485433,2210.78491,-35.7969,10.329,169,17.5,8.8,0,
860,5,8,6,174.6629756,2218.794147,-5.7884,10.329,169,17.5,8.8,0,
861,6,8,6,166.26,2224.63,-9.8472,10.329,169,17.5,8.8,0,
862,7,8,6,165.4550225,2228.284751,-7.6658,10.329,169,17.5,8.8,0,
863,8,8,6,184.5942422,2234.942905,-10.0173,10.329,169,17.5,8.8,0,
864,9,8,6,172.55,2232.06,-76.7384,10.329,169,17.5,8.8,0,
865,10,8,6,165.5,2225.59,-10.3996,10.329,169,17.5,8.8,0,
866,11,8,6,174.3600174,2210.257593,8.0093,10.329,169,17.5,8.8,0,
867,12,8,6,185.3,2206.2,66.1445,10.329,169,17.5,8.8,0,
868,13,8,6,171.3953578,2213.980043,-29.2681,10.329,169,17.5,8.8,0,
869,14,8,6,120.02,2219.32,-63.3,10.329,169,17.5,8.8,0,
870,15,8,6,165.353392,2215.967354,-19.1672,10.329,169,17.5,8.8,0,
871,1,9,6,165.87,2223.37,-5.7906,3.17,169,17.5,8.8,0,
872,2,9,6,166.8903697,2218.319819,-10.6026,3.17,169,17.5,8.8,0,
873,3,9,6,172.5642436,2217.825997,-8.6556,3.17,169,17.5,8.8,0,
874,4,9,6,211.3485433,2210.78491,-35.7969,3.17,169,17.5,8.8,0,
875,5,9,6,174.6629756,2218.794147,-5.7884,3.17,169,17.5,8.8,0,
876,6,9,6,166.26,2224.63,-9.8472,3.17,169,17.5,8.8,0,
877,7,9,6,165.4550225,2228.284751,-7.6658,3.17,169,17.5,8.8,0,
878,8,9,6,184.5942422,2234.942905,-10.0173,3.17,169,17.5,8.8,0,
879,9,9,6,172.55,2232.06,-76.7384,3.17,169,17.5,8.8,0,
880,10,9,6,165.5,2225.59,-10.3996,3.17,169,17.5,8.8,0,
881,11,9,6,174.3600174,2210.257593,8.0093,3.17,169,17.5,8.8,0,
882,12,9,6,185.3,2206.2,66.1445,3.17,169,17.5,8.8,0,
883,13,9,6,171.3953578,2213.980043,-29.2681,3.17,169,17.5,8.8,0,
884,14,9,6,120.02,2219.32,-63.3,3.17,169,17.5,8.8,0,
885,15,9,6,165.353392,2215.967354,-19.1672,3.17,169,17.5,8.8,0,
886,1,10,6,165.87,2223.37,-5.7906,13.997,322,17.5,8.8,0,
887,2,10,6,166.8903697,2218.319819,-10.6026,13.997,322,17.5,8.8,0,
888,3,10,6,172.5642436,2217.825997,-8.6556,13.997,322,17.5,8.8,0,
889,4,10,6,211.3485433,2210.78491,-35.7969,13.997,322,17.5,8.8,0,
890,5,10,6,174.6629756,2218.794147,-5.7884,13.997,322,17.5,8.8,0,
891,6,10,6,166.26,2224.63,-9.8472,13.997,322,17.5,8.8,0,
892,7,10,6,165.4550225,2228.284751,-7.6658,13.997,322,17.5,8.8,0,
893,8,10,6,184.5942422,2234.942905,-10.0173,13.997,322,17.5,8.8,0,
894,9,10,6,172.55,2232.06,-76.7384,13.997,322,17.5,8.8,0,
895,10,10,6,165.5,2225.59,-10.3996,13.997,322,17.5,8.8,0,
896,11,10,6,174.3600174,2210.257593,8.0093,13.997,322,17.5,8.8,0,
897,12,10,6,185.3,2206.2,66.1445,13.997,322,17.5,8.8,0,-5.434687542471407
898,13,10,6,171.3953578,2213.980043,-29.2681,13.997,322,17.5,8.8,0,
899,14,10,6,120.02,2219.32,-63.3,13.997,322,17.5,8.8,0,
900,15,10,6,165.353392,2215.967354,-19.1672,13.997,322,17.5,8.8,0,
901,1,1,7,165.87,2223.37,-5.7906,10.329,95,15.8,3.7,6.3,
902,2,1,7,166.8903697,2218.319819,-10.6026,10.329,95,15.8,3.7,6.3,
903,3,1,7,172.5642436,2217.825997,-8.6556,10.329,95,15.8,3.7,6.3,
904,4,1,7,211.3485433,2210.78491,-35.7969,10.329,95,15.8,3.7,6.3,
905,5,1,7,174.6629756,2218.794147,-5.7884,10.329,95,15.8,3.7,6.3,
906,6,1,7,166.26,2224.63,-9.8472,10.329,95,15.8,3.7,6.3,
907,7,1,7,165.4550225,2228.284751,-7.6658,10.329,95,15.8,3.7,6.3,
908,8,1,7,184.5942422,2234.942905,-10.0173,10.329,95,15.8,3.7,6.3,
909,9,1,7,172.55,2232.06,-76.7384,10.329,95,15.8,3.7,6.3,
910,10,1,7,165.5,2225.59,-10.3996,10.329,95,15.8,3.7,6.3,
911,11,1,7,174.3600174,2210.257593,8.0093,10.329,95,15.8,3.7,6.3,
912,12,1,7,185.3,2206.2,66.1445,10.329,95,15.8,3.7,6.3,
913,13,1,7,171.3953578,2213.980043,-29.2681,10.329,95,15.8,3.7,6.3,
914,14,1,7,120.02,2219.32,-63.3,10.329,95,15.8,3.7,6.3,
915,15,1,7,165.353392,2215.967354,-19.1672,10.329,95,15.8,3.7,6.3,
916,1,2,7,165.87,2223.37,-5.7906,6.351,95,15.8,3.7,6.3,
917,2,2,7,166.8903697,2218.319819,-10.6026,6.351,95,15.8,3.7,6.3,
918,3,2,7,172.5642436,2217.825997,-8.6556,6.351,95,15.8,3.7,6.3,
919,4,2,7,211.3485433,2210.78491,-35.7969,6.351,95,15.8,3.7,6.3,
920,5,2,7,174.6629756,2218.794147,-5.7884,6.351,95,15.8,3.7,6.3,-2.928561742823263
921,6,2,7,166.26,2224.63,-9.8472,6.351,95,15.8,3.7,6.3,
922,7,2,7,165.4550225,2228.284751,-7.6658,6.351,95,15.8,3.7,6.3,
923,8,2,7,184.5942422,2234.942905,-10.0173,6.351,95,15.8,3.7,6.3,
924,9,2,7,172.55,2232.06,-76.7384,6.351,95,15.8,3.7,6.3,
925,10,2,7,165.5,2225.59,-10.3996,6.351,95,15.8,3.7,6.3,
926,11,2,7,174.3600174,2210.257593,8.0093,6.351,95,15.8,3.7,6.3,
927,12,2,7,185.3,2206.2,66.1445,6.351,95,15.8,3.7,6.3,
928,13,2,7,171.3953578,2213.980043,-29.2681,6.351,95,15.8,3.7,6.3,
929,14,2,7,120.02,2219.32,-63.3,6.351,95,15.8,3.7,6.3,
930,15,2,7,165.353392,2215.967354,-19.1672,6.351,95,15.8,3.7,6.3,
931,1,3,7,165.87,2223.37,-5.7906,13.997,95,15.8,3.7,6.3,-2.0125761207140833
932,2,3,7,166.8903697,2218.319819,-10.6026,13.997,95,15.8,3.7,6.3,
933,3,3,7,172.5642436,2217.825997,-8.6556,13.997,95,15.8,3.7,6.3,
934,4,3,7,211.3485433,2210.78491,-35.7969,13.997,95,15.8,3.7,6.3,
935,5,3,7,174.6629756,2218.794147,-5.7884,13.997,95,15.8,3.7,6.3,
936,6,3,7,166.26,2224.63,-9.8472,13.997,95,15.8,3.7,6.3,
937,7,3,7,165.4550225,2228.284751,-7.6658,13.997,95,15.8,3.7,6.3,
938,8,3,7,184.5942422,2234.942905,-10.0173,13.997,95,15.8,3.7,6.3,
939,9,3,7,172.55,2232.06,-76.7384,13.997,95,15.8,3.7,6.3,-2.886803706918374
940,10,3,7,165.5,2225.59,-10.3996,13.997,95,15.8,3.7,6.3,
941,11,3,7,174.3600174,2210.257593,8.0093,13.997,95,15.8,3.7,6.3,
942,12,3,7,185.3,2206.2,66.1445,13.997,95,15.8,3.7,6.3,
943,13,3,7,171.3953578,2213.980043,-29.2681,13.997,95,15.8,3.7,6.3,
944,14,3,7,120.02,2219.32,-63.3,13.997,95,15.8,3.7,6.3,
945,15,3,7,165.353392,2215.967354,-19.1672,13.997,95,15.8,3.7,6.3,
946,1,4,7,165.87,2223.37,-5.7906,10.329,133,15.8,3.7,6.3,
947,2,4,7,166.8903697,2218.319819,-10.6026,10.329,133,15.8,3.7,6.3,
948,3,4,7,172.5642436,2217.825997,-8.6556,10.329,133,15.8,3.7,6.3,
949,4,4,7,211.3485433,2210.78491,-35.7969,10.329,133,15.8,3.7,6.3,
950,5,4,7,174.6629756,2218.794147,-5.7884,10.329,133,15.8,3.7,6.3,
951,6,4,7,166.26,2224.63,-9.8472,10.329,133,15.8,3.7,6.3,
952,7,4,7,165.4550225,2228.284751,-7.6658,10.329,133,15.8,3.7,6.3,
953,8,4,7,184.5942422,2234.942905,-10.0173,10.329,133,15.8,3.7,6.3,
954,9,4,7,172.55,2232.06,-76.7384,10.329,133,15.8,3.7,6.3,
955,10,4,7,165.5,2225.59,-10.3996,10.329,133,15.8,3.7,6.3,
956,11,4,7,174.3600174,2210.257593,8.0093,10.329,133,15.8,3.7,6.3,
957,12,4,7,185.3,2206.2,66.1445,10.329,133,15.8,3.7,6.3,
958,13,4,7,171.3953578,2213.980043,-29.2681,10.329,133,15.8,3.7,6.3,
959,14,4,7,120.02,2219.32,-63.3,10.329,133,15.8,3.7,6.3,
960,15,4,7,165.353392,2215.967354,-19.1672,10.329,133,15.8,3.7,6.3,
961,1,5,7,165.87,2223.37,-5.7906,13.997,133,15.8,3.7,6.3,
962,2,5,7,166.8903697,2218.319819,-10.6026,13.997,133,15.8,3.7,6.3,
963,3,5,7,172.5642436,2217.825997,-8.6556,13.997,133,15.8,3.7,6.3,
964,4,5,7,211.3485433,2210.78491,-35.7969,13.997,133,15.8,3.7,6.3,
965,5,5,7,174.6629756,2218.794147,-5.7884,13.997,133,15.8,3.7,6.3,
966,6,5,7,166.26,2224.63,-9.8472,13.997,133,15.8,3.7,6.3,
967,7,5,7,165.4550225,2228.284751,-7.6658,13.997,133,15.8,3.7,6.3,
968,8,5,7,184.5942422,2234.942905,-10.0173,13.997,133,15.8,3.7,6.3,
969,9,5,7,172.55,2232.06,-76.7384,13.997,133,15.8,3.7,6.3,
970,10,5,7,165.5,2225.59,-10.3996,13.997,133,15.8,3.7,6.3,
971,11,5,7,174.3600174,2210.257593,8.0093,13.997,133,15.8,3.7,6.3,
972,12,5,7,185.3,2206.2,66.1445,13.997,133,15.8,3.7,6.3,
973,13,5,7,171.3953578,2213.980043,-29.2681,13.997,133,15.8,3.7,6.3,
974,14,5,7,120.02,2219.32,-63.3,13.997,133,15.8,3.7,6.3,
975,15,5,7,165.353392,2215.967354,-19.1672,13.997,133,15.8,3.7,6.3,
976,1,6,7,165.87,2223.37,-5.7906,12.375,133,15.8,3.7,6.3,
977,2,6,7,166.8903697,2218.319819,-10.6026,12.375,133,15.8,3.7,6.3,
978,3,6,7,172.5642436,2217.825997,-8.6556,12.375,133,15.8,3.7,6.3,
979,4,6,7,211.3485433,2210.78491,-35.7969,12.375,133,15.8,3.7,6.3,
980,5,6,7,174.6629756,2218.794147,-5.7884,12.375,133,15.8,3.7,6.3,
981,6,6,7,166.26,2224.63,-9.8472,12.375,133,15.8,3.7,6.3,
982,7,6,7,165.4550225,2228.284751,-7.6658,12.375,133,15.8,3.7,6.3,
983,8,6,7,184.5942422,2234.942905,-10.0173,12.375,133,15.8,3.7,6.3,
984,9,6,7,172.55,2232.06,-76.7384,12.375,133,15.8,3.7,6.3,
985,10,6,7,165.5,2225.59,-10.3996,12.375,133,15.8,3.7,6.3,
986,11,6,7,174.3600174,2210.257593,8.0093,12.375,133,15.8,3.7,6.3,
987,12,6,7,185.3,2206.2,66.1445,12.375,133,15.8,3.7,6.3,
988,13,6,7,171.3953578,2213.980043,-29.2681,12.375,133,15.8,3.7,6.3,
989,14,6,7,120.02,2219.32,-63.3,12.375,133,15.8,3.7,6.3,
990,15,6,7,165.353392,2215.967354,-19.1672,12.375,133,15.8,3.7,6.3,
991,1,7,7,165.87,2223.37,-5.7906,4.756,133,15.8,3.7,6.3,
992,2,7,7,166.8903697,2218.319819,-10.6026,4.756,133,15.8,3.7,6.3,
993,3,7,7,172.5642436,2217.825997,-8.6556,4.756,133,15.8,3.7,6.3,
994,4,7,7,211.3485433,2210.78491,-35.7969,4.756,133,15.8,3.7,6.3,
995,5,7,7,174.6629756,2218.794147,-5.7884,4.756,133,15.8,3.7,6.3,
996,6,7,7,166.26,2224.63,-9.8472,4.756,133,15.8,3.7,6.3,
997,7,7,7,165.4550225,2228.284751,-7.6658,4.756,133,15.8,3.7,6.3,
998,8,7,7,184.5942422,2234.942905,-10.0173,4.756,133,15.8,3.7,6.3,
999,9,7,7,172.55,2232.06,-76.7384,4.756,133,15.8,3.7,6.3,
1000,10,7,7,165.5,2225.59,-10.3996,4.756,133,15.8,3.7,6.3,
1001,11,7,7,174.3600174,2210.257593,8.0093,4.756,133,15.8,3.7,6.3,
1002,12,7,7,185.3,2206.2,66.1445,4.756,133,15.8,3.7,6.3,
1003,13,7,7,171.3953578,2213.980043,-29.2681,4.756,133,15.8,3.7,6.3,
1004,14,7,7,120.02,2219.32,-63.3,4.756,133,15.8,3.7,6.3,
1005,15,7,7,165.353392,2215.967354,-19.1672,4.756,133,15.8,3.7,6.3,
1006,1,8,7,165.87,2223.37,-5.7906,10.329,169,15.8,3.7,6.3,
1007,2,8,7,166.8903697,2218.319819,-10.6026,10.329,169,15.8,3.7,6.3,-2.9610944551763594
1008,3,8,7,172.5642436,2217.825997,-8.6556,10.329,169,15.8,3.7,6.3,-4.0919952326820965
1009,4,8,7,211.3485433,2210.78491,-35.7969,10.329,169,15.8,3.7,6.3,
1010,5,8,7,174.6629756,2218.794147,-5.7884,10.329,169,15.8,3.7,6.3,
1011,6,8,7,166.26,2224.63,-9.8472,10.329,169,15.8,3.7,6.3,
1012,7,8,7,165.4550225,2228.284751,-7.6658,10.329,169,15.8,3.7,6.3,
1013,8,8,7,184.5942422,2234.942905,-10.0173,10.329,169,15.8,3.7,6.3,
1014,9,8,7,172.55,2232.06,-76.7384,10.329,169,15.8,3.7,6.3,
1015,10,8,7,165.5,2225.59,-10.3996,10.329,169,15.8,3.7,6.3,
1016,11,8,7,174.3600174,2210.257593,8.0093,10.329,169,15.8,3.7,6.3,
1017,12,8,7,185.3,2206.2,66.1445,10.329,169,15.8,3.7,6.3,
1018,13,8,7,171.3953578,2213.980043,-29.2681,10.329,169,15.8,3.7,6.3,
1019,14,8,7,120.02,2219.32,-63.3,10.329,169,15.8,3.7,6.3,
1020,15,8,7,165.353392,2215.967354,-19.1672,10.329,169,15.8,3.7,6.3,-3.666705549579879
1021,1,9,7,165.87,2223.37,-5.7906,3.17,169,15.8,3.7,6.3,
1022,2,9,7,166.8903697,2218.319819,-10.6026,3.17,169,15.8,3.7,6.3,-2.5655540505785357
1023,3,9,7,172.5642436,2217.825997,-8.6556,3.17,169,15.8,3.7,6.3,
1024,4,9,7,211.3485433,2210.78491,-35.7969,3.17,169,15.8,3.7,6.3,
1025,5,9,7,174.6629756,2218.794147,-5.7884,3.17,169,15.8,3.7,6.3,
1026,6,9,7,166.26,2224.63,-9.8472,3.17,169,15.8,3.7,6.3,
1027,7,9,7,165.4550225,2228.284751,-7.6658,3.17,169,15.8,3.7,6.3,-5.019939254279639
1028,8,9,7,184.5942422,2234.942905,-10.0173,3.17,169,15.8,3.7,6.3,
1029,9,9,7,172.55,2232.06,-76.7384,3.17,169,15.8,3.7,6.3,
1030,10,9,7,165.5,2225.59,-10.3996,3.17,169,15.8,3.7,6.3,
1031,11,9,7,174.3600174,2210.257593,8.0093,3.17,169,15.8,3.7,6.3,
1032,12,9,7,185.3,2206.2,66.1445,3.17,169,15.8,3.7,6.3,
1033,13,9,7,171.3953578,2213.980043,-29.2681,3.17,169,15.8,3.7,6.3,
1034,14,9,7,120.02,2219.32,-63.3,3.17,169,15.8,3.7,6.3,
1035,15,9,7,165.353392,2215.967354,-19.1672,3.17,169,15.8,3.7,6.3,
1036,1,10,7,165.87,2223.37,-5.7906,13.997,322,15.8,3.7,6.3,-2.7779858086645137
1037,2,10,7,166.8903697,2218.319819,-10.6026,13.997,322,15.8,3.7,6.3,
1038,3,10,7,172.5642436,2217.825997,-8.6556,13.997,322,15.8,3.7,6.3,
1039,4,10,7,211.3485433,2210.78491,-35.7969,13.997,322,15.8,3.7,6.3,
1040,5,10,7,174.6629756,2218.794147,-5.7884,13.997,322,15.8,3.7,6.3,
1041,6,10,7,166.26,2224.63,-9.8472,13.997,322,15.8,3.7,6.3,-2.466479291463623
1042,7,10,7,165.4550225,2228.284751,-7.6658,13.997,322,15.8,3.7,6.3,
1043,8,10,7,184.5942422,2234.942905,-10.0173,13.997,322,15.8,3.7,6.3,
1044,9,10,7,172.55,2232.06,-76.7384,13.997,322,15.8,3.7,6.3,-2.246758196385768
1045,10,10,7,165.5,2225.59,-10.3996,13.997,322,15.8,3.7,6.3,
1046,11,10,7,174.3600174,2210.257593,8.0093,13.997,322,15.8,3.7,6.3,
1047,12,10,7,185.3,2206.2,66.1445,13.997,322,15.8,3.7,6.3,
1048,13,10,7,171.3953578,2213.980043,-29.2681,13.997,322,15.8,3.7,6.3,
1049,14,10,7,120.02,2219.32,-63.3,13.997,322,15.8,3.7,6.3,
1050,15,10,7,165.353392,2215.967354,-19.1672,13.997,322,15.8,3.7,6.3,
1051,1,1,8,165.87,2223.37,-5.7906,10.329,95,18,1.4,2,
1052,2,1,8,166.8903697,2218.319819,-10.6026,10.329,95,18,1.4,2,
1053,3,1,8,172.5642436,2217.825997,-8.6556,10.329,95,18,1.4,2,
1054,4,1,8,211.3485433,2210.78491,-35.7969,10.329,95,18,1.4,2,
1055,5,1,8,174.6629756,2218.794147,-5.7884,10.329,95,18,1.4,2,
1056,6,1,8,166.26,2224.63,-9.8472,10.329,95,18,1.4,2,
1057,7,1,8,165.4550225,2228.284751,-7.6658,10.329,95,18,1.4,2,
1058,8,1,8,184.5942422,2234.942905,-10.0173,10.329,95,18,1.4,2,
1059,9,1,8,172.55,2232.06,-76.7384,10.329,95,18,1.4,2,
1060,10,1,8,165.5,2225.59,-10.3996,10.329,95,18,1.4,2,
1061,11,1,8,174.3600174,2210.257593,8.0093,10.329,95,18,1.4,2,
1062,12,1,8,185.3,2206.2,66.1445,10.329,95,18,1.4,2,
1063,13,1,8,171.3953578,2213.980043,-29.2681,10.329,95,18,1.4,2,
1064,14,1,8,120.02,2219.32,-63.3,10.329,95,18,1.4,2,
1065,15,1,8,165.353392,2215.967354,-19.1672,10.329,95,18,1.4,2,
1066,1,2,8,165.87,2223.37,-5.7906,6.351,95,18,1.4,2,-4.3099431515115585
1067,2,2,8,166.8903697,2218.319819,-10.6026,6.351,95,18,1.4,2,
1068,3,2,8,172.5642436,2217.825997,-8.6556,6.351,95,18,1.4,2,
1069,4,2,8,211.3485433,2210.78491,-35.7969,6.351,95,18,1.4,2,
1070,5,2,8,174.6629756,2218.794147,-5.7884,6.351,95,18,1.4,2,
1071,6,2,8,166.26,2224.63,-9.8472,6.351,95,18,1.4,2,
1072,7,2,8,165.4550225,2228.284751,-7.6658,6.351,95,18,1.4,2,
1073,8,2,8,184.5942422,2234.942905,-10.0173,6.351,95,18,1.4,2,
1074,9,2,8,172.55,2232.06,-76.7384,6.351,95,18,1.4,2,
1075,10,2,8,165.5,2225.59,-10.3996,6.351,95,18,1.4,2,
1076,11,2,8,174.3600174,2210.257593,8.0093,6.351,95,18,1.4,2,
1077,12,2,8,185.3,2206.2,66.1445,6.351,95,18,1.4,2,
1078,13,2,8,171.3953578,2213.980043,-29.2681,6.351,95,18,1.4,2,
1079,14,2,8,120.02,2219.32,-63.3,6.351,95,18,1.4,2,
1080,15,2,8,165.353392,2215.967354,-19.1672,6.351,95,18,1.4,2,-5.48504140268106
1081,1,3,8,165.87,2223.37,-5.7906,13.997,95,18,1.4,2,
1082,2,3,8,166.8903697,2218.319819,-10.6026,13.997,95,18,1.4,2,-5.352917026717012
1083,3,3,8,172.5642436,2217.825997,-8.6556,13.997,95,18,1.4,2,
1084,4,3,8,211.3485433,2210.78491,-35.7969,13.997,95,18,1.4,2,
1085,5,3,8,174.6629756,2218.794147,-5.7884,13.997,95,18,1.4,2,
1086,6,3,8,166.26,2224.63,-9.8472,13.997,95,18,1.4,2,
1087,7,3,8,165.4550225,2228.284751,-7.6658,13.997,95,18,1.4,2,
1088,8,3,8,184.5942422,2234.942905,-10.0173,13.997,95,18,1.4,2,
1089,9,3,8,172.55,2232.06,-76.7384,13.997,95,18,1.4,2,
1090,10,3,8,165.5,2225.59,-10.3996,13.997,95,18,1.4,2,
1091,11,3,8,174.3600174,2210.257593,8.0093,13.997,95,18,1.4,2,
1092,12,3,8,185.3,2206.2,66.1445,13.997,95,18,1.4,2,
1093,13,3,8,171.3953578,2213.980043,-29.2681,13.997,95,18,1.4,2,
1094,14,3,8,120.02,2219.32,-63.3,13.997,95,18,1.4,2,
1095,15,3,8,165.353392,2215.967354,-19.1672,13.997,95,18,1.4,2,
1096,1,4,8,165.87,2223.37,-5.7906,10.329,133,18,1.4,2,
1097,2,4,8,166.8903697,2218.319819,-10.6026,10.329,133,18,1.4,2,
1098,3,4,8,172.5642436,2217.825997,-8.6556,10.329,133,18,1.4,2,
1099,4,4,8,211.3485433,2210.78491,-35.7969,10.329,133,18,1.4,2,
1100,5,4,8,174.6629756,2218.794147,-5.7884,10.329,133,18,1.4,2,
1101,6,4,8,166.26,2224.63,-9.8472,10.329,133,18,1.4,2,
1102,7,4,8,165.4550225,2228.284751,-7.6658,10.329,133,18,1.4,2,
1103,8,4,8,184.5942422,2234.942905,-10.0173,10.329,133,18,1.4,2,
1104,9,4,8,172.55,2232.06,-76.7384,10.329,133,18,1.4,2,
1105,10,4,8,165.5,2225.59,-10.3996,10.329,133,18,1.4,2,
1106,11,4,8,174.3600174,2210.257593,8.0093,10.329,133,18,1.4,2,
1107,12,4,8,185.3,2206.2,66.1445,10.329,133,18,1.4,2,
1108,13,4,8,171.3953578,2213.980043,-29.2681,10.329,133,18,1.4,2,
1109,14,4,8,120.02,2219.32,-63.3,10.329,133,18,1.4,2,
1110,15,4,8,165.353392,2215.967354,-19.1672,10.329,133,18,1.4,2,
1111,1,5,8,165.87,2223.37,-5.7906,13.997,133,18,1.4,2,
1112,2,5,8,166.8903697,2218.319819,-10.6026,13.997,133,18,1.4,2,
1113,3,5,8,172.5642436,2217.825997,-8.6556,13.997,133,18,1.4,2,
1114,4,5,8,211.3485433,2210.78491,-35.7969,13.997,133,18,1.4,2,
1115,5,5,8,174.6629756,2218.794147,-5.7884,13.997,133,18,1.4,2,
1116,6,5,8,166.26,2224.63,-9.8472,13.997,133,18,1.4,2,
1117,7,5,8,165.4550225,2228.284751,-7.6658,13.997,133,18,1.4,2,
1118,8,5,8,184.5942422,2234.942905,-10.0173,13.997,133,18,1.4,2,
1119,9,5,8,172.55,2232.06,-76.7384,13.997,133,18,1.4,2,
1120,10,5,8,165.5,2225.59,-10.3996,13.997,133,18,1.4,2,
1121,11,5,8,174.3600174,2210.257593,8.0093,13.997,133,18,1.4,2,
1122,12,5,8,185.3,2206.2,66.1445,13.997,133,18,1.4,2,
1123,13,5,8,171.3953578,2213.980043,-29.2681,13.997,133,18,1.4,2,
1124,14,5,8,120.02,2219.32,-63.3,13.997,133,18,1.4,2,
1125,15,5,8,165.353392,2215.967354,-19.1672,13.997,133,18,1.4,2,
1126,1,6,8,165.87,2223.37,-5.7906,12.375,133,18,1.4,2,
1127,2,6,8,166.8903697,2218.319819,-10.6026,12.375,133,18,1.4,2,
1128,3,6,8,172.5642436,2217.825997,-8.6556,12.375,133,18,1.4,2,
1129,4,6,8,211.3485433,2210.78491,-35.7969,12.375,133,18,1.4,2,
1130,5,6,8,174.6629756,2218.794147,-5.7884,12.375,133,18,1.4,2,
1131,6,6,8,166.26,2224.63,-9.8472,12.375,133,18,1.4,2,
1132,7,6,8,165.4550225,2228.284751,-7.6658,12.375,133,18,1.4,2,
1133,8,6,8,184.5942422,2234.942905,-10.0173,12.375,133,18,1.4,2,
1134,9,6,8,172.55,2232.06,-76.7384,12.375,133,18,1.4,2,
1135,10,6,8,165.5,2225.59,-10.3996,12.375,133,18,1.4,2,
1136,11,6,8,174.3600174,2210.257593,8.0093,12.375,133,18,1.4,2,
1137,12,6,8,185.3,2206.2,66.1445,12.375,133,18,1.4,2,
1138,13,6,8,171.3953578,2213.980043,-29.2681,12.375,133,18,1.4,2,
1139,14,6,8,120.02,2219.32,-63.3,12.375,133,18,1.4,2,
1140,15,6,8,165.353392,2215.967354,-19.1672,12.375,133,18,1.4,2,
1141,1,7,8,165.87,2223.37,-5.7906,4.756,133,18,1.4,2,
1142,2,7,8,166.8903697,2218.319819,-10.6026,4.756,133,18,1.4,2,
1143,3,7,8,172.5642436,2217.825997,-8.6556,4.756,133,18,1.4,2,
1144,4,7,8,211.3485433,2210.78491,-35.7969,4.756,133,18,1.4,2,
1145,5,7,8,174.6629756,2218.794147,-5.7884,4.756,133,18,1.4,2,
1146,6,7,8,166.26,2224.63,-9.8472,4.756,133,18,1.4,2,
1147,7,7,8,165.4550225,2228.284751,-7.6658,4.756,133,18,1.4,2,
1148,8,7,8,184.5942422,2234.942905,-10.0173,4.756,133,18,1.4,2,
1149,9,7,8,172.55,2232.06,-76.7384,4.756,133,18,1.4,2,
1150,10,7,8,165.5,2225.59,-10.3996,4.756,133,18,1.4,2,
1151,11,7,8,174.3600174,2210.257593,8.0093,4.756,133,18,1.4,2,
1152,12,7,8,185.3,2206.2,66.1445,4.756,133,18,1.4,2,
1153,13,7,8,171.3953578,2213.980043,-29.2681,4.756,133,18,1.4,2,
1154,14,7,8,120.02,2219.32,-63.3,4.756,133,18,1.4,2,
1155,15,7,8,165.353392,2215.967354,-19.1672,4.756,133,18,1.4,2,
1156,1,8,8,165.87,2223.37,-5.7906,10.329,169,18,1.4,2,-2.581924003150619
1157,2,8,8,166.8903697,2218.319819,-10.6026,10.329,169,18,1.4,2,
1158,3,8,8,172.5642436,2217.825997,-8.6556,10.329,169,18,1.4,2,
1159,4,8,8,211.3485433,2210.78491,-35.7969,10.329,169,18,1.4,2,
1160,5,8,8,174.6629756,2218.794147,-5.7884,10.329,169,18,1.4,2,
1161,6,8,8,166.26,2224.63,-9.8472,10.329,169,18,1.4,2,
1162,7,8,8,165.4550225,2228.284751,-7.6658,10.329,169,18,1.4,2,
1163,8,8,8,184.5942422,2234.942905,-10.0173,10.329,169,18,1.4,2,
1164,9,8,8,172.55,2232.06,-76.7384,10.329,169,18,1.4,2,
1165,10,8,8,165.5,2225.59,-10.3996,10.329,169,18,1.4,2,
1166,11,8,8,174.3600174,2210.257593,8.0093,10.329,169,18,1.4,2,
1167,12,8,8,185.3,2206.2,66.1445,10.329,169,18,1.4,2,
1168,13,8,8,171.3953578,2213.980043,-29.2681,10.329,169,18,1.4,2,
1169,14,8,8,120.02,2219.32,-63.3,10.329,169,18,1.4,2,
1170,15,8,8,165.353392,2215.967354,-19.1672,10.329,169,18,1.4,2,
1171,1,9,8,165.87,2223.37,-5.7906,3.17,169,18,1.4,2,-3.657507088206513
1172,2,9,8,166.8903697,2218.319819,-10.6026,3.17,169,18,1.4,2,
1173,3,9,8,172.5642436,2217.825997,-8.6556,3.17,169,18,1.4,2,
1174,4,9,8,211.3485433,2210.78491,-35.7969,3.17,169,18,1.4,2,
1175,5,9,8,174.6629756,2218.794147,-5.7884,3.17,169,18,1.4,2,
1176,6,9,8,166.26,2224.63,-9.8472,3.17,169,18,1.4,2,
1177,7,9,8,165.4550225,2228.284751,-7.6658,3.17,169,18,1.4,2,
1178,8,9,8,184.5942422,2234.942905,-10.0173,3.17,169,18,1.4,2,
1179,9,9,8,172.55,2232.06,-76.7384,3.17,169,18,1.4,2,
1180,10,9,8,165.5,2225.59,-10.3996,3.17,169,18,1.4,2,
1181,11,9,8,174.3600174,2210.257593,8.0093,3.17,169,18,1.4,2,
1182,12,9,8,185.3,2206.2,66.1445,3.17,169,18,1.4,2,
1183,13,9,8,171.3953578,2213.980043,-29.2681,3.17,169,18,1.4,2,
1184,14,9,8,120.02,2219.32,-63.3,3.17,169,18,1.4,2,
1185,15,9,8,165.353392,2215.967354,-19.1672,3.17,169,18,1.4,2,
1186,1,10,8,165.87,2223.37,-5.7906,13.997,322,18,1.4,2,
1187,2,10,8,166.8903697,2218.319819,-10.6026,13.997,322,18,1.4,2,
1188,3,10,8,172.5642436,2217.825997,-8.6556,13.997,322,18,1.4,2,
1189,4,10,8,211.3485433,2210.78491,-35.7969,13.997,322,18,1.4,2,
1190,5,10,8,174.6629756,2218.794147,-5.7884,13.997,322,18,1.4,2,
1191,6,10,8,166.26,2224.63,-9.8472,13.997,322,18,1.4,2,
1192,7,10,8,165.4550225,2228.284751,-7.6658,13.997,322,18,1.4,2,
1193,8,10,8,184.5942422,2234.942905,-10.0173,13.997,322,18,1.4,2,
1194,9,10,8,172.55,2232.06,-76.7384,13.997,322,18,1.4,2,
1195,10,10,8,165.5,2225.59,-10.3996,13.997,322,18,1.4,2,
1196,11,10,8,174.3600174,2210.257593,8.0093,13.997,322,18,1.4,2,
1197,12,10,8,185.3,2206.2,66.1445,13.997,322,18,1.4,2,
1198,13,10,8,171.3953578,2213.980043,-29.2681,13.997,322,18,1.4,2,
1199,14,10,8,120.02,2219.32,-63.3,13.997,322,18,1.4,2,
1200,15,10,8,165.353392,2215.967354,-19.1672,13.997,322,18,1.4,2,
1201,1,1,9,165.87,2223.37,-5.7906,10.329,95,19,1.8,7.4,
1202,2,1,9,166.8903697,2218.319819,-10.6026,10.329,95,19,1.8,7.4,
1203,3,1,9,172.5642436,2217.825997,-8.6556,10.329,95,19,1.8,7.4,-2.0465007890627875
1204,4,1,9,211.3485433,2210.78491,-35.7969,10.329,95,19,1.8,7.4,
1205,5,1,9,174.6629756,2218.794147,-5.7884,10.329,95,19,1.8,7.4,-1.9807208827741851
1206,6,1,9,166.26,2224.63,-9.8472,10.329,95,19,1.8,7.4,-1.593635650198024
1207,7,1,9,165.4550225,2228.284751,-7.6658,10.329,95,19,1.8,7.4,
1208,8,1,9,184.5942422,2234.942905,-10.0173,10.329,95,19,1.8,7.4,
1209,9,1,9,172.55,2232.06,-76.7384,10.329,95,19,1.8,7.4,-2.947903474538061
1210,10,1,9,165.5,2225.59,-10.3996,10.329,95,19,1.8,7.4,
1211,11,1,9,174.3600174,2210.257593,8.0093,10.329,95,19,1.8,7.4,
1212,12,1,9,185.3,2206.2,66.1445,10.329,95,19,1.8,7.4,
1213,13,1,9,171.3953578,2213.980043,-29.2681,10.329,95,19,1.8,7.4,
1214,14,1,9,120.02,2219.32,-63.3,10.329,95,19,1.8,7.4,
1215,15,1,9,165.353392,2215.967354,-19.1672,10.329,95,19,1.8,7.4,
1216,1,2,9,165.87,2223.37,-5.7906,6.351,95,19,1.8,7.4,
1217,2,2,9,166.8903697,2218.319819,-10.6026,6.351,95,19,1.8,7.4,
1218,3,2,9,172.5642436,2217.825997,-8.6556,6.351,95,19,1.8,7.4,
1219,4,2,9,211.3485433,2210.78491,-35.7969,6.351,95,19,1.8,7.4,
1220,5,2,9,174.6629756,2218.794147,-5.7884,6.351,95,19,1.8,7.4,
1221,6,2,9,166.26,2224.63,-9.8472,6.351,95,19,1.8,7.4,
1222,7,2,9,165.4550225,2228.284751,-7.6658,6.351,95,19,1.8,7.4,
1223,8,2,9,184.5942422,2234.942905,-10.0173,6.351,95,19,1.8,7.4,
1224,9,2,9,172.55,2232.06,-76.7384,6.351,95,19,1.8,7.4,
1225,10,2,9,165.5,2225.59,-10.3996,6.351,95,19,1.8,7.4,
1226,11,2,9,174.3600174,2210.257593,8.0093,6.351,95,19,1.8,7.4,
1227,12,2,9,185.3,2206.2,66.1445,6.351,95,19,1.8,7.4,
1228,13,2,9,171.3953578,2213.980043,-29.2681,6.351,95,19,1.8,7.4,
1229,14,2,9,120.02,2219.32,-63.3,6.351,95,19,1.8,7.4,
1230,15,2,9,165.353392,2215.967354,-19.1672,6.351,95,19,1.8,7.4,
1231,1,3,9,165.87,2223.37,-5.7906,13.997,95,19,1.8,7.4,-0.9778032711075425
1232,2,3,9,166.8903697,2218.319819,-10.6026,13.997,95,19,1.8,7.4,-1.221063602805758
1233,3,3,9,172.5642436,2217.825997,-8.6556,13.997,95,19,1.8,7.4,-1.5150884403709717
1234,4,3,9,211.3485433,2210.78491,-35.7969,13.997,95,19,1.8,7.4,-3.934880414683593
1235,5,3,9,174.6629756,2218.794147,-5.7884,13.997,95,19,1.8,7.4,-1.3604304170114434
1236,6,3,9,166.26,2224.63,-9.8472,13.997,95,19,1.8,7.4,-1.5332670627853746
1237,7,3,9,165.4550225,2228.284751,-7.6658,13.997,95,19,1.8,7.4,
1238,8,3,9,184.5942422,2234.942905,-10.0173,13.997,95,19,1.8,7.4,-2.9333475600682872
1239,9,3,9,172.55,2232.06,-76.7384,13.997,95,19,1.8,7.4,
1240,10,3,9,165.5,2225.59,-10.3996,13.997,95,19,1.8,7.4,-1.8020592694703887
1241,11,3,9,174.3600174,2210.257593,8.0093,13.997,95,19,1.8,7.4,
1242,12,3,9,185.3,2206.2,66.1445,13.997,95,19,1.8,7.4,-5.445098159538474
1243,13,3,9,171.3953578,2213.980043,-29.2681,13.997,95,19,1.8,7.4,
1244,14,3,9,120.02,2219.32,-63.3,13.997,95,19,1.8,7.4,
1245,15,3,9,165.353392,2215.967354,-19.1672,13.997,95,19,1.8,7.4,
1246,1,4,9,165.87,2223.37,-5.7906,10.329,133,19,1.8,7.4,
1247,2,4,9,166.8903697,2218.319819,-10.6026,10.329,133,19,1.8,7.4,
1248,3,4,9,172.5642436,2217.825997,-8.6556,10.329,133,19,1.8,7.4,
1249,4,4,9,211.3485433,2210.78491,-35.7969,10.329,133,19,1.8,7.4,
1250,5,4,9,174.6629756,2218.794147,-5.7884,10.329,133,19,1.8,7.4,-1.7655010181688764
1251,6,4,9,166.26,2224.63,-9.8472,10.329,133,19,1.8,7.4,-1.6058444275555128
1252,7,4,9,165.4550225,2228.284751,-7.6658,10.329,133,19,1.8,7.4,
1253,8,4,9,184.5942422,2234.942905,-10.0173,10.329,133,19,1.8,7.4,
1254,9,4,9,172.55,2232.06,-76.7384,10.329,133,19,1.8,7.4,
1255,10,4,9,165.5,2225.59,-10.3996,10.329,133,19,1.8,7.4,-1.6681638404280241
1256,11,4,9,174.3600174,2210.257593,8.0093,10.329,133,19,1.8,7.4,
1257,12,4,9,185.3,2206.2,66.1445,10.329,133,19,1.8,7.4,
1258,13,4,9,171.3953578,2213.980043,-29.2681,10.329,133,19,1.8,7.4,
1259,14,4,9,120.02,2219.32,-63.3,10.329,133,19,1.8,7.4,
1260,15,4,9,165.353392,2215.967354,-19.1672,10.329,133,19,1.8,7.4,
1261,1,5,9,165.87,2223.37,-5.7906,13.997,133,19,1.8,7.4,
1262,2,5,9,166.8903697,2218.319819,-10.6026,13.997,133,19,1.8,7.4,-1.7122122279363434
1263,3,5,9,172.5642436,2217.825997,-8.6556,13.997,133,19,1.8,7.4,
1264,4,5,9,211.3485433,2210.78491,-35.7969,13.997,133,19,1.8,7.4,
1265,5,5,9,174.6629756,2218.794147,-5.7884,13.997,133,19,1.8,7.4,-1.6048527142403914
1266,6,5,9,166.26,2224.63,-9.8472,13.997,133,19,1.8,7.4,
1267,7,5,9,165.4550225,2228.284751,-7.6658,13.997,133,19,1.8,7.4,
1268,8,5,9,184.5942422,2234.942905,-10.0173,13.997,133,19,1.8,7.4,
1269,9,5,9,172.55,2232.06,-76.7384,13.997,133,19,1.8,7.4,
1270,10,5,9,165.5,2225.59,-10.3996,13.997,133,19,1.8,7.4,-2.095823342255157
1271,11,5,9,174.3600174,2210.257593,8.0093,13.997,133,19,1.8,7.4,
1272,12,5,9,185.3,2206.2,66.1445,13.997,133,19,1.8,7.4,
1273,13,5,9,171.3953578,2213.980043,-29.2681,13.997,133,19,1.8,7.4,
1274,14,5,9,120.02,2219.32,-63.3,13.997,133,19,1.8,7.4,
1275,15,5,9,165.353392,2215.967354,-19.1672,13.997,133,19,1.8,7.4,
1276,1,6,9,165.87,2223.37,-5.7906,12.375,133,19,1.8,7.4,
1277,2,6,9,166.8903697,2218.319819,-10.6026,12.375,133,19,1.8,7.4,
1278,3,6,9,172.5642436,2217.825997,-8.6556,12.375,133,19,1.8,7.4,
1279,4,6,9,211.3485433,2210.78491,-35.7969,12.375,133,19,1.8,7.4,
1280,5,6,9,174.6629756,2218.794147,-5.7884,12.375,133,19,1.8,7.4,
1281,6,6,9,166.26,2224.63,-9.8472,12.375,133,19,1.8,7.4,
1282,7,6,9,165.4550225,2228.284751,-7.6658,12.375,133,19,1.8,7.4,-2.3555031022356543
1283,8,6,9,184.5942422,2234.942905,-10.0173,12.375,133,19,1.8,7.4,
1284,9,6,9,172.55,2232.06,-76.7384,12.375,133,19,1.8,7.4,
1285,10,6,9,165.5,2225.59,-10.3996,12.375,133,19,1.8,7.4,-1.7479255149602366
1286,11,6,9,174.3600174,2210.257593,8.0093,12.375,133,19,1.8,7.4,
1287,12,6,9,185.3,2206.2,66.1445,12.375,133,19,1.8,7.4,
1288,13,6,9,171.3953578,2213.980043,-29.2681,12.375,133,19,1.8,7.4,
1289,14,6,9,120.02,2219.32,-63.3,12.375,133,19,1.8,7.4,
1290,15,6,9,165.353392,2215.967354,-19.1672,12.375,133,19,1.8,7.4,
1291,1,7,9,165.87,2223.37,-5.7906,4.756,133,19,1.8,7.4,
1292,2,7,9,166.8903697,2218.319819,-10.6026,4.756,133,19,1.8,7.4,
1293,3,7,9,172.5642436,2217.825997,-8.6556,4.756,133,19,1.8,7.4,
1294,4,7,9,211.3485433,2210.78491,-35.7969,4.756,133,19,1.8,7.4,
1295,5,7,9,174.6629756,2218.794147,-5.7884,4.756,133,19,1.8,7.4,
1296,6,7,9,166.26,2224.63,-9.8472,4.756,133,19,1.8,7.4,
1297,7,7,9,165.4550225,2228.284751,-7.6658,4.756,133,19,1.8,7.4,
1298,8,7,9,184.5942422,2234.942905,-10.0173,4.756,133,19,1.8,7.4,
1299,9,7,9,172.55,2232.06,-76.7384,4.756,133,19,1.8,7.4,
1300,10,7,9,165.5,2225.59,-10.3996,4.756,133,19,1.8,7.4,-1.9848526539847837
1301,11,7,9,174.3600174,2210.257593,8.0093,4.756,133,19,1.8,7.4,
1302,12,7,9,185.3,2206.2,66.1445,4.756,133,19,1.8,7.4,
1303,13,7,9,171.3953578,2213.980043,-29.2681,4.756,133,19,1.8,7.4,
1304,14,7,9,120.02,2219.32,-63.3,4.756,133,19,1.8,7.4,
1305,15,7,9,165.353392,2215.967354,-19.1672,4.756,133,19,1.8,7.4,
1306,1,8,9,165.87,2223.37,-5.7906,10.329,169,19,1.8,7.4,
1307,2,8,9,166.8903697,2218.319819,-10.6026,10.329,169,19,1.8,7.4,
1308,3,8,9,172.5642436,2217.825997,-8.6556,10.329,169,19,1.8,7.4,
1309,4,8,9,211.3485433,2210.78491,-35.7969,10.329,169,19,1.8,7.4,
1310,5,8,9,174.6629756,2218.794147,-5.7884,10.329,169,19,1.8,7.4,
1311,6,8,9,166.26,2224.63,-9.8472,10.329,169,19,1.8,7.4,
1312,7,8,9,165.4550225,2228.284751,-7.6658,10.329,169,19,1.8,7.4,
1313,8,8,9,184.5942422,2234.942905,-10.0173,10.329,169,19,1.8,7.4,
1314,9,8,9,172.55,2232.06,-76.7384,10.329,169,19,1.8,7.4,-1.6531268449690526
1315,10,8,9,165.5,2225.59,-10.3996,10.329,169,19,1.8,7.4,-1.5100115419534526
1316,11,8,9,174.3600174,2210.257593,8.0093,10.329,169,19,1.8,7.4,
1317,12,8,9,185.3,2206.2,66.1445,10.329,169,19,1.8,7.4,
1318,13,8,9,171.3953578,2213.980043,-29.2681,10.329,169,19,1.8,7.4,-3.7303468834489095
1319,14,8,9,120.02,2219.32,-63.3,10.329,169,19,1.8,7.4,
1320,15,8,9,165.353392,2215.967354,-19.1672,10.329,169,19,1.8,7.4,
1321,1,9,9,165.87,2223.37,-5.7906,3.17,169,19,1.8,7.4,
1322,2,9,9,166.8903697,2218.319819,-10.6026,3.17,169,19,1.8,7.4,
1323,3,9,9,172.5642436,2217.825997,-8.6556,3.17,169,19,1.8,7.4,
1324,4,9,9,211.3485433,2210.78491,-35.7969,3.17,169,19,1.8,7.4,
1325,5,9,9,174.6629756,2218.794147,-5.7884,3.17,169,19,1.8,7.4,
1326,6,9,9,166.26,2224.63,-9.8472,3.17,169,19,1.8,7.4,
1327,7,9,9,165.4550225,2228.284751,-7.6658,3.17,169,19,1.8,7.4,-2.490773619605671
1328,8,9,9,184.5942422,2234.942905,-10.0173,3.17,169,19,1.8,7.4,
1329,9,9,9,172.55,2232.06,-76.7384,3.17,169,19,1.8,7.4,
1330,10,9,9,165.5,2225.59,-10.3996,3.17,169,19,1.8,7.4,
1331,11,9,9,174.3600174,2210.257593,8.0093,3.17,169,19,1.8,7.4,
1332,12,9,9,185.3,2206.2,66.1445,3.17,169,19,1.8,7.4,
1333,13,9,9,171.3953578,2213.980043,-29.2681,3.17,169,19,1.8,7.4,
1334,14,9,9,120.02,2219.32,-63.3,3.17,169,19,1.8,7.4,-2.4749715854787233
1335,15,9,9,165.353392,2215.967354,-19.1672,3.17,169,19,1.8,7.4,
1336,1,10,9,165.87,2223.37,-5.7906,13.997,322,19,1.8,7.4,-1.06808593062598
1337,2,10,9,166.8903697,2218.319819,-10.6026,13.997,322,19,1.8,7.4,
1338,3,10,9,172.5642436,2217.825997,-8.6556,13.997,322,19,1.8,7.4,
1339,4,10,9,211.3485433,2210.78491,-35.7969,13.997,322,19,1.8,7.4,
1340,5,10,9,174.6629756,2218.794147,-5.7884,13.997,322,19,1.8,7.4,
1341,6,10,9,166.26,2224.63,-9.8472,13.997,322,19,1.8,7.4,
1342,7,10,9,165.4550225,2228.284751,-7.6658,13.997,322,19,1.8,7.4,
1343,8,10,9,184.5942422,2234.942905,-10.0173,13.997,322,19,1.8,7.4,
1344,9,10,9,172.55,2232.06,-76.7384,13.997,322,19,1.8,7.4,-3.481689573024974
1345,10,10,9,165.5,2225.59,-10.3996,13.997,322,19,1.8,7.4,
1346,11,10,9,174.3600174,2210.257593,8.0093,13.997,322,19,1.8,7.4,
1347,12,10,9,185.3,2206.2,66.1445,13.997,322,19,1.8,7.4,
1348,13,10,9,171.3953578,2213.980043,-29.2681,13.997,322,19,1.8,7.4,
1349,14,10,9,120.02,2219.32,-63.3,13.997,322,19,1.8,7.4,
1350,15,10,9,165.353392,2215.967354,-19.1672,13.997,322,19,1.8,7.4,
1351,1,1,10,165.87,2223.37,-5.7906,10.329,95,15.5,0,0,
1352,2,1,10,166.8903697,2218.319819,-10.6026,10.329,95,15.5,0,0,
1353,3,1,10,172.5642436,2217.825997,-8.6556,10.329,95,15.5,0,0,
1354,4,1,10,211.3485433,2210.78491,-35.7969,10.329,95,15.5,0,0,
1355,5,1,10,174.6629756,2218.794147,-5.7884,10.329,95,15.5,0,0,
1356,6,1,10,166.26,2224.63,-9.8472,10.329,95,15.5,0,0,
1357,7,1,10,165.4550225,2228.284751,-7.6658,10.329,95,15.5,0,0,-4.1687492015111385
1358,8,1,10,184.5942422,2234.942905,-10.0173,10.329,95,15.5,0,0,
1359,9,1,10,172.55,2232.06,-76.7384,10.329,95,15.5,0,0,
1360,10,1,10,165.5,2225.59,-10.3996,10.329,95,15.5,0,0,
1361,11,1,10,174.3600174,2210.257593,8.0093,10.329,95,15.5,0,0,
1362,12,1,10,185.3,2206.2,66.1445,10.329,95,15.5,0,0,
1363,13,1,10,171.3953578,2213.980043,-29.2681,10.329,95,15.5,0,0,
1364,14,1,10,120.02,2219.32,-63.3,10.329,95,15.5,0,0,
1365,15,1,10,165.353392,2215.967354,-19.1672,10.329,95,15.5,0,0,
1366,1,2,10,165.87,2223.37,-5.7906,6.351,95,15.5,0,0,
1367,2,2,10,166.8903697,2218.319819,-10.6026,6.351,95,15.5,0,0,
1368,3,2,10,172.5642436,2217.825997,-8.6556,6.351,95,15.5,0,0,
1369,4,2,10,211.3485433,2210.78491,-35.7969,6.351,95,15.5,0,0,
1370,5,2,10,174.6629756,2218.794147,-5.7884,6.351,95,15.5,0,0,
1371,6,2,10,166.26,2224.63,-9.8472,6.351,95,15.5,0,0,
1372,7,2,10,165.4550225,2228.284751,-7.6658,6.351,95,15.5,0,0,
1373,8,2,10,184.5942422,2234.942905,-10.0173,6.351,95,15.5,0,0,
1374,9,2,10,172.55,2232.06,-76.7384,6.351,95,15.5,0,0,
1375,10,2,10,165.5,2225.59,-10.3996,6.351,95,15.5,0,0,
1376,11,2,10,174.3600174,2210.257593,8.0093,6.351,95,15.5,0,0,
1377,12,2,10,185.3,2206.2,66.1445,6.351,95,15.5,0,0,
1378,13,2,10,171.3953578,2213.980043,-29.2681,6.351,95,15.5,0,0,
1379,14,2,10,120.02,2219.32,-63.3,6.351,95,15.5,0,0,
1380,15,2,10,165.353392,2215.967354,-19.1672,6.351,95,15.5,0,0,
1381,1,3,10,165.87,2223.37,-5.7906,13.997,95,15.5,0,0,
1382,2,3,10,166.8903697,2218.319819,-10.6026,13.997,95,15.5,0,0,
1383,3,3,10,172.5642436,2217.825997,-8.6556,13.997,95,15.5,0,0,
1384,4,3,10,211.3485433,2210.78491,-35.7969,13.997,95,15.5,0,0,
1385,5,3,10,174.6629756,2218.794147,-5.7884,13.997,95,15.5,0,0,
1386,6,3,10,166.26,2224.63,-9.8472,13.997,95,15.5,0,0,
1387,7,3,10,165.4550225,2228.284751,-7.6658,13.997,95,15.5,0,0,
1388,8,3,10,184.5942422,2234.942905,-10.0173,13.997,95,15.5,0,0,
1389,9,3,10,172.55,2232.06,-76.7384,13.997,95,15.5,0,0,
1390,10,3,10,165.5,2225.59,-10.3996,13.997,95,15.5,0,0,
1391,11,3,10,174.3600174,2210.257593,8.0093,13.997,95,15.5,0,0,
1392,12,3,10,185.3,2206.2,66.1445,13.997,95,15.5,0,0,
1393,13,3,10,171.3953578,2213.980043,-29.2681,13.997,95,15.5,0,0,
1394,14,3,10,120.02,2219.32,-63.3,13.997,95,15.5,0,0,
1395,15,3,10,165.353392,2215.967354,-19.1672,13.997,95,15.5,0,0,
1396,1,4,10,165.87,2223.37,-5.7906,10.329,133,15.5,0,0,
1397,2,4,10,166.8903697,2218.319819,-10.6026,10.329,133,15.5,0,0,
1398,3,4,10,172.5642436,2217.825997,-8.6556,10.329,133,15.5,0,0,
1399,4,4,10,211.3485433,2210.78491,-35.7969,10.329,133,15.5,0,0,
1400,5,4,10,174.6629756,2218.794147,-5.7884,10.329,133,15.5,0,0,
1401,6,4,10,166.26,2224.63,-9.8472,10.329,133,15.5,0,0,
1402,7,4,10,165.4550225,2228.284751,-7.6658,10.329,133,15.5,0,0,
1403,8,4,10,184.5942422,2234.942905,-10.0173,10.329,133,15.5,0,0,
1404,9,4,10,172.55,2232.06,-76.7384,10.329,133,15.5,0,0,
1405,10,4,10,165.5,2225.59,-10.3996,10.329,133,15.5,0,0,
1406,11,4,10,174.3600174,2210.257593,8.0093,10.329,133,15.5,0,0,
1407,12,4,10,185.3,2206.2,66.1445,10.329,133,15.5,0,0,
1408,13,4,10,171.3953578,2213.980043,-29.2681,10.329,133,15.5,0,0,
1409,14,4,10,120.02,2219.32,-63.3,10.329,133,15.5,0,0,
1410,15,4,10,165.353392,2215.967354,-19.1672,10.329,133,15.5,0,0,
1411,1,5,10,165.87,2223.37,-5.7906,13.997,133,15.5,0,0,
1412,2,5,10,166.8903697,2218.319819,-10.6026,13.997,133,15.5,0,0,
1413,3,5,10,172.5642436,2217.825997,-8.6556,13.997,133,15.5,0,0,
1414,4,5,10,211.3485433,2210.78491,-35.7969,13.997,133,15.5,0,0,-3.3248208512631336
1415,5,5,10,174.6629756,2218.794147,-5.7884,13.997,133,15.5,0,0,
1416,6,5,10,166.26,2224.63,-9.8472,13.997,133,15.5,0,0,
1417,7,5,10,165.4550225,2228.284751,-7.6658,13.997,133,15.5,0,0,
1418,8,5,10,184.5942422,2234.942905,-10.0173,13.997,133,15.5,0,0,
1419,9,5,10,172.55,2232.06,-76.7384,13.997,133,15.5,0,0,
1420,10,5,10,165.5,2225.59,-10.3996,13.997,133,15.5,0,0,
1421,11,5,10,174.3600174,2210.257593,8.0093,13.997,133,15.5,0,0,
1422,12,5,10,185.3,2206.2,66.1445,13.997,133,15.5,0,0,
1423,13,5,10,171.3953578,2213.980043,-29.2681,13.997,133,15.5,0,0,
1424,14,5,10,120.02,2219.32,-63.3,13.997,133,15.5,0,0,
1425,15,5,10,165.353392,2215.967354,-19.1672,13.997,133,15.5,0,0,
1426,1,6,10,165.87,2223.37,-5.7906,12.375,133,15.5,0,0,-3.3856485074047558
1427,2,6,10,166.8903697,2218.319819,-10.6026,12.375,133,15.5,0,0,
1428,3,6,10,172.5642436,2217.825997,-8.6556,12.375,133,15.5,0,0,
1429,4,6,10,211.3485433,2210.78491,-35.7969,12.375,133,15.5,0,0,
1430,5,6,10,174.6629756,2218.794147,-5.7884,12.375,133,15.5,0,0,
1431,6,6,10,166.26,2224.63,-9.8472,12.375,133,15.5,0,0,
1432,7,6,10,165.4550225,2228.284751,-7.6658,12.375,133,15.5,0,0,
1433,8,6,10,184.5942422,2234.942905,-10.0173,12.375,133,15.5,0,0,
1434,9,6,10,172.55,2232.06,-76.7384,12.375,133,15.5,0,0,
1435,10,6,10,165.5,2225.59,-10.3996,12.375,133,15.5,0,0,
1436,11,6,10,174.3600174,2210.257593,8.0093,12.375,133,15.5,0,0,
1437,12,6,10,185.3,2206.2,66.1445,12.375,133,15.5,0,0,
1438,13,6,10,171.3953578,2213.980043,-29.2681,12.375,133,15.5,0,0,
1439,14,6,10,120.02,2219.32,-63.3,12.375,133,15.5,0,0,
1440,15,6,10,165.353392,2215.967354,-19.1672,12.375,133,15.5,0,0,
1441,1,7,10,165.87,2223.37,-5.7906,4.756,133,15.5,0,0,
1442,2,7,10,166.8903697,2218.319819,-10.6026,4.756,133,15.5,0,0,
1443,3,7,10,172.5642436,2217.825997,-8.6556,4.756,133,15.5,0,0,
1444,4,7,10,211.3485433,2210.78491,-35.7969,4.756,133,15.5,0,0,
1445,5,7,10,174.6629756,2218.794147,-5.7884,4.756,133,15.5,0,0,
1446,6,7,10,166.26,2224.63,-9.8472,4.756,133,15.5,0,0,
1447,7,7,10,165.4550225,2228.284751,-7.6658,4.756,133,15.5,0,0,
1448,8,7,10,184.5942422,2234.942905,-10.0173,4.756,133,15.5,0,0,
1449,9,7,10,172.55,2232.06,-76.7384,4.756,133,15.5,0,0,
1450,10,7,10,165.5,2225.59,-10.3996,4.756,133,15.5,0,0,
1451,11,7,10,174.3600174,2210.257593,8.0093,4.756,133,15.5,0,0,
1452,12,7,10,185.3,2206.2,66.1445,4.756,133,15.5,0,0,
1453,13,7,10,171.3953578,2213.980043,-29.2681,4.756,133,15.5,0,0,
1454,14,7,10,120.02,2219.32,-63.3,4.756,133,15.5,0,0,
1455,15,7,10,165.353392,2215.967354,-19.1672,4.756,133,15.5,0,0,
1456,1,8,10,165.87,2223.37,-5.7906,10.329,169,15.5,0,0,
1457,2,8,10,166.8903697,2218.319819,-10.6026,10.329,169,15.5,0,0,
1458,3,8,10,172.5642436,2217.825997,-8.6556,10.329,169,15.5,0,0,
1459,4,8,10,211.3485433,2210.78491,-35.7969,10.329,169,15.5,0,0,
1460,5,8,10,174.6629756,2218.794147,-5.7884,10.329,169,15.5,0,0,
1461,6,8,10,166.26,2224.63,-9.8472,10.329,169,15.5,0,0,
1462,7,8,10,165.4550225,2228.284751,-7.6658,10.329,169,15.5,0,0,
1463,8,8,10,184.5942422,2234.942905,-10.0173,10.329,169,15.5,0,0,
1464,9,8,10,172.55,2232.06,-76.7384,10.329,169,15.5,0,0,
1465,10,8,10,165.5,2225.59,-10.3996,10.329,169,15.5,0,0,
1466,11,8,10,174.3600174,2210.257593,8.0093,10.329,169,15.5,0,0,
1467,12,8,10,185.3,2206.2,66.1445,10.329,169,15.5,0,0,
1468,13,8,10,171.3953578,2213.980043,-29.2681,10.329,169,15.5,0,0,
1469,14,8,10,120.02,2219.32,-63.3,10.329,169,15.5,0,0,
1470,15,8,10,165.353392,2215.967354,-19.1672,10.329,169,15.5,0,0,
1471,1,9,10,165.87,2223.37,-5.7906,3.17,169,15.5,0,0,
1472,2,9,10,166.8903697,2218.319819,-10.6026,3.17,169,15.5,0,0,
1473,3,9,10,172.5642436,2217.825997,-8.6556,3.17,169,15.5,0,0,
1474,4,9,10,211.3485433,2210.78491,-35.7969,3.17,169,15.5,0,0,
1475,5,9,10,174.6629756,2218.794147,-5.7884,3.17,169,15.5,0,0,
1476,6,9,10,166.26,2224.63,-9.8472,3.17,169,15.5,0,0,
1477,7,9,10,165.4550225,2228.284751,-7.6658,3.17,169,15.5,0,0,
1478,8,9,10,184.5942422,2234.942905,-10.0173,3.17,169,15.5,0,0,
1479,9,9,10,172.55,2232.06,-76.7384,3.17,169,15.5,0,0,
1480,10,9,10,165.5,2225.59,-10.3996,3.17,169,15.5,0,0,
1481,11,9,10,174.3600174,2210.257593,8.0093,3.17,169,15.5,0,0,
1482,12,9,10,185.3,2206.2,66.1445,3.17,169,15.5,0,0,-4.663017128554435
1483,13,9,10,171.3953578,2213.980043,-29.2681,3.17,169,15.5,0,0,
1484,14,9,10,120.02,2219.32,-63.3,3.17,169,15.5,0,0,
1485,15,9,10,165.353392,2215.967354,-19.1672,3.17,169,15.5,0,0,
1486,1,10,10,165.87,2223.37,-5.7906,13.997,322,15.5,0,0,
1487,2,10,10,166.8903697,2218.319819,-10.6026,13.997,322,15.5,0,0,
1488,3,10,10,172.5642436,2217.825997,-8.6556,13.997,322,15.5,0,0,
1489,4,10,10,211.3485433,2210.78491,-35.7969,13.997,322,15.5,0,0,
1490,5,10,10,174.6629756,2218.794147,-5.7884,13.997,322,15.5,0,0,
1491,6,10,10,166.26,2224.63,-9.8472,13.997,322,15.5,0,0,-3.828561130807988
1492,7,10,10,165.4550225,2228.284751,-7.6658,13.997,322,15.5,0,0,
1493,8,10,10,184.5942422,2234.942905,-10.0173,13.997,322,15.5,0,0,-5.4951965153670645
1494,9,10,10,172.55,2232.06,-76.7384,13.997,322,15.5,0,0,
1495,10,10,10,165.5,2225.59,-10.3996,13.997,322,15.5,0,0,
1496,11,10,10,174.3600174,2210.257593,8.0093,13.997,322,15.5,0,0,
1497,12,10,10,185.3,2206.2,66.1445,13.997,322,15.5,0,0,
1498,13,10,10,171.3953578,2213.980043,-29.2681,13.997,322,15.5,0,0,
1499,14,10,10,120.02,2219.32,-63.3,13.997,322,15.5,0,0,-4.361752415802991
1500,15,10,10,165.353392,2215.967354,-19.1672,13.997,322,15.5,0,0,
