expID,cone angle,TEP,calc P shift,pKa,Pauling ionic radii,Hansen-dD,Hansen-dP,Hansen-dH
1,165.87,2223.37,-5.9813,10.329,95,18.4,16.4,10.2
2,166.8903697,2218.319819,-11.5167,10.329,95,18.4,16.4,10.2
3,172.5234877,2217.505928,-9.583,10.329,95,18.4,16.4,10.2
4,195.29,2213.36,-34.9056,10.329,95,18.4,16.4,10.2
5,174.6629756,2218.794147,-5.9295,10.329,95,18.4,16.4,10.2
6,166.26,2224.63,-9.891,10.329,95,18.4,16.4,10.2
7,165.4425321,2228.123853,-7.3657,10.329,95,18.4,16.4,10.2
8,184.5942422,2234.942905,-7.6081,10.329,95,18.4,16.4,10.2
9,172.55,2232.06,-76.6378,10.329,95,18.4,16.4,10.2
10,165.5,2225.59,-9.3867,10.329,95,18.4,16.4,10.2
11,174.3600174,2210.257593,8.4693,10.329,95,18.4,16.4,10.2
12,185.3,2206.2,65.5283,10.329,95,18.4,16.4,10.2
13,171.3953578,2213.980043,-31.8604,10.329,95,18.4,16.4,10.2
14,120.02,2219.32,-63.3,10.329,95,18.4,16.4,10.2
15,165.353392,2215.967354,-18.0838,10.329,95,18.4,16.4,10.2
16,165.87,2223.37,-5.9813,6.351,95,18.4,16.4,10.2
17,166.8903697,2218.319819,-11.5167,6.351,95,18.4,16.4,10.2
18,172.5234877,2217.505928,-9.583,6.351,95,18.4,16.4,10.2
19,195.29,2213.36,-34.9056,6.351,95,18.4,16.4,10.2
20,174.6629756,2218.794147,-5.9295,6.351,95,18.4,16.4,10.2
21,166.26,2224.63,-9.891,6.351,95,18.4,16.4,10.2
22,165.4425321,2228.123853,-7.3657,6.351,95,18.4,16.4,10.2
23,184.5942422,2234.942905,-7.6081,6.351,95,18.4,16.4,10.2
24,172.55,2232.06,-76.6378,6.351,95,18.4,16.4,10.2
25,165.5,2225.59,-9.3867,6.351,95,18.4,16.4,10.2
26,174.3600174,2210.257593,8.4693,6.351,95,18.4,16.4,10.2
27,185.3,2206.2,65.5283,6.351,95,18.4,16.4,10.2
28,171.3953578,2213.980043,-31.8604,6.351,95,18.4,16.4,10.2
29,120.02,2219.32,-63.3,6.351,95,18.4,16.4,10.2
30,165.353392,2215.967354,-18.0838,6.351,95,18.4,16.4,10.2
31,165.87,2223.37,-5.9813,13.997,95,18.4,16.4,10.2
32,166.8903697,2218.319819,-11.5167,13.997,95,18.4,16.4,10.2
33,172.5234877,2217.505928,-9.583,13.997,95,18.4,16.4,10.2
34,195.29,2213.36,-34.9056,13.997,95,18.4,16.4,10.2
35,174.6629756,2218.794147,-5.9295,13.997,95,18.4,16.4,10.2
36,166.26,2224.63,-9.891,13.997,95,18.4,16.4,10.2
37,165.4425321,2228.123853,-7.3657,13.997,95,18.4,16.4,10.2
38,184.5942422,2234.942905,-7.6081,13.997,95,18.4,16.4,10.2
39,172.55,2232.06,-76.6378,13.997,95,18.4,16.4,10.2
40,165.5,2225.59,-9.3867,13.997,95,18.4,16.4,10.2
41,174.3600174,2210.257593,8.4693,13.997,95,18.4,16.4,10.2
42,185.3,2206.2,65.5283,13.997,95,18.4,16.4,10.2
43,171.3953578,2213.980043,-31.8604,13.997,95,18.4,16.4,10.2
44,120.02,2219.32,-63.3,13.997,95,18.4,16.4,10.2
45,165.353392,2215.967354,-18.0838,13.997,95,18.4,16.4,10.2
46,165.87,2223.37,-5.9813,10.329,133,18.4,16.4,10.2
47,166.8903697,2218.319819,-11.5167,10.329,133,18.4,16.4,10.2
48,172.5234877,2217.505928,-9.583,10.329,133,18.4,16.4,10.2
49,195.29,2213.36,-34.9056,10.329,133,18.4,16.4,10.2
50,174.6629756,2218.794147,-5.9295,10.329,133,18.4,16.4,10.2
51,166.26,2224.63,-9.891,10.329,133,18.4,16.4,10.2
52,165.4425321,2228.123853,-7.3657,10.329,133,18.4,16.4,10.2
53,184.5942422,2234.942905,-7.6081,10.329,133,18.4,16.4,10.2
54,172.55,2232.06,-76.6378,10.329,133,18.4,16.4,10.2
55,165.5,2225.59,-9.3867,10.329,133,18.4,16.4,10.2
56,174.3600174,2210.257593,8.4693,10.329,133,18.4,16.4,10.2
57,185.3,2206.2,65.5283,10.329,133,18.4,16.4,10.2
58,171.3953578,2213.980043,-31.8604,10.329,133,18.4,16.4,10.2
59,120.02,2219.32,-63.3,10.329,133,18.4,16.4,10.2
60,165.353392,2215.967354,-18.0838,10.329,133,18.4,16.4,10.2
61,165.87,2223.37,-5.9813,13.997,133,18.4,16.4,10.2
62,166.8903697,2218.319819,-11.5167,13.997,133,18.4,16.4,10.2
63,172.5234877,2217.505928,-9.583,13.997,133,18.4,16.4,10.2
64,195.29,2213.36,-34.9056,13.997,133,18.4,16.4,10.2
65,174.6629756,2218.794147,-5.9295,13.997,133,18.4,16.4,10.2
66,166.26,2224.63,-9.891,13.997,133,18.4,16.4,10.2
67,165.4425321,2228.123853,-7.3657,13.997,133,18.4,16.4,10.2
68,184.5942422,2234.942905,-7.6081,13.997,133,18.4,16.4,10.2
69,172.55,2232.06,-76.6378,13.997,133,18.4,16.4,10.2
70,165.5,2225.59,-9.3867,13.997,133,18.4,16.4,10.2
71,174.3600174,2210.257593,8.4693,13.997,133,18.4,16.4,10.2
72,185.3,2206.2,65.5283,13.997,133,18.4,16.4,10.2
73,171.3953578,2213.980043,-31.8604,13.997,133,18.4,16.4,10.2
74,120.02,2219.32,-63.3,13.997,133,18.4,16.4,10.2
75,165.353392,2215.967354,-18.0838,13.997,133,18.4,16.4,10.2
76,165.87,2223.37,-5.9813,12.375,133,18.4,16.4,10.2
77,166.8903697,2218.319819,-11.5167,12.375,133,18.4,16.4,10.2
78,172.5234877,2217.505928,-9.583,12.375,133,18.4,16.4,10.2
79,195.29,2213.36,-34.9056,12.375,133,18.4,16.4,10.2
80,174.6629756,2218.794147,-5.9295,12.375,133,18.4,16.4,10.2
81,166.26,2224.63,-9.891,12.375,133,18.4,16.4,10.2
82,165.4425321,2228.123853,-7.3657,12.375,133,18.4,16.4,10.2
83,184.5942422,2234.942905,-7.6081,12.375,133,18.4,16.4,10.2
84,172.55,2232.06,-76.6378,12.375,133,18.4,16.4,10.2
85,165.5,2225.59,-9.3867,12.375,133,18.4,16.4,10.2
86,174.3600174,2210.257593,8.4693,12.375,133,18.4,16.4,10.2
87,185.3,2206.2,65.5283,12.375,133,18.4,16.4,10.2
88,171.3953578,2213.980043,-31.8604,12.375,133,18.4,16.4,10.2
89,120.02,2219.32,-63.3,12.375,133,18.4,16.4,10.2
90,165.353392,2215.967354,-18.0838,12.375,133,18.4,16.4,10.2
91,165.87,2223.37,-5.9813,4.756,133,18.4,16.4,10.2
92,166.8903697,2218.319819,-11.5167,4.756,133,18.4,16.4,10.2
93,172.5234877,2217.505928,-9.583,4.756,133,18.4,16.4,10.2
94,195.29,2213.36,-34.9056,4.756,133,18.4,16.4,10.2
95,174.6629756,2218.794147,-5.9295,4.756,133,18.4,16.4,10.2
96,166.26,2224.63,-9.891,4.756,133,18.4,16.4,10.2
97,165.4425321,2228.123853,-7.3657,4.756,133,18.4,16.4,10.2
98,184.5942422,2234.942905,-7.6081,4.756,133,18.4,16.4,10.2
99,172.55,2232.06,-76.6378,4.756,133,18.4,16.4,10.2
100,165.5,2225.59,-9.3867,4.756,133,18.4,16.4,10.2
101,174.3600174,2210.257593,8.4693,4.756,133,18.4,16.4,10.2
102,185.3,2206.2,65.5283,4.756,133,18.4,16.4,10.2
103,171.3953578,2213.980043,-31.8604,4.756,133,18.4,16.4,10.2
104,120.02,2219.32,-63.3,4.756,133,18.4,16.4,10.2
105,165.353392,2215.967354,-18.0838,4.756,133,18.4,16.4,10.2
106,165.87,2223.37,-5.9813,10.329,169,18.4,16.4,10.2
107,166.8903697,2218.319819,-11.5167,10.329,169,18.4,16.4,10.2
108,172.5234877,2217.505928,-9.583,10.329,169,18.4,16.4,10.2
109,195.29,2213.36,-34.9056,10.329,169,18.4,16.4,10.2
110,174.6629756,2218.794147,-5.9295,10.329,169,18.4,16.4,10.2
111,166.26,2224.63,-9.891,10.329,169,18.4,16.4,10.2
112,165.4425321,2228.123853,-7.3657,10.329,169,18.4,16.4,10.2
113,184.5942422,2234.942905,-7.6081,10.329,169,18.4,16.4,10.2
114,172.55,2232.06,-76.6378,10.329,169,18.4,16.4,10.2
115,165.5,2225.59,-9.3867,10.329,169,18.4,16.4,10.2
116,174.3600174,2210.257593,8.4693,10.329,169,18.4,16.4,10.2
117,185.3,2206.2,65.5283,10.329,169,18.4,16.4,10.2
118,171.3953578,2213.980043,-31.8604,10.329,169,18.4,16.4,10.2
119,120.02,2219.32,-63.3,10.329,169,18.4,16.4,10.2
120,165.353392,2215.967354,-18.0838,10.329,169,18.4,16.4,10.2
121,165.87,2223.37,-5.9813,3.17,169,18.4,16.4,10.2
122,166.8903697,2218.319819,-11.5167,3.17,169,18.4,16.4,10.2
123,172.5234877,2217.505928,-9.583,3.17,169,18.4,16.4,10.2
124,195.29,2213.36,-34.9056,3.17,169,18.4,16.4,10.2
125,174.6629756,2218.794147,-5.9295,3.17,169,18.4,16.4,10.2
126,166.26,2224.63,-9.891,3.17,169,18.4,16.4,10.2
127,165.4425321,2228.123853,-7.3657,3.17,169,18.4,16.4,10.2
128,184.5942422,2234.942905,-7.6081,3.17,169,18.4,16.4,10.2
129,172.55,2232.06,-76.6378,3.17,169,18.4,16.4,10.2
130,165.5,2225.59,-9.3867,3.17,169,18.4,16.4,10.2
131,174.3600174,2210.257593,8.4693,3.17,169,18.4,16.4,10.2
132,185.3,2206.2,65.5283,3.17,169,18.4,16.4,10.2
133,171.3953578,2213.980043,-31.8604,3.17,169,18.4,16.4,10.2
134,120.02,2219.32,-63.3,3.17,169,18.4,16.4,10.2
135,165.353392,2215.967354,-18.0838,3.17,169,18.4,16.4,10.2
136,165.87,2223.37,-5.9813,13.997,322,18.4,16.4,10.2
137,166.8903697,2218.319819,-11.5167,13.997,322,18.4,16.4,10.2
138,172.5234877,2217.505928,-9.583,13.997,322,18.4,16.4,10.2
139,195.29,2213.36,-34.9056,13.997,322,18.4,16.4,10.2
140,174.6629756,2218.794147,-5.9295,13.997,322,18.4,16.4,10.2
141,166.26,2224.63,-9.891,13.997,322,18.4,16.4,10.2
142,165.4425321,2228.123853,-7.3657,13.997,322,18.4,16.4,10.2
143,184.5942422,2234.942905,-7.6081,13.997,322,18.4,16.4,10.2
144,172.55,2232.06,-76.6378,13.997,322,18.4,16.4,10.2
145,165.5,2225.59,-9.3867,13.997,322,18.4,16.4,10.2
146,174.3600174,2210.257593,8.4693,13.997,322,18.4,16.4,10.2
147,185.3,2206.2,65.5283,13.997,322,18.4,16.4,10.2
148,171.3953578,2213.980043,-31.8604,13.997,322,18.4,16.4,10.2
149,120.02,2219.32,-63.3,13.997,322,18.4,16.4,10.2
150,165.353392,2215.967354,-18.0838,13.997,322,18.4,16.4,10.2
151,165.87,2223.37,-5.9813,10.329,95,17.4,13.7,11.3
152,166.8903697,2218.319819,-11.5167,10.329,95,17.4,13.7,11.3
153,172.5234877,2217.505928,-9.583,10.329,95,17.4,13.7,11.3
154,195.29,2213.36,-34.9056,10.329,95,17.4,13.7,11.3
155,174.6629756,2218.794147,-5.9295,10.329,95,17.4,13.7,11.3
156,166.26,2224.63,-9.891,10.329,95,17.4,13.7,11.3
157,165.4425321,2228.123853,-7.3657,10.329,95,17.4,13.7,11.3
158,184.5942422,2234.942905,-7.6081,10.329,95,17.4,13.7,11.3
159,172.55,2232.06,-76.6378,10.329,95,17.4,13.7,11.3
160,165.5,2225.59,-9.3867,10.329,95,17.4,13.7,11.3
161,174.3600174,2210.257593,8.4693,10.329,95,17.4,13.7,11.3
162,185.3,2206.2,65.5283,10.329,95,17.4,13.7,11.3
163,171.3953578,2213.980043,-31.8604,10.329,95,17.4,13.7,11.3
164,120.02,2219.32,-63.3,10.329,95,17.4,13.7,11.3
165,165.353392,2215.967354,-18.0838,10.329,95,17.4,13.7,11.3
166,165.87,2223.37,-5.9813,6.351,95,17.4,13.7,11.3
167,166.8903697,2218.319819,-11.5167,6.351,95,17.4,13.7,11.3
168,172.5234877,2217.505928,-9.583,6.351,95,17.4,13.7,11.3
169,195.29,2213.36,-34.9056,6.351,95,17.4,13.7,11.3
170,174.6629756,2218.794147,-5.9295,6.351,95,17.4,13.7,11.3
171,166.26,2224.63,-9.891,6.351,95,17.4,13.7,11.3
172,165.4425321,2228.123853,-7.3657,6.351,95,17.4,13.7,11.3
173,184.5942422,2234.942905,-7.6081,6.351,95,17.4,13.7,11.3
174,172.55,2232.06,-76.6378,6.351,95,17.4,13.7,11.3
175,165.5,2225.59,-9.3867,6.351,95,17.4,13.7,11.3
176,174.3600174,2210.257593,8.4693,6.351,95,17.4,13.7,11.3
177,185.3,2206.2,65.5283,6.351,95,17.4,13.7,11.3
178,171.3953578,2213.980043,-31.8604,6.351,95,17.4,13.7,11.3
179,120.02,2219.32,-63.3,6.351,95,17.4,13.7,11.3
180,165.353392,2215.967354,-18.0838,6.351,95,17.4,13.7,11.3
181,165.87,2223.37,-5.9813,13.997,95,17.4,13.7,11.3
182,166.8903697,2218.319819,-11.5167,13.997,95,17.4,13.7,11.3
183,172.5234877,2217.505928,-9.583,13.997,95,17.4,13.7,11.3
184,195.29,2213.36,-34.9056,13.997,95,17.4,13.7,11.3
185,174.6629756,2218.794147,-5.9295,13.997,95,17.4,13.7,11.3
186,166.26,2224.63,-9.891,13.997,95,17.4,13.7,11.3
187,165.4425321,2228.123853,-7.3657,13.997,95,17.4,13.7,11.3
188,184.5942422,2234.942905,-7.6081,13.997,95,17.4,13.7,11.3
189,172.55,2232.06,-76.6378,13.997,95,17.4,13.7,11.3
190,165.5,2225.59,-9.3867,13.997,95,17.4,13.7,11.3
191,174.3600174,2210.257593,8.4693,13.997,95,17.4,13.7,11.3
192,185.3,2206.2,65.5283,13.997,95,17.4,13.7,11.3
193,171.3953578,2213.980043,-31.8604,13.997,95,17.4,13.7,11.3
194,120.02,2219.32,-63.3,13.997,95,17.4,13.7,11.3
195,165.353392,2215.967354,-18.0838,13.997,95,17.4,13.7,11.3
196,165.87,2223.37,-5.9813,10.329,133,17.4,13.7,11.3
197,166.8903697,2218.319819,-11.5167,10.329,133,17.4,13.7,11.3
198,172.5234877,2217.505928,-9.583,10.329,133,17.4,13.7,11.3
199,195.29,2213.36,-34.9056,10.329,133,17.4,13.7,11.3
200,174.6629756,2218.794147,-5.9295,10.329,133,17.4,13.7,11.3
201,166.26,2224.63,-9.891,10.329,133,17.4,13.7,11.3
202,165.4425321,2228.123853,-7.3657,10.329,133,17.4,13.7,11.3
203,184.5942422,2234.942905,-7.6081,10.329,133,17.4,13.7,11.3
204,172.55,2232.06,-76.6378,10.329,133,17.4,13.7,11.3
205,165.5,2225.59,-9.3867,10.329,133,17.4,13.7,11.3
206,174.3600174,2210.257593,8.4693,10.329,133,17.4,13.7,11.3
207,185.3,2206.2,65.5283,10.329,133,17.4,13.7,11.3
208,171.3953578,2213.980043,-31.8604,10.329,133,17.4,13.7,11.3
209,120.02,2219.32,-63.3,10.329,133,17.4,13.7,11.3
210,165.353392,2215.967354,-18.0838,10.329,133,17.4,13.7,11.3
211,165.87,2223.37,-5.9813,13.997,133,17.4,13.7,11.3
212,166.8903697,2218.319819,-11.5167,13.997,133,17.4,13.7,11.3
213,172.5234877,2217.505928,-9.583,13.997,133,17.4,13.7,11.3
214,195.29,2213.36,-34.9056,13.997,133,17.4,13.7,11.3
215,174.6629756,2218.794147,-5.9295,13.997,133,17.4,13.7,11.3
216,166.26,2224.63,-9.891,13.997,133,17.4,13.7,11.3
217,165.4425321,2228.123853,-7.3657,13.997,133,17.4,13.7,11.3
218,184.5942422,2234.942905,-7.6081,13.997,133,17.4,13.7,11.3
219,172.55,2232.06,-76.6378,13.997,133,17.4,13.7,11.3
220,165.5,2225.59,-9.3867,13.997,133,17.4,13.7,11.3
221,174.3600174,2210.257593,8.4693,13.997,133,17.4,13.7,11.3
222,185.3,2206.2,65.5283,13.997,133,17.4,13.7,11.3
223,171.3953578,2213.980043,-31.8604,13.997,133,17.4,13.7,11.3
224,120.02,2219.32,-63.3,13.997,133,17.4,13.7,11.3
225,165.353392,2215.967354,-18.0838,13.997,133,17.4,13.7,11.3
226,165.87,2223.37,-5.9813,12.375,133,17.4,13.7,11.3
227,166.8903697,2218.319819,-11.5167,12.375,133,17.4,13.7,11.3
228,172.5234877,2217.505928,-9.583,12.375,133,17.4,13.7,11.3
229,195.29,2213.36,-34.9056,12.375,133,17.4,13.7,11.3
230,174.6629756,2218.794147,-5.9295,12.375,133,17.4,13.7,11.3
231,166.26,2224.63,-9.891,12.375,133,17.4,13.7,11.3
232,165.4425321,2228.123853,-7.3657,12.375,133,17.4,13.7,11.3
233,184.5942422,2234.942905,-7.6081,12.375,133,17.4,13.7,11.3
234,172.55,2232.06,-76.6378,12.375,133,17.4,13.7,11.3
235,165.5,2225.59,-9.3867,12.375,133,17.4,13.7,11.3
236,174.3600174,2210.257593,8.4693,12.375,133,17.4,13.7,11.3
237,185.3,2206.2,65.5283,12.375,133,17.4,13.7,11.3
238,171.3953578,2213.980043,-31.8604,12.375,133,17.4,13.7,11.3
239,120.02,2219.32,-63.3,12.375,133,17.4,13.7,11.3
240,165.353392,2215.967354,-18.0838,12.375,133,17.4,13.7,11.3
241,165.87,2223.37,-5.9813,4.756,133,17.4,13.7,11.3
242,166.8903697,2218.319819,-11.5167,4.756,133,17.4,13.7,11.3
243,172.5234877,2217.505928,-9.583,4.756,133,17.4,13.7,11.3
244,195.29,2213.36,-34.9056,4.756,133,17.4,13.7,11.3
245,174.6629756,2218.794147,-5.9295,4.756,133,17.4,13.7,11.3
246,166.26,2224.63,-9.891,4.756,133,17.4,13.7,11.3
247,165.4425321,2228.123853,-7.3657,4.756,133,17.4,13.7,11.3
248,184.5942422,2234.942905,-7.6081,4.756,133,17.4,13.7,11.3
249,172.55,2232.06,-76.6378,4.756,133,17.4,13.7,11.3
250,165.5,2225.59,-9.3867,4.756,133,17.4,13.7,11.3
251,174.3600174,2210.257593,8.4693,4.756,133,17.4,13.7,11.3
252,185.3,2206.2,65.5283,4.756,133,17.4,13.7,11.3
253,171.3953578,2213.980043,-31.8604,4.756,133,17.4,13.7,11.3
254,120.02,2219.32,-63.3,4.756,133,17.4,13.7,11.3
255,165.353392,2215.967354,-18.0838,4.756,133,17.4,13.7,11.3
256,165.87,2223.37,-5.9813,10.329,169,17.4,13.7,11.3
257,166.8903697,2218.319819,-11.5167,10.329,169,17.4,13.7,11.3
258,172.5234877,2217.505928,-9.583,10.329,169,17.4,13.7,11.3
259,195.29,2213.36,-34.9056,10.329,169,17.4,13.7,11.3
260,174.6629756,2218.794147,-5.9295,10.329,169,17.4,13.7,11.3
261,166.26,2224.63,-9.891,10.329,169,17.4,13.7,11.3
262,165.4425321,2228.123853,-7.3657,10.329,169,17.4,13.7,11.3
263,184.5942422,2234.942905,-7.6081,10.329,169,17.4,13.7,11.3
264,172.55,2232.06,-76.6378,10.329,169,17.4,13.7,11.3
265,165.5,2225.59,-9.3867,10.329,169,17.4,13.7,11.3
266,174.3600174,2210.257593,8.4693,10.329,169,17.4,13.7,11.3
267,185.3,2206.2,65.5283,10.329,169,17.4,13.7,11.3
268,171.3953578,2213.980043,-31.8604,10.329,169,17.4,13.7,11.3
269,120.02,2219.32,-63.3,10.329,169,17.4,13.7,11.3
270,165.353392,2215.967354,-18.0838,10.329,169,17.4,13.7,11.3
271,165.87,2223.37,-5.9813,3.17,169,17.4,13.7,11.3
272,166.8903697,2218.319819,-11.5167,3.17,169,17.4,13.7,11.3
273,172.5234877,2217.505928,-9.583,3.17,169,17.4,13.7,11.3
274,195.29,2213.36,-34.9056,3.17,169,17.4,13.7,11.3
275,174.6629756,2218.794147,-5.9295,3.17,169,17.4,13.7,11.3
276,166.26,2224.63,-9.891,3.17,169,17.4,13.7,11.3
277,165.4425321,2228.123853,-7.3657,3.17,169,17.4,13.7,11.3
278,184.5942422,2234.942905,-7.6081,3.17,169,17.4,13.7,11.3
279,172.55,2232.06,-76.6378,3.17,169,17.4,13.7,11.3
280,165.5,2225.59,-9.3867,3.17,169,17.4,13.7,11.3
281,174.3600174,2210.257593,8.4693,3.17,169,17.4,13.7,11.3
282,185.3,2206.2,65.5283,3.17,169,17.4,13.7,11.3
283,171.3953578,2213.980043,-31.8604,3.17,169,17.4,13.7,11.3
284,120.02,2219.32,-63.3,3.17,169,17.4,13.7,11.3
285,165.353392,2215.967354,-18.0838,3.17,169,17.4,13.7,11.3
286,165.87,2223.37,-5.9813,13.997,322,17.4,13.7,11.3
287,166.8903697,2218.319819,-11.5167,13.997,322,17.4,13.7,11.3
288,172.5234877,2217.505928,-9.583,13.997,322,17.4,13.7,11.3
289,195.29,2213.36,-34.9056,13.997,322,17.4,13.7,11.3
290,174.6629756,2218.794147,-5.9295,13.997,322,17.4,13.7,11.3
291,166.26,2224.63,-9.891,13.997,322,17.4,13.7,11.3
292,165.4425321,2228.123853,-7.3657,13.997,322,17.4,13.7,11.3
293,184.5942422,2234.942905,-7.6081,13.997,322,17.4,13.7,11.3
294,172.55,2232.06,-76.6378,13.997,322,17.4,13.7,11.3
295,165.5,2225.59,-9.3867,13.997,322,17.4,13.7,11.3
296,174.3600174,2210.257593,8.4693,13.997,322,17.4,13.7,11.3
297,185.3,2206.2,65.5283,13.997,322,17.4,13.7,11.3
298,171.3953578,2213.980043,-31.8604,13.997,322,17.4,13.7,11.3
299,120.02,2219.32,-63.3,13.997,322,17.4,13.7,11.3
300,165.353392,2215.967354,-18.0838,13.997,322,17.4,13.7,11.3
301,165.87,2223.37,-5.9813,10.329,95,15.3,18,6.1
302,166.8903697,2218.319819,-11.5167,10.329,95,15.3,18,6.1
303,172.5234877,2217.505928,-9.583,10.329,95,15.3,18,6.1
304,195.29,2213.36,-34.9056,10.329,95,15.3,18,6.1
305,174.6629756,2218.794147,-5.9295,10.329,95,15.3,18,6.1
306,166.26,2224.63,-9.891,10.329,95,15.3,18,6.1
307,165.4425321,2228.123853,-7.3657,10.329,95,15.3,18,6.1
308,184.5942422,2234.942905,-7.6081,10.329,95,15.3,18,6.1
309,172.55,2232.06,-76.6378,10.329,95,15.3,18,6.1
310,165.5,2225.59,-9.3867,10.329,95,15.3,18,6.1
311,174.3600174,2210.257593,8.4693,10.329,95,15.3,18,6.1
312,185.3,2206.2,65.5283,10.329,95,15.3,18,6.1
313,171.3953578,2213.980043,-31.8604,10.329,95,15.3,18,6.1
314,120.02,2219.32,-63.3,10.329,95,15.3,18,6.1
315,165.353392,2215.967354,-18.0838,10.329,95,15.3,18,6.1
316,165.87,2223.37,-5.9813,6.351,95,15.3,18,6.1
317,166.8903697,2218.319819,-11.5167,6.351,95,15.3,18,6.1
318,172.5234877,2217.505928,-9.583,6.351,95,15.3,18,6.1
319,195.29,2213.36,-34.9056,6.351,95,15.3,18,6.1
320,174.6629756,2218.794147,-5.9295,6.351,95,15.3,18,6.1
321,166.26,2224.63,-9.891,6.351,95,15.3,18,6.1
322,165.4425321,2228.123853,-7.3657,6.351,95,15.3,18,6.1
323,184.5942422,2234.942905,-7.6081,6.351,95,15.3,18,6.1
324,172.55,2232.06,-76.6378,6.351,95,15.3,18,6.1
325,165.5,2225.59,-9.3867,6.351,95,15.3,18,6.1
326,174.3600174,2210.257593,8.4693,6.351,95,15.3,18,6.1
327,185.3,2206.2,65.5283,6.351,95,15.3,18,6.1
328,171.3953578,2213.980043,-31.8604,6.351,95,15.3,18,6.1
329,120.02,2219.32,-63.3,6.351,95,15.3,18,6.1
330,165.353392,2215.967354,-18.0838,6.351,95,15.3,18,6.1
331,165.87,2223.37,-5.9813,13.997,95,15.3,18,6.1
332,166.8903697,2218.319819,-11.5167,13.997,95,15.3,18,6.1
333,172.5234877,2217.505928,-9.583,13.997,95,15.3,18,6.1
334,195.29,2213.36,-34.9056,13.997,95,15.3,18,6.1
335,174.6629756,2218.794147,-5.9295,13.997,95,15.3,18,6.1
336,166.26,2224.63,-9.891,13.997,95,15.3,18,6.1
337,165.4425321,2228.123853,-7.3657,13.997,95,15.3,18,6.1
338,184.5942422,2234.942905,-7.6081,13.997,95,15.3,18,6.1
339,172.55,2232.06,-76.6378,13.997,95,15.3,18,6.1
340,165.5,2225.59,-9.3867,13.997,95,15.3,18,6.1
341,174.3600174,2210.257593,8.4693,13.997,95,15.3,18,6.1
342,185.3,2206.2,65.5283,13.997,95,15.3,18,6.1
343,171.3953578,2213.980043,-31.8604,13.997,95,15.3,18,6.1
344,120.02,2219.32,-63.3,13.997,95,15.3,18,6.1
345,165.353392,2215.967354,-18.0838,13.997,95,15.3,18,6.1
346,165.87,2223.37,-5.9813,10.329,133,15.3,18,6.1
347,166.8903697,2218.319819,-11.5167,10.329,133,15.3,18,6.1
348,172.5234877,2217.505928,-9.583,10.329,133,15.3,18,6.1
349,195.29,2213.36,-34.9056,10.329,133,15.3,18,6.1
350,174.6629756,2218.794147,-5.9295,10.329,133,15.3,18,6.1
351,166.26,2224.63,-9.891,10.329,133,15.3,18,6.1
352,165.4425321,2228.123853,-7.3657,10.329,133,15.3,18,6.1
353,184.5942422,2234.942905,-7.6081,10.329,133,15.3,18,6.1
354,172.55,2232.06,-76.6378,10.329,133,15.3,18,6.1
355,165.5,2225.59,-9.3867,10.329,133,15.3,18,6.1
356,174.3600174,2210.257593,8.4693,10.329,133,15.3,18,6.1
357,185.3,2206.2,65.5283,10.329,133,15.3,18,6.1
358,171.3953578,2213.980043,-31.8604,10.329,133,15.3,18,6.1
359,120.02,2219.32,-63.3,10.329,133,15.3,18,6.1
360,165.353392,2215.967354,-18.0838,10.329,133,15.3,18,6.1
361,165.87,2223.37,-5.9813,13.997,133,15.3,18,6.1
362,166.8903697,2218.319819,-11.5167,13.997,133,15.3,18,6.1
363,172.5234877,2217.505928,-9.583,13.997,133,15.3,18,6.1
364,195.29,2213.36,-34.9056,13.997,133,15.3,18,6.1
365,174.6629756,2218.794147,-5.9295,13.997,133,15.3,18,6.1
366,166.26,2224.63,-9.891,13.997,133,15.3,18,6.1
367,165.4425321,2228.123853,-7.3657,13.997,133,15.3,18,6.1
368,184.5942422,2234.942905,-7.6081,13.997,133,15.3,18,6.1
369,172.55,2232.06,-76.6378,13.997,133,15.3,18,6.1
370,165.5,2225.59,-9.3867,13.997,133,15.3,18,6.1
371,174.3600174,2210.257593,8.4693,13.997,133,15.3,18,6.1
372,185.3,2206.2,65.5283,13.997,133,15.3,18,6.1
373,171.3953578,2213.980043,-31.8604,13.997,133,15.3,18,6.1
374,120.02,2219.32,-63.3,13.997,133,15.3,18,6.1
375,165.353392,2215.967354,-18.0838,13.997,133,15.3,18,6.1
376,165.87,2223.37,-5.9813,12.375,133,15.3,18,6.1
377,166.8903697,2218.319819,-11.5167,12.375,133,15.3,18,6.1
378,172.5234877,2217.505928,-9.583,12.375,133,15.3,18,6.1
379,195.29,2213.36,-34.9056,12.375,133,15.3,18,6.1
380,174.6629756,2218.794147,-5.9295,12.375,133,15.3,18,6.1
381,166.26,2224.63,-9.891,12.375,133,15.3,18,6.1
382,165.4425321,2228.123853,-7.3657,12.375,133,15.3,18,6.1
383,184.5942422,2234.942905,-7.6081,12.375,133,15.3,18,6.1
384,172.55,2232.06,-76.6378,12.375,133,15.3,18,6.1
385,165.5,2225.59,-9.3867,12.375,133,15.3,18,6.1
386,174.3600174,2210.257593,8.4693,12.375,133,15.3,18,6.1
387,185.3,2206.2,65.5283,12.375,133,15.3,18,6.1
388,171.3953578,2213.980043,-31.8604,12.375,133,15.3,18,6.1
389,120.02,2219.32,-63.3,12.375,133,15.3,18,6.1
390,165.353392,2215.967354,-18.0838,12.375,133,15.3,18,6.1
391,165.87,2223.37,-5.9813,4.756,133,15.3,18,6.1
392,166.8903697,2218.319819,-11.5167,4.756,133,15.3,18,6.1
393,172.5234877,2217.505928,-9.583,4.756,133,15.3,18,6.1
394,195.29,2213.36,-34.9056,4.756,133,15.3,18,6.1
395,174.6629756,2218.794147,-5.9295,4.756,133,15.3,18,6.1
396,166.26,2224.63,-9.891,4.756,133,15.3,18,6.1
397,165.4425321,2228.123853,-7.3657,4.756,133,15.3,18,6.1
398,184.5942422,2234.942905,-7.6081,4.756,133,15.3,18,6.1
399,172.55,2232.06,-76.6378,4.756,133,15.3,18,6.1
400,165.5,2225.59,-9.3867,4.756,133,15.3,18,6.1
401,174.3600174,2210.257593,8.4693,4.756,133,15.3,18,6.1
402,185.3,2206.2,65.5283,4.756,133,15.3,18,6.1
403,171.3953578,2213.980043,-31.8604,4.756,133,15.3,18,6.1
404,120.02,2219.32,-63.3,4.756,133,15.3,18,6.1
405,165.353392,2215.967354,-18.0838,4.756,133,15.3,18,6.1
406,165.87,2223.37,-5.9813,10.329,169,15.3,18,6.1
407,166.8903697,2218.319819,-11.5167,10.329,169,15.3,18,6.1
408,172.5234877,2217.505928,-9.583,10.329,169,15.3,18,6.1
409,195.29,2213.36,-34.9056,10.329,169,15.3,18,6.1
410,174.6629756,2218.794147,-5.9295,10.329,169,15.3,18,6.1
411,166.26,2224.63,-9.891,10.329,169,15.3,18,6.1
412,165.4425321,2228.123853,-7.3657,10.329,169,15.3,18,6.1
413,184.5942422,2234.942905,-7.6081,10.329,169,15.3,18,6.1
414,172.55,2232.06,-76.6378,10.329,169,15.3,18,6.1
415,165.5,2225.59,-9.3867,10.329,169,15.3,18,6.1
416,174.3600174,2210.257593,8.4693,10.329,169,15.3,18,6.1
417,185.3,2206.2,65.5283,10.329,169,15.3,18,6.1
418,171.3953578,2213.980043,-31.8604,10.329,169,15.3,18,6.1
419,120.02,2219.32,-63.3,10.329,169,15.3,18,6.1
420,165.353392,2215.967354,-18.0838,10.329,169,15.3,18,6.1
421,165.87,2223.37,-5.9813,3.17,169,15.3,18,6.1
422,166.8903697,2218.319819,-11.5167,3.17,169,15.3,18,6.1
423,172.5234877,2217.505928,-9.583,3.17,169,15.3,18,6.1
424,195.29,2213.36,-34.9056,3.17,169,15.3,18,6.1
425,174.6629756,2218.794147,-5.9295,3.17,169,15.3,18,6.1
426,166.26,2224.63,-9.891,3.17,169,15.3,18,6.1
427,165.4425321,2228.123853,-7.3657,3.17,169,15.3,18,6.1
428,184.5942422,2234.942905,-7.6081,3.17,169,15.3,18,6.1
429,172.55,2232.06,-76.6378,3.17,169,15.3,18,6.1
430,165.5,2225.59,-9.3867,3.17,169,15.3,18,6.1
431,174.3600174,2210.257593,8.4693,3.17,169,15.3,18,6.1
432,185.3,2206.2,65.5283,3.17,169,15.3,18,6.1
433,171.3953578,2213.980043,-31.8604,3.17,169,15.3,18,6.1
434,120.02,2219.32,-63.3,3.17,169,15.3,18,6.1
435,165.353392,2215.967354,-18.0838,3.17,169,15.3,18,6.1
436,165.87,2223.37,-5.9813,13.997,322,15.3,18,6.1
437,166.8903697,2218.319819,-11.5167,13.997,322,15.3,18,6.1
438,172.5234877,2217.505928,-9.583,13.997,322,15.3,18,6.1
439,195.29,2213.36,-34.9056,13.997,322,15.3,18,6.1
440,174.6629756,2218.794147,-5.9295,13.997,322,15.3,18,6.1
441,166.26,2224.63,-9.891,13.997,322,15.3,18,6.1
442,165.4425321,2228.123853,-7.3657,13.997,322,15.3,18,6.1
443,184.5942422,2234.942905,-7.6081,13.997,322,15.3,18,6.1
444,172.55,2232.06,-76.6378,13.997,322,15.3,18,6.1
445,165.5,2225.59,-9.3867,13.997,322,15.3,18,6.1
446,174.3600174,2210.257593,8.4693,13.997,322,15.3,18,6.1
447,185.3,2206.2,65.5283,13.997,322,15.3,18,6.1
448,171.3953578,2213.980043,-31.8604,13.997,322,15.3,18,6.1
449,120.02,2219.32,-63.3,13.997,322,15.3,18,6.1
450,165.353392,2215.967354,-18.0838,13.997,322,15.3,18,6.1
451,165.87,2223.37,-5.9813,10.329,95,16,6.8,17.4
452,166.8903697,2218.319819,-11.5167,10.329,95,16,6.8,17.4
453,172.5234877,2217.505928,-9.583,10.329,95,16,6.8,17.4
454,195.29,2213.36,-34.9056,10.329,95,16,6.8,17.4
455,174.6629756,2218.794147,-5.9295,10.329,95,16,6.8,17.4
456,166.26,2224.63,-9.891,10.329,95,16,6.8,17.4
457,165.4425321,2228.123853,-7.3657,10.329,95,16,6.8,17.4
458,184.5942422,2234.942905,-7.6081,10.329,95,16,6.8,17.4
459,172.55,2232.06,-76.6378,10.329,95,16,6.8,17.4
460,165.5,2225.59,-9.3867,10.329,95,16,6.8,17.4
461,174.3600174,2210.257593,8.4693,10.329,95,16,6.8,17.4
462,185.3,2206.2,65.5283,10.329,95,16,6.8,17.4
463,171.3953578,2213.980043,-31.8604,10.329,95,16,6.8,17.4
464,120.02,2219.32,-63.3,10.329,95,16,6.8,17.4
465,165.353392,2215.967354,-18.0838,10.329,95,16,6.8,17.4
466,165.87,2223.37,-5.9813,6.351,95,16,6.8,17.4
467,166.8903697,2218.319819,-11.5167,6.351,95,16,6.8,17.4
468,172.5234877,2217.505928,-9.583,6.351,95,16,6.8,17.4
469,195.29,2213.36,-34.9056,6.351,95,16,6.8,17.4
470,174.6629756,2218.794147,-5.9295,6.351,95,16,6.8,17.4
471,166.26,2224.63,-9.891,6.351,95,16,6.8,17.4
472,165.4425321,2228.123853,-7.3657,6.351,95,16,6.8,17.4
473,184.5942422,2234.942905,-7.6081,6.351,95,16,6.8,17.4
474,172.55,2232.06,-76.6378,6.351,95,16,6.8,17.4
475,165.5,2225.59,-9.3867,6.351,95,16,6.8,17.4
476,174.3600174,2210.257593,8.4693,6.351,95,16,6.8,17.4
477,185.3,2206.2,65.5283,6.351,95,16,6.8,17.4
478,171.3953578,2213.980043,-31.8604,6.351,95,16,6.8,17.4
479,120.02,2219.32,-63.3,6.351,95,16,6.8,17.4
480,165.353392,2215.967354,-18.0838,6.351,95,16,6.8,17.4
481,165.87,2223.37,-5.9813,13.997,95,16,6.8,17.4
482,166.8903697,2218.319819,-11.5167,13.997,95,16,6.8,17.4
483,172.5234877,2217.505928,-9.583,13.997,95,16,6.8,17.4
484,195.29,2213.36,-34.9056,13.997,95,16,6.8,17.4
485,174.6629756,2218.794147,-5.9295,13.997,95,16,6.8,17.4
486,166.26,2224.63,-9.891,13.997,95,16,6.8,17.4
487,165.4425321,2228.123853,-7.3657,13.997,95,16,6.8,17.4
488,184.5942422,2234.942905,-7.6081,13.997,95,16,6.8,17.4
489,172.55,2232.06,-76.6378,13.997,95,16,6.8,17.4
490,165.5,2225.59,-9.3867,13.997,95,16,6.8,17.4
491,174.3600174,2210.257593,8.4693,13.997,95,16,6.8,17.4
492,185.3,2206.2,65.5283,13.997,95,16,6.8,17.4
493,171.3953578,2213.980043,-31.8604,13.997,95,16,6.8,17.4
494,120.02,2219.32,-63.3,13.997,95,16,6.8,17.4
495,165.353392,2215.967354,-18.0838,13.997,95,16,6.8,17.4
496,165.87,2223.37,-5.9813,10.329,133,16,6.8,17.4
497,166.8903697,2218.319819,-11.5167,10.329,133,16,6.8,17.4
498,172.5234877,2217.505928,-9.583,10.329,133,16,6.8,17.4
499,195.29,2213.36,-34.9056,10.329,133,16,6.8,17.4
500,174.6629756,2218.794147,-5.9295,10.329,133,16,6.8,17.4
501,166.26,2224.63,-9.891,10.329,133,16,6.8,17.4
502,165.4425321,2228.123853,-7.3657,10.329,133,16,6.8,17.4
503,184.5942422,2234.942905,-7.6081,10.329,133,16,6.8,17.4
504,172.55,2232.06,-76.6378,10.329,133,16,6.8,17.4
505,165.5,2225.59,-9.3867,10.329,133,16,6.8,17.4
506,174.3600174,2210.257593,8.4693,10.329,133,16,6.8,17.4
507,185.3,2206.2,65.5283,10.329,133,16,6.8,17.4
508,171.3953578,2213.980043,-31.8604,10.329,133,16,6.8,17.4
509,120.02,2219.32,-63.3,10.329,133,16,6.8,17.4
510,165.353392,2215.967354,-18.0838,10.329,133,16,6.8,17.4
511,165.87,2223.37,-5.9813,13.997,133,16,6.8,17.4
512,166.8903697,2218.319819,-11.5167,13.997,133,16,6.8,17.4
513,172.5234877,2217.505928,-9.583,13.997,133,16,6.8,17.4
514,195.29,2213.36,-34.9056,13.997,133,16,6.8,17.4
515,174.6629756,2218.794147,-5.9295,13.997,133,16,6.8,17.4
516,166.26,2224.63,-9.891,13.997,133,16,6.8,17.4
517,165.4425321,2228.123853,-7.3657,13.997,133,16,6.8,17.4
518,184.5942422,2234.942905,-7.6081,13.997,133,16,6.8,17.4
519,172.55,2232.06,-76.6378,13.997,133,16,6.8,17.4
520,165.5,2225.59,-9.3867,13.997,133,16,6.8,17.4
521,174.3600174,2210.257593,8.4693,13.997,133,16,6.8,17.4
522,185.3,2206.2,65.5283,13.997,133,16,6.8,17.4
523,171.3953578,2213.980043,-31.8604,13.997,133,16,6.8,17.4
524,120.02,2219.32,-63.3,13.997,133,16,6.8,17.4
525,165.353392,2215.967354,-18.0838,13.997,133,16,6.8,17.4
526,165.87,2223.37,-5.9813,12.375,133,16,6.8,17.4
527,166.8903697,2218.319819,-11.5167,12.375,133,16,6.8,17.4
528,172.5234877,2217.505928,-9.583,12.375,133,16,6.8,17.4
529,195.29,2213.36,-34.9056,12.375,133,16,6.8,17.4
530,174.6629756,2218.794147,-5.9295,12.375,133,16,6.8,17.4
531,166.26,2224.63,-9.891,12.375,133,16,6.8,17.4
532,165.4425321,2228.123853,-7.3657,12.375,133,16,6.8,17.4
533,184.5942422,2234.942905,-7.6081,12.375,133,16,6.8,17.4
534,172.55,2232.06,-76.6378,12.375,133,16,6.8,17.4
535,165.5,2225.59,-9.3867,12.375,133,16,6.8,17.4
536,174.3600174,2210.257593,8.4693,12.375,133,16,6.8,17.4
537,185.3,2206.2,65.5283,12.375,133,16,6.8,17.4
538,171.3953578,2213.980043,-31.8604,12.375,133,16,6.8,17.4
539,120.02,2219.32,-63.3,12.375,133,16,6.8,17.4
540,165.353392,2215.967354,-18.0838,12.375,133,16,6.8,17.4
541,165.87,2223.37,-5.9813,4.756,133,16,6.8,17.4
542,166.8903697,2218.319819,-11.5167,4.756,133,16,6.8,17.4
543,172.5234877,2217.505928,-9.583,4.756,133,16,6.8,17.4
544,195.29,2213.36,-34.9056,4.756,133,16,6.8,17.4
545,174.6629756,2218.794147,-5.9295,4.756,133,16,6.8,17.4
546,166.26,2224.63,-9.891,4.756,133,16,6.8,17.4
547,165.4425321,2228.123853,-7.3657,4.756,133,16,6.8,17.4
548,184.5942422,2234.942905,-7.6081,4.756,133,16,6.8,17.4
549,172.55,2232.06,-76.6378,4.756,133,16,6.8,17.4
550,165.5,2225.59,-9.3867,4.756,133,16,6.8,17.4
551,174.3600174,2210.257593,8.4693,4.756,133,16,6.8,17.4
552,185.3,2206.2,65.5283,4.756,133,16,6.8,17.4
553,171.3953578,2213.980043,-31.8604,4.756,133,16,6.8,17.4
554,120.02,2219.32,-63.3,4.756,133,16,6.8,17.4
555,165.353392,2215.967354,-18.0838,4.756,133,16,6.8,17.4
556,165.87,2223.37,-5.9813,10.329,169,16,6.8,17.4
557,166.8903697,2218.319819,-11.5167,10.329,169,16,6.8,17.4
558,172.5234877,2217.505928,-9.583,10.329,169,16,6.8,17.4
559,195.29,2213.36,-34.9056,10.329,169,16,6.8,17.4
560,174.6629756,2218.794147,-5.9295,10.329,169,16,6.8,17.4
561,166.26,2224.63,-9.891,10.329,169,16,6.8,17.4
562,165.4425321,2228.123853,-7.3657,10.329,169,16,6.8,17.4
563,184.5942422,2234.942905,-7.6081,10.329,169,16,6.8,17.4
564,172.55,2232.06,-76.6378,10.329,169,16,6.8,17.4
565,165.5,2225.59,-9.3867,10.329,169,16,6.8,17.4
566,174.3600174,2210.257593,8.4693,10.329,169,16,6.8,17.4
567,185.3,2206.2,65.5283,10.329,169,16,6.8,17.4
568,171.3953578,2213.980043,-31.8604,10.329,169,16,6.8,17.4
569,120.02,2219.32,-63.3,10.329,169,16,6.8,17.4
570,165.353392,2215.967354,-18.0838,10.329,169,16,6.8,17.4
571,165.87,2223.37,-5.9813,3.17,169,16,6.8,17.4
572,166.8903697,2218.319819,-11.5167,3.17,169,16,6.8,17.4
573,172.5234877,2217.505928,-9.583,3.17,169,16,6.8,17.4
574,195.29,2213.36,-34.9056,3.17,169,16,6.8,17.4
575,174.6629756,2218.794147,-5.9295,3.17,169,16,6.8,17.4
576,166.26,2224.63,-9.891,3.17,169,16,6.8,17.4
577,165.4425321,2228.123853,-7.3657,3.17,169,16,6.8,17.4
578,184.5942422,2234.942905,-7.6081,3.17,169,16,6.8,17.4
579,172.55,2232.06,-76.6378,3.17,169,16,6.8,17.4
580,165.5,2225.59,-9.3867,3.17,169,16,6.8,17.4
581,174.3600174,2210.257593,8.4693,3.17,169,16,6.8,17.4
582,185.3,2206.2,65.5283,3.17,169,16,6.8,17.4
583,171.3953578,2213.980043,-31.8604,3.17,169,16,6.8,17.4
584,120.02,2219.32,-63.3,3.17,169,16,6.8,17.4
585,165.353392,2215.967354,-18.0838,3.17,169,16,6.8,17.4
586,165.87,2223.37,-5.9813,13.997,322,16,6.8,17.4
587,166.8903697,2218.319819,-11.5167,13.997,322,16,6.8,17.4
588,172.5234877,2217.505928,-9.583,13.997,322,16,6.8,17.4
589,195.29,2213.36,-34.9056,13.997,322,16,6.8,17.4
590,174.6629756,2218.794147,-5.9295,13.997,322,16,6.8,17.4
591,166.26,2224.63,-9.891,13.997,322,16,6.8,17.4
592,165.4425321,2228.123853,-7.3657,13.997,322,16,6.8,17.4
593,184.5942422,2234.942905,-7.6081,13.997,322,16,6.8,17.4
594,172.55,2232.06,-76.6378,13.997,322,16,6.8,17.4
595,165.5,2225.59,-9.3867,13.997,322,16,6.8,17.4
596,174.3600174,2210.257593,8.4693,13.997,322,16,6.8,17.4
597,185.3,2206.2,65.5283,13.997,322,16,6.8,17.4
598,171.3953578,2213.980043,-31.8604,13.997,322,16,6.8,17.4
599,120.02,2219.32,-63.3,13.997,322,16,6.8,17.4
600,165.353392,2215.967354,-18.0838,13.997,322,16,6.8,17.4
601,165.87,2223.37,-5.9813,10.329,95,19,7.4,4.1
602,166.8903697,2218.319819,-11.5167,10.329,95,19,7.4,4.1
603,172.5234877,2217.505928,-9.583,10.329,95,19,7.4,4.1
604,195.29,2213.36,-34.9056,10.329,95,19,7.4,4.1
605,174.6629756,2218.794147,-5.9295,10.329,95,19,7.4,4.1
606,166.26,2224.63,-9.891,10.329,95,19,7.4,4.1
607,165.4425321,2228.123853,-7.3657,10.329,95,19,7.4,4.1
608,184.5942422,2234.942905,-7.6081,10.329,95,19,7.4,4.1
609,172.55,2232.06,-76.6378,10.329,95,19,7.4,4.1
610,165.5,2225.59,-9.3867,10.329,95,19,7.4,4.1
611,174.3600174,2210.257593,8.4693,10.329,95,19,7.4,4.1
612,185.3,2206.2,65.5283,10.329,95,19,7.4,4.1
613,171.3953578,2213.980043,-31.8604,10.329,95,19,7.4,4.1
614,120.02,2219.32,-63.3,10.329,95,19,7.4,4.1
615,165.353392,2215.967354,-18.0838,10.329,95,19,7.4,4.1
616,165.87,2223.37,-5.9813,6.351,95,19,7.4,4.1
617,166.8903697,2218.319819,-11.5167,6.351,95,19,7.4,4.1
618,172.5234877,2217.505928,-9.583,6.351,95,19,7.4,4.1
619,195.29,2213.36,-34.9056,6.351,95,19,7.4,4.1
620,174.6629756,2218.794147,-5.9295,6.351,95,19,7.4,4.1
621,166.26,2224.63,-9.891,6.351,95,19,7.4,4.1
622,165.4425321,2228.123853,-7.3657,6.351,95,19,7.4,4.1
623,184.5942422,2234.942905,-7.6081,6.351,95,19,7.4,4.1
624,172.55,2232.06,-76.6378,6.351,95,19,7.4,4.1
625,165.5,2225.59,-9.3867,6.351,95,19,7.4,4.1
626,174.3600174,2210.257593,8.4693,6.351,95,19,7.4,4.1
627,185.3,2206.2,65.5283,6.351,95,19,7.4,4.1
628,171.3953578,2213.980043,-31.8604,6.351,95,19,7.4,4.1
629,120.02,2219.32,-63.3,6.351,95,19,7.4,4.1
630,165.353392,2215.967354,-18.0838,6.351,95,19,7.4,4.1
631,165.87,2223.37,-5.9813,13.997,95,19,7.4,4.1
632,166.8903697,2218.319819,-11.5167,13.997,95,19,7.4,4.1
633,172.5234877,2217.505928,-9.583,13.997,95,19,7.4,4.1
634,195.29,2213.36,-34.9056,13.997,95,19,7.4,4.1
635,174.6629756,2218.794147,-5.9295,13.997,95,19,7.4,4.1
636,166.26,2224.63,-9.891,13.997,95,19,7.4,4.1
637,165.4425321,2228.123853,-7.3657,13.997,95,19,7.4,4.1
638,184.5942422,2234.942905,-7.6081,13.997,95,19,7.4,4.1
639,172.55,2232.06,-76.6378,13.997,95,19,7.4,4.1
640,165.5,2225.59,-9.3867,13.997,95,19,7.4,4.1
641,174.3600174,2210.257593,8.4693,13.997,95,19,7.4,4.1
642,185.3,2206.2,65.5283,13.997,95,19,7.4,4.1
643,171.3953578,2213.980043,-31.8604,13.997,95,19,7.4,4.1
644,120.02,2219.32,-63.3,13.997,95,19,7.4,4.1
645,165.353392,2215.967354,-18.0838,13.997,95,19,7.4,4.1
646,165.87,2223.37,-5.9813,10.329,133,19,7.4,4.1
647,166.8903697,2218.319819,-11.5167,10.329,133,19,7.4,4.1
648,172.5234877,2217.505928,-9.583,10.329,133,19,7.4,4.1
649,195.29,2213.36,-34.9056,10.329,133,19,7.4,4.1
650,174.6629756,2218.794147,-5.9295,10.329,133,19,7.4,4.1
651,166.26,2224.63,-9.891,10.329,133,19,7.4,4.1
652,165.4425321,2228.123853,-7.3657,10.329,133,19,7.4,4.1
653,184.5942422,2234.942905,-7.6081,10.329,133,19,7.4,4.1
654,172.55,2232.06,-76.6378,10.329,133,19,7.4,4.1
655,165.5,2225.59,-9.3867,10.329,133,19,7.4,4.1
656,174.3600174,2210.257593,8.4693,10.329,133,19,7.4,4.1
657,185.3,2206.2,65.5283,10.329,133,19,7.4,4.1
658,171.3953578,2213.980043,-31.8604,10.329,133,19,7.4,4.1
659,120.02,2219.32,-63.3,10.329,133,19,7.4,4.1
660,165.353392,2215.967354,-18.0838,10.329,133,19,7.4,4.1
661,165.87,2223.37,-5.9813,13.997,133,19,7.4,4.1
662,166.8903697,2218.319819,-11.5167,13.997,133,19,7.4,4.1
663,172.5234877,2217.505928,-9.583,13.997,133,19,7.4,4.1
664,195.29,2213.36,-34.9056,13.997,133,19,7.4,4.1
665,174.6629756,2218.794147,-5.9295,13.997,133,19,7.4,4.1
666,166.26,2224.63,-9.891,13.997,133,19,7.4,4.1
667,165.4425321,2228.123853,-7.3657,13.997,133,19,7.4,4.1
668,184.5942422,2234.942905,-7.6081,13.997,133,19,7.4,4.1
669,172.55,2232.06,-76.6378,13.997,133,19,7.4,4.1
670,165.5,2225.59,-9.3867,13.997,133,19,7.4,4.1
671,174.3600174,2210.257593,8.4693,13.997,133,19,7.4,4.1
672,185.3,2206.2,65.5283,13.997,133,19,7.4,4.1
673,171.3953578,2213.980043,-31.8604,13.997,133,19,7.4,4.1
674,120.02,2219.32,-63.3,13.997,133,19,7.4,4.1
675,165.353392,2215.967354,-18.0838,13.997,133,19,7.4,4.1
676,165.87,2223.37,-5.9813,12.375,133,19,7.4,4.1
677,166.8903697,2218.319819,-11.5167,12.375,133,19,7.4,4.1
678,172.5234877,2217.505928,-9.583,12.375,133,19,7.4,4.1
679,195.29,2213.36,-34.9056,12.375,133,19,7.4,4.1
680,174.6629756,2218.794147,-5.9295,12.375,133,19,7.4,4.1
681,166.26,2224.63,-9.891,12.375,133,19,7.4,4.1
682,165.4425321,2228.123853,-7.3657,12.375,133,19,7.4,4.1
683,184.5942422,2234.942905,-7.6081,12.375,133,19,7.4,4.1
684,172.55,2232.06,-76.6378,12.375,133,19,7.4,4.1
685,165.5,2225.59,-9.3867,12.375,133,19,7.4,4.1
686,174.3600174,2210.257593,8.4693,12.375,133,19,7.4,4.1
687,185.3,2206.2,65.5283,12.375,133,19,7.4,4.1
688,171.3953578,2213.980043,-31.8604,12.375,133,19,7.4,4.1
689,120.02,2219.32,-63.3,12.375,133,19,7.4,4.1
690,165.353392,2215.967354,-18.0838,12.375,133,19,7.4,4.1
691,165.87,2223.37,-5.9813,4.756,133,19,7.4,4.1
692,166.8903697,2218.319819,-11.5167,4.756,133,19,7.4,4.1
693,172.5234877,2217.505928,-9.583,4.756,133,19,7.4,4.1
694,195.29,2213.36,-34.9056,4.756,133,19,7.4,4.1
695,174.6629756,2218.794147,-5.9295,4.756,133,19,7.4,4.1
696,166.26,2224.63,-9.891,4.756,133,19,7.4,4.1
697,165.4425321,2228.123853,-7.3657,4.756,133,19,7.4,4.1
698,184.5942422,2234.942905,-7.6081,4.756,133,19,7.4,4.1
699,172.55,2232.06,-76.6378,4.756,133,19,7.4,4.1
700,165.5,2225.59,-9.3867,4.756,133,19,7.4,4.1
701,174.3600174,2210.257593,8.4693,4.756,133,19,7.4,4.1
702,185.3,2206.2,65.5283,4.756,133,19,7.4,4.1
703,171.3953578,2213.980043,-31.8604,4.756,133,19,7.4,4.1
704,120.02,2219.32,-63.3,4.756,133,19,7.4,4.1
705,165.353392,2215.967354,-18.0838,4.756,133,19,7.4,4.1
706,165.87,2223.37,-5.9813,10.329,169,19,7.4,4.1
707,166.8903697,2218.319819,-11.5167,10.329,169,19,7.4,4.1
708,172.5234877,2217.505928,-9.583,10.329,169,19,7.4,4.1
709,195.29,2213.36,-34.9056,10.329,169,19,7.4,4.1
710,174.6629756,2218.794147,-5.9295,10.329,169,19,7.4,4.1
711,166.26,2224.63,-9.891,10.329,169,19,7.4,4.1
712,165.4425321,2228.123853,-7.3657,10.329,169,19,7.4,4.1
713,184.5942422,2234.942905,-7.6081,10.329,169,19,7.4,4.1
714,172.55,2232.06,-76.6378,10.329,169,19,7.4,4.1
715,165.5,2225.59,-9.3867,10.329,169,19,7.4,4.1
716,174.3600174,2210.257593,8.4693,10.329,169,19,7.4,4.1
717,185.3,2206.2,65.5283,10.329,169,19,7.4,4.1
718,171.3953578,2213.980043,-31.8604,10.329,169,19,7.4,4.1
719,120.02,2219.32,-63.3,10.329,169,19,7.4,4.1
720,165.353392,2215.967354,-18.0838,10.329,169,19,7.4,4.1
721,165.87,2223.37,-5.9813,3.17,169,19,7.4,4.1
722,166.8903697,2218.319819,-11.5167,3.17,169,19,7.4,4.1
723,172.5234877,2217.505928,-9.583,3.17,169,19,7.4,4.1
724,195.29,2213.36,-34.9056,3.17,169,19,7.4,4.1
725,174.6629756,2218.794147,-5.9295,3.17,169,19,7.4,4.1
726,166.26,2224.63,-9.891,3.17,169,19,7.4,4.1
727,165.4425321,2228.123853,-7.3657,3.17,169,19,7.4,4.1
728,184.5942422,2234.942905,-7.6081,3.17,169,19,7.4,4.1
729,172.55,2232.06,-76.6378,3.17,169,19,7.4,4.1
730,165.5,2225.59,-9.3867,3.17,169,19,7.4,4.1
731,174.3600174,2210.257593,8.4693,3.17,169,19,7.4,4.1
732,185.3,2206.2,65.5283,3.17,169,19,7.4,4.1
733,171.3953578,2213.980043,-31.8604,3.17,169,19,7.4,4.1
734,120.02,2219.32,-63.3,3.17,169,19,7.4,4.1
735,165.353392,2215.967354,-18.0838,3.17,169,19,7.4,4.1
736,165.87,2223.37,-5.9813,13.997,322,19,7.4,4.1
737,166.8903697,2218.319819,-11.5167,13.997,322,19,7.4,4.1
738,172.5234877,2217.505928,-9.583,13.997,322,19,7.4,4.1
739,195.29,2213.36,-34.9056,13.997,322,19,7.4,4.1
740,174.6629756,2218.794147,-5.9295,13.997,322,19,7.4,4.1
741,166.26,2224.63,-9.891,13.997,322,19,7.4,4.1
742,165.4425321,2228.123853,-7.3657,13.997,322,19,7.4,4.1
743,184.5942422,2234.942905,-7.6081,13.997,322,19,7.4,4.1
744,172.55,2232.06,-76.6378,13.997,322,19,7.4,4.1
745,165.5,2225.59,-9.3867,13.997,322,19,7.4,4.1
746,174.3600174,2210.257593,8.4693,13.997,322,19,7.4,4.1
747,185.3,2206.2,65.5283,13.997,322,19,7.4,4.1
748,171.3953578,2213.980043,-31.8604,13.997,322,19,7.4,4.1
749,120.02,2219.32,-63.3,13.997,322,19,7.4,4.1
750,165.353392,2215.967354,-18.0838,13.997,322,19,7.4,4.1
751,165.87,2223.37,-5.9813,10.329,95,17.5,8.8,0
752,166.8903697,2218.319819,-11.5167,10.329,95,17.5,8.8,0
753,172.5234877,2217.505928,-9.583,10.329,95,17.5,8.8,0
754,195.29,2213.36,-34.9056,10.329,95,17.5,8.8,0
755,174.6629756,2218.794147,-5.9295,10.329,95,17.5,8.8,0
756,166.26,2224.63,-9.891,10.329,95,17.5,8.8,0
757,165.4425321,2228.123853,-7.3657,10.329,95,17.5,8.8,0
758,184.5942422,2234.942905,-7.6081,10.329,95,17.5,8.8,0
759,172.55,2232.06,-76.6378,10.329,95,17.5,8.8,0
760,165.5,2225.59,-9.3867,10.329,95,17.5,8.8,0
761,174.3600174,2210.257593,8.4693,10.329,95,17.5,8.8,0
762,185.3,2206.2,65.5283,10.329,95,17.5,8.8,0
763,171.3953578,2213.980043,-31.8604,10.329,95,17.5,8.8,0
764,120.02,2219.32,-63.3,10.329,95,17.5,8.8,0
765,165.353392,2215.967354,-18.0838,10.329,95,17.5,8.8,0
766,165.87,2223.37,-5.9813,6.351,95,17.5,8.8,0
767,166.8903697,2218.319819,-11.5167,6.351,95,17.5,8.8,0
768,172.5234877,2217.505928,-9.583,6.351,95,17.5,8.8,0
769,195.29,2213.36,-34.9056,6.351,95,17.5,8.8,0
770,174.6629756,2218.794147,-5.9295,6.351,95,17.5,8.8,0
771,166.26,2224.63,-9.891,6.351,95,17.5,8.8,0
772,165.4425321,2228.123853,-7.3657,6.351,95,17.5,8.8,0
773,184.5942422,2234.942905,-7.6081,6.351,95,17.5,8.8,0
774,172.55,2232.06,-76.6378,6.351,95,17.5,8.8,0
775,165.5,2225.59,-9.3867,6.351,95,17.5,8.8,0
776,174.3600174,2210.257593,8.4693,6.351,95,17.5,8.8,0
777,185.3,2206.2,65.5283,6.351,95,17.5,8.8,0
778,171.3953578,2213.980043,-31.8604,6.351,95,17.5,8.8,0
779,120.02,2219.32,-63.3,6.351,95,17.5,8.8,0
780,165.353392,2215.967354,-18.0838,6.351,95,17.5,8.8,0
781,165.87,2223.37,-5.9813,13.997,95,17.5,8.8,0
782,166.8903697,2218.319819,-11.5167,13.997,95,17.5,8.8,0
783,172.5234877,2217.505928,-9.583,13.997,95,17.5,8.8,0
784,195.29,2213.36,-34.9056,13.997,95,17.5,8.8,0
785,174.6629756,2218.794147,-5.9295,13.997,95,17.5,8.8,0
786,166.26,2224.63,-9.891,13.997,95,17.5,8.8,0
787,165.4425321,2228.123853,-7.3657,13.997,95,17.5,8.8,0
788,184.5942422,2234.942905,-7.6081,13.997,95,17.5,8.8,0
789,172.55,2232.06,-76.6378,13.997,95,17.5,8.8,0
790,165.5,2225.59,-9.3867,13.997,95,17.5,8.8,0
791,174.3600174,2210.257593,8.4693,13.997,95,17.5,8.8,0
792,185.3,2206.2,65.5283,13.997,95,17.5,8.8,0
793,171.3953578,2213.980043,-31.8604,13.997,95,17.5,8.8,0
794,120.02,2219.32,-63.3,13.997,95,17.5,8.8,0
795,165.353392,2215.967354,-18.0838,13.997,95,17.5,8.8,0
796,165.87,2223.37,-5.9813,10.329,133,17.5,8.8,0
797,166.8903697,2218.319819,-11.5167,10.329,133,17.5,8.8,0
798,172.5234877,2217.505928,-9.583,10.329,133,17.5,8.8,0
799,195.29,2213.36,-34.9056,10.329,133,17.5,8.8,0
800,174.6629756,2218.794147,-5.9295,10.329,133,17.5,8.8,0
801,166.26,2224.63,-9.891,10.329,133,17.5,8.8,0
802,165.4425321,2228.123853,-7.3657,10.329,133,17.5,8.8,0
803,184.5942422,2234.942905,-7.6081,10.329,133,17.5,8.8,0
804,172.55,2232.06,-76.6378,10.329,133,17.5,8.8,0
805,165.5,2225.59,-9.3867,10.329,133,17.5,8.8,0
806,174.3600174,2210.257593,8.4693,10.329,133,17.5,8.8,0
807,185.3,2206.2,65.5283,10.329,133,17.5,8.8,0
808,171.3953578,2213.980043,-31.8604,10.329,133,17.5,8.8,0
809,120.02,2219.32,-63.3,10.329,133,17.5,8.8,0
810,165.353392,2215.967354,-18.0838,10.329,133,17.5,8.8,0
811,165.87,2223.37,-5.9813,13.997,133,17.5,8.8,0
812,166.8903697,2218.319819,-11.5167,13.997,133,17.5,8.8,0
813,172.5234877,2217.505928,-9.583,13.997,133,17.5,8.8,0
814,195.29,2213.36,-34.9056,13.997,133,17.5,8.8,0
815,174.6629756,2218.794147,-5.9295,13.997,133,17.5,8.8,0
816,166.26,2224.63,-9.891,13.997,133,17.5,8.8,0
817,165.4425321,2228.123853,-7.3657,13.997,133,17.5,8.8,0
818,184.5942422,2234.942905,-7.6081,13.997,133,17.5,8.8,0
819,172.55,2232.06,-76.6378,13.997,133,17.5,8.8,0
820,165.5,2225.59,-9.3867,13.997,133,17.5,8.8,0
821,174.3600174,2210.257593,8.4693,13.997,133,17.5,8.8,0
822,185.3,2206.2,65.5283,13.997,133,17.5,8.8,0
823,171.3953578,2213.980043,-31.8604,13.997,133,17.5,8.8,0
824,120.02,2219.32,-63.3,13.997,133,17.5,8.8,0
825,165.353392,2215.967354,-18.0838,13.997,133,17.5,8.8,0
826,165.87,2223.37,-5.9813,12.375,133,17.5,8.8,0
827,166.8903697,2218.319819,-11.5167,12.375,133,17.5,8.8,0
828,172.5234877,2217.505928,-9.583,12.375,133,17.5,8.8,0
829,195.29,2213.36,-34.9056,12.375,133,17.5,8.8,0
830,174.6629756,2218.794147,-5.9295,12.375,133,17.5,8.8,0
831,166.26,2224.63,-9.891,12.375,133,17.5,8.8,0
832,165.4425321,2228.123853,-7.3657,12.375,133,17.5,8.8,0
833,184.5942422,2234.942905,-7.6081,12.375,133,17.5,8.8,0
834,172.55,2232.06,-76.6378,12.375,133,17.5,8.8,0
835,165.5,2225.59,-9.3867,12.375,133,17.5,8.8,0
836,174.3600174,2210.257593,8.4693,12.375,133,17.5,8.8,0
837,185.3,2206.2,65.5283,12.375,133,17.5,8.8,0
838,171.3953578,2213.980043,-31.8604,12.375,133,17.5,8.8,0
839,120.02,2219.32,-63.3,12.375,133,17.5,8.8,0
840,165.353392,2215.967354,-18.0838,12.375,133,17.5,8.8,0
841,165.87,2223.37,-5.9813,4.756,133,17.5,8.8,0
842,166.8903697,2218.319819,-11.5167,4.756,133,17.5,8.8,0
843,172.5234877,2217.505928,-9.583,4.756,133,17.5,8.8,0
844,195.29,2213.36,-34.9056,4.756,133,17.5,8.8,0
845,174.6629756,2218.794147,-5.9295,4.756,133,17.5,8.8,0
846,166.26,2224.63,-9.891,4.756,133,17.5,8.8,0
847,165.4425321,2228.123853,-7.3657,4.756,133,17.5,8.8,0
848,184.5942422,2234.942905,-7.6081,4.756,133,17.5,8.8,0
849,172.55,2232.06,-76.6378,4.756,133,17.5,8.8,0
850,165.5,2225.59,-9.3867,4.756,133,17.5,8.8,0
851,174.3600174,2210.257593,8.4693,4.756,133,17.5,8.8,0
852,185.3,2206.2,65.5283,4.756,133,17.5,8.8,0
853,171.3953578,2213.980043,-31.8604,4.756,133,17.5,8.8,0
854,120.02,2219.32,-63.3,4.756,133,17.5,8.8,0
855,165.353392,2215.967354,-18.0838,4.756,133,17.5,8.8,0
856,165.87,2223.37,-5.9813,10.329,169,17.5,8.8,0
857,166.8903697,2218.319819,-11.5167,10.329,169,17.5,8.8,0
858,172.5234877,2217.505928,-9.583,10.329,169,17.5,8.8,0
859,195.29,2213.36,-34.9056,10.329,169,17.5,8.8,0
860,174.6629756,2218.794147,-5.9295,10.329,169,17.5,8.8,0
861,166.26,2224.63,-9.891,10.329,169,17.5,8.8,0
862,165.4425321,2228.123853,-7.3657,10.329,169,17.5,8.8,0
863,184.5942422,2234.942905,-7.6081,10.329,169,17.5,8.8,0
864,172.55,2232.06,-76.6378,10.329,169,17.5,8.8,0
865,165.5,2225.59,-9.3867,10.329,169,17.5,8.8,0
866,174.3600174,2210.257593,8.4693,10.329,169,17.5,8.8,0
867,185.3,2206.2,65.5283,10.329,169,17.5,8.8,0
868,171.3953578,2213.980043,-31.8604,10.329,169,17.5,8.8,0
869,120.02,2219.32,-63.3,10.329,169,17.5,8.8,0
870,165.353392,2215.967354,-18.0838,10.329,169,17.5,8.8,0
871,165.87,2223.37,-5.9813,3.17,169,17.5,8.8,0
872,166.8903697,2218.319819,-11.5167,3.17,169,17.5,8.8,0
873,172.5234877,2217.505928,-9.583,3.17,169,17.5,8.8,0
874,195.29,2213.36,-34.9056,3.17,169,17.5,8.8,0
875,174.6629756,2218.794147,-5.9295,3.17,169,17.5,8.8,0
876,166.26,2224.63,-9.891,3.17,169,17.5,8.8,0
877,165.4425321,2228.123853,-7.3657,3.17,169,17.5,8.8,0
878,184.5942422,2234.942905,-7.6081,3.17,169,17.5,8.8,0
879,172.55,2232.06,-76.6378,3.17,169,17.5,8.8,0
880,165.5,2225.59,-9.3867,3.17,169,17.5,8.8,0
881,174.3600174,2210.257593,8.4693,3.17,169,17.5,8.8,0
882,185.3,2206.2,65.5283,3.17,169,17.5,8.8,0
883,171.3953578,2213.980043,-31.8604,3.17,169,17.5,8.8,0
884,120.02,2219.32,-63.3,3.17,169,17.5,8.8,0
885,165.353392,2215.967354,-18.0838,3.17,169,17.5,8.8,0
886,165.87,2223.37,-5.9813,13.997,322,17.5,8.8,0
887,166.8903697,2218.319819,-11.5167,13.997,322,17.5,8.8,0
888,172.5234877,2217.505928,-9.583,13.997,322,17.5,8.8,0
889,195.29,2213.36,-34.9056,13.997,322,17.5,8.8,0
890,174.6629756,2218.794147,-5.9295,13.997,322,17.5,8.8,0
891,166.26,2224.63,-9.891,13.997,322,17.5,8.8,0
892,165.4425321,2228.123853,-7.3657,13.997,322,17.5,8.8,0
893,184.5942422,2234.942905,-7.6081,13.997,322,17.5,8.8,0
894,172.55,2232.06,-76.6378,13.997,322,17.5,8.8,0
895,165.5,2225.59,-9.3867,13.997,322,17.5,8.8,0
896,174.3600174,2210.257593,8.4693,13.997,322,17.5,8.8,0
897,185.3,2206.2,65.5283,13.997,322,17.5,8.8,0
898,171.3953578,2213.980043,-31.8604,13.997,322,17.5,8.8,0
899,120.02,2219.32,-63.3,13.997,322,17.5,8.8,0
900,165.353392,2215.967354,-18.0838,13.997,322,17.5,8.8,0
901,165.87,2223.37,-5.9813,10.329,95,15.8,3.7,6.3
902,166.8903697,2218.319819,-11.5167,10.329,95,15.8,3.7,6.3
903,172.5234877,2217.505928,-9.583,10.329,95,15.8,3.7,6.3
904,195.29,2213.36,-34.9056,10.329,95,15.8,3.7,6.3
905,174.6629756,2218.794147,-5.9295,10.329,95,15.8,3.7,6.3
906,166.26,2224.63,-9.891,10.329,95,15.8,3.7,6.3
907,165.4425321,2228.123853,-7.3657,10.329,95,15.8,3.7,6.3
908,184.5942422,2234.942905,-7.6081,10.329,95,15.8,3.7,6.3
909,172.55,2232.06,-76.6378,10.329,95,15.8,3.7,6.3
910,165.5,2225.59,-9.3867,10.329,95,15.8,3.7,6.3
911,174.3600174,2210.257593,8.4693,10.329,95,15.8,3.7,6.3
912,185.3,2206.2,65.5283,10.329,95,15.8,3.7,6.3
913,171.3953578,2213.980043,-31.8604,10.329,95,15.8,3.7,6.3
914,120.02,2219.32,-63.3,10.329,95,15.8,3.7,6.3
915,165.353392,2215.967354,-18.0838,10.329,95,15.8,3.7,6.3
916,165.87,2223.37,-5.9813,6.351,95,15.8,3.7,6.3
917,166.8903697,2218.319819,-11.5167,6.351,95,15.8,3.7,6.3
918,172.5234877,2217.505928,-9.583,6.351,95,15.8,3.7,6.3
919,195.29,2213.36,-34.9056,6.351,95,15.8,3.7,6.3
920,174.6629756,2218.794147,-5.9295,6.351,95,15.8,3.7,6.3
921,166.26,2224.63,-9.891,6.351,95,15.8,3.7,6.3
922,165.4425321,2228.123853,-7.3657,6.351,95,15.8,3.7,6.3
923,184.5942422,2234.942905,-7.6081,6.351,95,15.8,3.7,6.3
924,172.55,2232.06,-76.6378,6.351,95,15.8,3.7,6.3
925,165.5,2225.59,-9.3867,6.351,95,15.8,3.7,6.3
926,174.3600174,2210.257593,8.4693,6.351,95,15.8,3.7,6.3
927,185.3,2206.2,65.5283,6.351,95,15.8,3.7,6.3
928,171.3953578,2213.980043,-31.8604,6.351,95,15.8,3.7,6.3
929,120.02,2219.32,-63.3,6.351,95,15.8,3.7,6.3
930,165.353392,2215.967354,-18.0838,6.351,95,15.8,3.7,6.3
931,165.87,2223.37,-5.9813,13.997,95,15.8,3.7,6.3
932,166.8903697,2218.319819,-11.5167,13.997,95,15.8,3.7,6.3
933,172.5234877,2217.505928,-9.583,13.997,95,15.8,3.7,6.3
934,195.29,2213.36,-34.9056,13.997,95,15.8,3.7,6.3
935,174.6629756,2218.794147,-5.9295,13.997,95,15.8,3.7,6.3
936,166.26,2224.63,-9.891,13.997,95,15.8,3.7,6.3
937,165.4425321,2228.123853,-7.3657,13.997,95,15.8,3.7,6.3
938,184.5942422,2234.942905,-7.6081,13.997,95,15.8,3.7,6.3
939,172.55,2232.06,-76.6378,13.997,95,15.8,3.7,6.3
940,165.5,2225.59,-9.3867,13.997,95,15.8,3.7,6.3
941,174.3600174,2210.257593,8.4693,13.997,95,15.8,3.7,6.3
942,185.3,2206.2,65.5283,13.997,95,15.8,3.7,6.3
943,171.3953578,2213.980043,-31.8604,13.997,95,15.8,3.7,6.3
944,120.02,2219.32,-63.3,13.997,95,15.8,3.7,6.3
945,165.353392,2215.967354,-18.0838,13.997,95,15.8,3.7,6.3
946,165.87,2223.37,-5.9813,10.329,133,15.8,3.7,6.3
947,166.8903697,2218.319819,-11.5167,10.329,133,15.8,3.7,6.3
948,172.5234877,2217.505928,-9.583,10.329,133,15.8,3.7,6.3
949,195.29,2213.36,-34.9056,10.329,133,15.8,3.7,6.3
950,174.6629756,2218.794147,-5.9295,10.329,133,15.8,3.7,6.3
951,166.26,2224.63,-9.891,10.329,133,15.8,3.7,6.3
952,165.4425321,2228.123853,-7.3657,10.329,133,15.8,3.7,6.3
953,184.5942422,2234.942905,-7.6081,10.329,133,15.8,3.7,6.3
954,172.55,2232.06,-76.6378,10.329,133,15.8,3.7,6.3
955,165.5,2225.59,-9.3867,10.329,133,15.8,3.7,6.3
956,174.3600174,2210.257593,8.4693,10.329,133,15.8,3.7,6.3
957,185.3,2206.2,65.5283,10.329,133,15.8,3.7,6.3
958,171.3953578,2213.980043,-31.8604,10.329,133,15.8,3.7,6.3
959,120.02,2219.32,-63.3,10.329,133,15.8,3.7,6.3
960,165.353392,2215.967354,-18.0838,10.329,133,15.8,3.7,6.3
961,165.87,2223.37,-5.9813,13.997,133,15.8,3.7,6.3
962,166.8903697,2218.319819,-11.5167,13.997,133,15.8,3.7,6.3
963,172.5234877,2217.505928,-9.583,13.997,133,15.8,3.7,6.3
964,195.29,2213.36,-34.9056,13.997,133,15.8,3.7,6.3
965,174.6629756,2218.794147,-5.9295,13.997,133,15.8,3.7,6.3
966,166.26,2224.63,-9.891,13.997,133,15.8,3.7,6.3
967,165.4425321,2228.123853,-7.3657,13.997,133,15.8,3.7,6.3
968,184.5942422,2234.942905,-7.6081,13.997,133,15.8,3.7,6.3
969,172.55,2232.06,-76.6378,13.997,133,15.8,3.7,6.3
970,165.5,2225.59,-9.3867,13.997,133,15.8,3.7,6.3
971,174.3600174,2210.257593,8.4693,13.997,133,15.8,3.7,6.3
972,185.3,2206.2,65.5283,13.997,133,15.8,3.7,6.3
973,171.3953578,2213.980043,-31.8604,13.997,133,15.8,3.7,6.3
974,120.02,2219.32,-63.3,13.997,133,15.8,3.7,6.3
975,165.353392,2215.967354,-18.0838,13.997,133,15.8,3.7,6.3
976,165.87,2223.37,-5.9813,12.375,133,15.8,3.7,6.3
977,166.8903697,2218.319819,-11.5167,12.375,133,15.8,3.7,6.3
978,172.5234877,2217.505928,-9.583,12.375,133,15.8,3.7,6.3
979,195.29,2213.36,-34.9056,12.375,133,15.8,3.7,6.3
980,174.6629756,2218.794147,-5.9295,12.375,133,15.8,3.7,6.3
981,166.26,2224.63,-9.891,12.375,133,15.8,3.7,6.3
982,165.4425321,2228.123853,-7.3657,12.375,133,15.8,3.7,6.3
983,184.5942422,2234.942905,-7.6081,12.375,133,15.8,3.7,6.3
984,172.55,2232.06,-76.6378,12.375,133,15.8,3.7,6.3
985,165.5,2225.59,-9.3867,12.375,133,15.8,3.7,6.3
986,174.3600174,2210.257593,8.4693,12.375,133,15.8,3.7,6.3
987,185.3,2206.2,65.5283,12.375,133,15.8,3.7,6.3
988,171.3953578,2213.980043,-31.8604,12.375,133,15.8,3.7,6.3
989,120.02,2219.32,-63.3,12.375,133,15.8,3.7,6.3
990,165.353392,2215.967354,-18.0838,12.375,133,15.8,3.7,6.3
991,165.87,2223.37,-5.9813,4.756,133,15.8,3.7,6.3
992,166.8903697,2218.319819,-11.5167,4.756,133,15.8,3.7,6.3
993,172.5234877,2217.505928,-9.583,4.756,133,15.8,3.7,6.3
994,195.29,2213.36,-34.9056,4.756,133,15.8,3.7,6.3
995,174.6629756,2218.794147,-5.9295,4.756,133,15.8,3.7,6.3
996,166.26,2224.63,-9.891,4.756,133,15.8,3.7,6.3
997,165.4425321,2228.123853,-7.3657,4.756,133,15.8,3.7,6.3
998,184.5942422,2234.942905,-7.6081,4.756,133,15.8,3.7,6.3
999,172.55,2232.06,-76.6378,4.756,133,15.8,3.7,6.3
1000,165.5,2225.59,-9.3867,4.756,133,15.8,3.7,6.3
1001,174.3600174,2210.257593,8.4693,4.756,133,15.8,3.7,6.3
1002,185.3,2206.2,65.5283,4.756,133,15.8,3.7,6.3
1003,171.3953578,2213.980043,-31.8604,4.756,133,15.8,3.7,6.3
1004,120.02,2219.32,-63.3,4.756,133,15.8,3.7,6.3
1005,165.353392,2215.967354,-18.0838,4.756,133,15.8,3.7,6.3
1006,165.87,2223.37,-5.9813,10.329,169,15.8,3.7,6.3
1007,166.8903697,2218.319819,-11.5167,10.329,169,15.8,3.7,6.3
1008,172.5234877,2217.505928,-9.583,10.329,169,15.8,3.7,6.3
1009,195.29,2213.36,-34.9056,10.329,169,15.8,3.7,6.3
1010,174.6629756,2218.794147,-5.9295,10.329,169,15.8,3.7,6.3
1011,166.26,2224.63,-9.891,10.329,169,15.8,3.7,6.3
1012,165.4425321,2228.123853,-7.3657,10.329,169,15.8,3.7,6.3
1013,184.5942422,2234.942905,-7.6081,10.329,169,15.8,3.7,6.3
1014,172.55,2232.06,-76.6378,10.329,169,15.8,3.7,6.3
1015,165.5,2225.59,-9.3867,10.329,169,15.8,3.7,6.3
1016,174.3600174,2210.257593,8.4693,10.329,169,15.8,3.7,6.3
1017,185.3,2206.2,65.5283,10.329,169,15.8,3.7,6.3
1018,171.3953578,2213.980043,-31.8604,10.329,169,15.8,3.7,6.3
1019,120.02,2219.32,-63.3,10.329,169,15.8,3.7,6.3
1020,165.353392,2215.967354,-18.0838,10.329,169,15.8,3.7,6.3
1021,165.87,2223.37,-5.9813,3.17,169,15.8,3.7,6.3
1022,166.8903697,2218.319819,-11.5167,3.17,169,15.8,3.7,6.3
1023,172.5234877,2217.505928,-9.583,3.17,169,15.8,3.7,6.3
1024,195.29,2213.36,-34.9056,3.17,169,15.8,3.7,6.3
1025,174.6629756,2218.794147,-5.9295,3.17,169,15.8,3.7,6.3
1026,166.26,2224.63,-9.891,3.17,169,15.8,3.7,6.3
1027,165.4425321,2228.123853,-7.3657,3.17,169,15.8,3.7,6.3
1028,184.5942422,2234.942905,-7.6081,3.17,169,15.8,3.7,6.3
1029,172.55,2232.06,-76.6378,3.17,169,15.8,3.7,6.3
1030,165.5,2225.59,-9.3867,3.17,169,15.8,3.7,6.3
1031,174.3600174,2210.257593,8.4693,3.17,169,15.8,3.7,6.3
1032,185.3,2206.2,65.5283,3.17,169,15.8,3.7,6.3
1033,171.3953578,2213.980043,-31.8604,3.17,169,15.8,3.7,6.3
1034,120.02,2219.32,-63.3,3.17,169,15.8,3.7,6.3
1035,165.353392,2215.967354,-18.0838,3.17,169,15.8,3.7,6.3
1036,165.87,2223.37,-5.9813,13.997,322,15.8,3.7,6.3
1037,166.8903697,2218.319819,-11.5167,13.997,322,15.8,3.7,6.3
1038,172.5234877,2217.505928,-9.583,13.997,322,15.8,3.7,6.3
1039,195.29,2213.36,-34.9056,13.997,322,15.8,3.7,6.3
1040,174.6629756,2218.794147,-5.9295,13.997,322,15.8,3.7,6.3
1041,166.26,2224.63,-9.891,13.997,322,15.8,3.7,6.3
1042,165.4425321,2228.123853,-7.3657,13.997,322,15.8,3.7,6.3
1043,184.5942422,2234.942905,-7.6081,13.997,322,15.8,3.7,6.3
1044,172.55,2232.06,-76.6378,13.997,322,15.8,3.7,6.3
1045,165.5,2225.59,-9.3867,13.997,322,15.8,3.7,6.3
1046,174.3600174,2210.257593,8.4693,13.997,322,15.8,3.7,6.3
1047,185.3,2206.2,65.5283,13.997,322,15.8,3.7,6.3
1048,171.3953578,2213.980043,-31.8604,13.997,322,15.8,3.7,6.3
1049,120.02,2219.32,-63.3,13.997,322,15.8,3.7,6.3
1050,165.353392,2215.967354,-18.0838,13.997,322,15.8,3.7,6.3
1051,165.87,2223.37,-5.9813,10.329,95,18,1.4,2
1052,166.8903697,2218.319819,-11.5167,10.329,95,18,1.4,2
1053,172.5234877,2217.505928,-9.583,10.329,95,18,1.4,2
1054,195.29,2213.36,-34.9056,10.329,95,18,1.4,2
1055,174.6629756,2218.794147,-5.9295,10.329,95,18,1.4,2
1056,166.26,2224.63,-9.891,10.329,95,18,1.4,2
1057,165.4425321,2228.123853,-7.3657,10.329,95,18,1.4,2
1058,184.5942422,2234.942905,-7.6081,10.329,95,18,1.4,2
1059,172.55,2232.06,-76.6378,10.329,95,18,1.4,2
1060,165.5,2225.59,-9.3867,10.329,95,18,1.4,2
1061,174.3600174,2210.257593,8.4693,10.329,95,18,1.4,2
1062,185.3,2206.2,65.5283,10.329,95,18,1.4,2
1063,171.3953578,2213.980043,-31.8604,10.329,95,18,1.4,2
1064,120.02,2219.32,-63.3,10.329,95,18,1.4,2
1065,165.353392,2215.967354,-18.0838,10.329,95,18,1.4,2
1066,165.87,2223.37,-5.9813,6.351,95,18,1.4,2
1067,166.8903697,2218.319819,-11.5167,6.351,95,18,1.4,2
1068,172.5234877,2217.505928,-9.583,6.351,95,18,1.4,2
1069,195.29,2213.36,-34.9056,6.351,95,18,1.4,2
1070,174.6629756,2218.794147,-5.9295,6.351,95,18,1.4,2
1071,166.26,2224.63,-9.891,6.351,95,18,1.4,2
1072,165.4425321,2228.123853,-7.3657,6.351,95,18,1.4,2
1073,184.5942422,2234.942905,-7.6081,6.351,95,18,1.4,2
1074,172.55,2232.06,-76.6378,6.351,95,18,1.4,2
1075,165.5,2225.59,-9.3867,6.351,95,18,1.4,2
1076,174.3600174,2210.257593,8.4693,6.351,95,18,1.4,2
1077,185.3,2206.2,65.5283,6.351,95,18,1.4,2
1078,171.3953578,2213.980043,-31.8604,6.351,95,18,1.4,2
1079,120.02,2219.32,-63.3,6.351,95,18,1.4,2
1080,165.353392,2215.967354,-18.0838,6.351,95,18,1.4,2
1081,165.87,2223.37,-5.9813,13.997,95,18,1.4,2
1082,166.8903697,2218.319819,-11.5167,13.997,95,18,1.4,2
1083,172.5234877,2217.505928,-9.583,13.997,95,18,1.4,2
1084,195.29,2213.36,-34.9056,13.997,95,18,1.4,2
1085,174.6629756,2218.794147,-5.9295,13.997,95,18,1.4,2
1086,166.26,2224.63,-9.891,13.997,95,18,1.4,2
1087,165.4425321,2228.123853,-7.3657,13.997,95,18,1.4,2
1088,184.5942422,2234.942905,-7.6081,13.997,95,18,1.4,2
1089,172.55,2232.06,-76.6378,13.997,95,18,1.4,2
1090,165.5,2225.59,-9.3867,13.997,95,18,1.4,2
1091,174.3600174,2210.257593,8.4693,13.997,95,18,1.4,2
1092,185.3,2206.2,65.5283,13.997,95,18,1.4,2
1093,171.3953578,2213.980043,-31.8604,13.997,95,18,1.4,2
1094,120.02,2219.32,-63.3,13.997,95,18,1.4,2
1095,165.353392,2215.967354,-18.0838,13.997,95,18,1.4,2
1096,165.87,2223.37,-5.9813,10.329,133,18,1.4,2
1097,166.8903697,2218.319819,-11.5167,10.329,133,18,1.4,2
1098,172.5234877,2217.505928,-9.583,10.329,133,18,1.4,2
1099,195.29,2213.36,-34.9056,10.329,133,18,1.4,2
1100,174.6629756,2218.794147,-5.9295,10.329,133,18,1.4,2
1101,166.26,2224.63,-9.891,10.329,133,18,1.4,2
1102,165.4425321,2228.123853,-7.3657,10.329,133,18,1.4,2
1103,184.5942422,2234.942905,-7.6081,10.329,133,18,1.4,2
1104,172.55,2232.06,-76.6378,10.329,133,18,1.4,2
1105,165.5,2225.59,-9.3867,10.329,133,18,1.4,2
1106,174.3600174,2210.257593,8.4693,10.329,133,18,1.4,2
1107,185.3,2206.2,65.5283,10.329,133,18,1.4,2
1108,171.3953578,2213.980043,-31.8604,10.329,133,18,1.4,2
1109,120.02,2219.32,-63.3,10.329,133,18,1.4,2
1110,165.353392,2215.967354,-18.0838,10.329,133,18,1.4,2
1111,165.87,2223.37,-5.9813,13.997,133,18,1.4,2
1112,166.8903697,2218.319819,-11.5167,13.997,133,18,1.4,2
1113,172.5234877,2217.505928,-9.583,13.997,133,18,1.4,2
1114,195.29,2213.36,-34.9056,13.997,133,18,1.4,2
1115,174.6629756,2218.794147,-5.9295,13.997,133,18,1.4,2
1116,166.26,2224.63,-9.891,13.997,133,18,1.4,2
1117,165.4425321,2228.123853,-7.3657,13.997,133,18,1.4,2
1118,184.5942422,2234.942905,-7.6081,13.997,133,18,1.4,2
1119,172.55,2232.06,-76.6378,13.997,133,18,1.4,2
1120,165.5,2225.59,-9.3867,13.997,133,18,1.4,2
1121,174.3600174,2210.257593,8.4693,13.997,133,18,1.4,2
1122,185.3,2206.2,65.5283,13.997,133,18,1.4,2
1123,171.3953578,2213.980043,-31.8604,13.997,133,18,1.4,2
1124,120.02,2219.32,-63.3,13.997,133,18,1.4,2
1125,165.353392,2215.967354,-18.0838,13.997,133,18,1.4,2
1126,165.87,2223.37,-5.9813,12.375,133,18,1.4,2
1127,166.8903697,2218.319819,-11.5167,12.375,133,18,1.4,2
1128,172.5234877,2217.505928,-9.583,12.375,133,18,1.4,2
1129,195.29,2213.36,-34.9056,12.375,133,18,1.4,2
1130,174.6629756,2218.794147,-5.9295,12.375,133,18,1.4,2
1131,166.26,2224.63,-9.891,12.375,133,18,1.4,2
1132,165.4425321,2228.123853,-7.3657,12.375,133,18,1.4,2
1133,184.5942422,2234.942905,-7.6081,12.375,133,18,1.4,2
1134,172.55,2232.06,-76.6378,12.375,133,18,1.4,2
1135,165.5,2225.59,-9.3867,12.375,133,18,1.4,2
1136,174.3600174,2210.257593,8.4693,12.375,133,18,1.4,2
1137,185.3,2206.2,65.5283,12.375,133,18,1.4,2
1138,171.3953578,2213.980043,-31.8604,12.375,133,18,1.4,2
1139,120.02,2219.32,-63.3,12.375,133,18,1.4,2
1140,165.353392,2215.967354,-18.0838,12.375,133,18,1.4,2
1141,165.87,2223.37,-5.9813,4.756,133,18,1.4,2
1142,166.8903697,2218.319819,-11.5167,4.756,133,18,1.4,2
1143,172.5234877,2217.505928,-9.583,4.756,133,18,1.4,2
1144,195.29,2213.36,-34.9056,4.756,133,18,1.4,2
1145,174.6629756,2218.794147,-5.9295,4.756,133,18,1.4,2
1146,166.26,2224.63,-9.891,4.756,133,18,1.4,2
1147,165.4425321,2228.123853,-7.3657,4.756,133,18,1.4,2
1148,184.5942422,2234.942905,-7.6081,4.756,133,18,1.4,2
1149,172.55,2232.06,-76.6378,4.756,133,18,1.4,2
1150,165.5,2225.59,-9.3867,4.756,133,18,1.4,2
1151,174.3600174,2210.257593,8.4693,4.756,133,18,1.4,2
1152,185.3,2206.2,65.5283,4.756,133,18,1.4,2
1153,171.3953578,2213.980043,-31.8604,4.756,133,18,1.4,2
1154,120.02,2219.32,-63.3,4.756,133,18,1.4,2
1155,165.353392,2215.967354,-18.0838,4.756,133,18,1.4,2
1156,165.87,2223.37,-5.9813,10.329,169,18,1.4,2
1157,166.8903697,2218.319819,-11.5167,10.329,169,18,1.4,2
1158,172.5234877,2217.505928,-9.583,10.329,169,18,1.4,2
1159,195.29,2213.36,-34.9056,10.329,169,18,1.4,2
1160,174.6629756,2218.794147,-5.9295,10.329,169,18,1.4,2
1161,166.26,2224.63,-9.891,10.329,169,18,1.4,2
1162,165.4425321,2228.123853,-7.3657,10.329,169,18,1.4,2
1163,184.5942422,2234.942905,-7.6081,10.329,169,18,1.4,2
1164,172.55,2232.06,-76.6378,10.329,169,18,1.4,2
1165,165.5,2225.59,-9.3867,10.329,169,18,1.4,2
1166,174.3600174,2210.257593,8.4693,10.329,169,18,1.4,2
1167,185.3,2206.2,65.5283,10.329,169,18,1.4,2
1168,171.3953578,2213.980043,-31.8604,10.329,169,18,1.4,2
1169,120.02,2219.32,-63.3,10.329,169,18,1.4,2
1170,165.353392,2215.967354,-18.0838,10.329,169,18,1.4,2
1171,165.87,2223.37,-5.9813,3.17,169,18,1.4,2
1172,166.8903697,2218.319819,-11.5167,3.17,169,18,1.4,2
1173,172.5234877,2217.505928,-9.583,3.17,169,18,1.4,2
1174,195.29,2213.36,-34.9056,3.17,169,18,1.4,2
1175,174.6629756,2218.794147,-5.9295,3.17,169,18,1.4,2
1176,166.26,2224.63,-9.891,3.17,169,18,1.4,2
1177,165.4425321,2228.123853,-7.3657,3.17,169,18,1.4,2
1178,184.5942422,2234.942905,-7.6081,3.17,169,18,1.4,2
1179,172.55,2232.06,-76.6378,3.17,169,18,1.4,2
1180,165.5,2225.59,-9.3867,3.17,169,18,1.4,2
1181,174.3600174,2210.257593,8.4693,3.17,169,18,1.4,2
1182,185.3,2206.2,65.5283,3.17,169,18,1.4,2
1183,171.3953578,2213.980043,-31.8604,3.17,169,18,1.4,2
1184,120.02,2219.32,-63.3,3.17,169,18,1.4,2
1185,165.353392,2215.967354,-18.0838,3.17,169,18,1.4,2
1186,165.87,2223.37,-5.9813,13.997,322,18,1.4,2
1187,166.8903697,2218.319819,-11.5167,13.997,322,18,1.4,2
1188,172.5234877,2217.505928,-9.583,13.997,322,18,1.4,2
1189,195.29,2213.36,-34.9056,13.997,322,18,1.4,2
1190,174.6629756,2218.794147,-5.9295,13.997,322,18,1.4,2
1191,166.26,2224.63,-9.891,13.997,322,18,1.4,2
1192,165.4425321,2228.123853,-7.3657,13.997,322,18,1.4,2
1193,184.5942422,2234.942905,-7.6081,13.997,322,18,1.4,2
1194,172.55,2232.06,-76.6378,13.997,322,18,1.4,2
1195,165.5,2225.59,-9.3867,13.997,322,18,1.4,2
1196,174.3600174,2210.257593,8.4693,13.997,322,18,1.4,2
1197,185.3,2206.2,65.5283,13.997,322,18,1.4,2
1198,171.3953578,2213.980043,-31.8604,13.997,322,18,1.4,2
1199,120.02,2219.32,-63.3,13.997,322,18,1.4,2
1200,165.353392,2215.967354,-18.0838,13.997,322,18,1.4,2
1201,165.87,2223.37,-5.9813,10.329,95,19,1.8,7.4
1202,166.8903697,2218.319819,-11.5167,10.329,95,19,1.8,7.4
1203,172.5234877,2217.505928,-9.583,10.329,95,19,1.8,7.4
1204,195.29,2213.36,-34.9056,10.329,95,19,1.8,7.4
1205,174.6629756,2218.794147,-5.9295,10.329,95,19,1.8,7.4
1206,166.26,2224.63,-9.891,10.329,95,19,1.8,7.4
1207,165.4425321,2228.123853,-7.3657,10.329,95,19,1.8,7.4
1208,184.5942422,2234.942905,-7.6081,10.329,95,19,1.8,7.4
1209,172.55,2232.06,-76.6378,10.329,95,19,1.8,7.4
1210,165.5,2225.59,-9.3867,10.329,95,19,1.8,7.4
1211,174.3600174,2210.257593,8.4693,10.329,95,19,1.8,7.4
1212,185.3,2206.2,65.5283,10.329,95,19,1.8,7.4
1213,171.3953578,2213.980043,-31.8604,10.329,95,19,1.8,7.4
1214,120.02,2219.32,-63.3,10.329,95,19,1.8,7.4
1215,165.353392,2215.967354,-18.0838,10.329,95,19,1.8,7.4
1216,165.87,2223.37,-5.9813,6.351,95,19,1.8,7.4
1217,166.8903697,2218.319819,-11.5167,6.351,95,19,1.8,7.4
1218,172.5234877,2217.505928,-9.583,6.351,95,19,1.8,7.4
1219,195.29,2213.36,-34.9056,6.351,95,19,1.8,7.4
1220,174.6629756,2218.794147,-5.9295,6.351,95,19,1.8,7.4
1221,166.26,2224.63,-9.891,6.351,95,19,1.8,7.4
1222,165.4425321,2228.123853,-7.3657,6.351,95,19,1.8,7.4
1223,184.5942422,2234.942905,-7.6081,6.351,95,19,1.8,7.4
1224,172.55,2232.06,-76.6378,6.351,95,19,1.8,7.4
1225,165.5,2225.59,-9.3867,6.351,95,19,1.8,7.4
1226,174.3600174,2210.257593,8.4693,6.351,95,19,1.8,7.4
1227,185.3,2206.2,65.5283,6.351,95,19,1.8,7.4
1228,171.3953578,2213.980043,-31.8604,6.351,95,19,1.8,7.4
1229,120.02,2219.32,-63.3,6.351,95,19,1.8,7.4
1230,165.353392,2215.967354,-18.0838,6.351,95,19,1.8,7.4
1231,165.87,2223.37,-5.9813,13.997,95,19,1.8,7.4
1232,166.8903697,2218.319819,-11.5167,13.997,95,19,1.8,7.4
1233,172.5234877,2217.505928,-9.583,13.997,95,19,1.8,7.4
1234,195.29,2213.36,-34.9056,13.997,95,19,1.8,7.4
1235,174.6629756,2218.794147,-5.9295,13.997,95,19,1.8,7.4
1236,166.26,2224.63,-9.891,13.997,95,19,1.8,7.4
1237,165.4425321,2228.123853,-7.3657,13.997,95,19,1.8,7.4
1238,184.5942422,2234.942905,-7.6081,13.997,95,19,1.8,7.4
1239,172.55,2232.06,-76.6378,13.997,95,19,1.8,7.4
1240,165.5,2225.59,-9.3867,13.997,95,19,1.8,7.4
1241,174.3600174,2210.257593,8.4693,13.997,95,19,1.8,7.4
1242,185.3,2206.2,65.5283,13.997,95,19,1.8,7.4
1243,171.3953578,2213.980043,-31.8604,13.997,95,19,1.8,7.4
1244,120.02,2219.32,-63.3,13.997,95,19,1.8,7.4
1245,165.353392,2215.967354,-18.0838,13.997,95,19,1.8,7.4
1246,165.87,2223.37,-5.9813,10.329,133,19,1.8,7.4
1247,166.8903697,2218.319819,-11.5167,10.329,133,19,1.8,7.4
1248,172.5234877,2217.505928,-9.583,10.329,133,19,1.8,7.4
1249,195.29,2213.36,-34.9056,10.329,133,19,1.8,7.4
1250,174.6629756,2218.794147,-5.9295,10.329,133,19,1.8,7.4
1251,166.26,2224.63,-9.891,10.329,133,19,1.8,7.4
1252,165.4425321,2228.123853,-7.3657,10.329,133,19,1.8,7.4
1253,184.5942422,2234.942905,-7.6081,10.329,133,19,1.8,7.4
1254,172.55,2232.06,-76.6378,10.329,133,19,1.8,7.4
1255,165.5,2225.59,-9.3867,10.329,133,19,1.8,7.4
1256,174.3600174,2210.257593,8.4693,10.329,133,19,1.8,7.4
1257,185.3,2206.2,65.5283,10.329,133,19,1.8,7.4
1258,171.3953578,2213.980043,-31.8604,10.329,133,19,1.8,7.4
1259,120.02,2219.32,-63.3,10.329,133,19,1.8,7.4
1260,165.353392,2215.967354,-18.0838,10.329,133,19,1.8,7.4
1261,165.87,2223.37,-5.9813,13.997,133,19,1.8,7.4
1262,166.8903697,2218.319819,-11.5167,13.997,133,19,1.8,7.4
1263,172.5234877,2217.505928,-9.583,13.997,133,19,1.8,7.4
1264,195.29,2213.36,-34.9056,13.997,133,19,1.8,7.4
1265,174.6629756,2218.794147,-5.9295,13.997,133,19,1.8,7.4
1266,166.26,2224.63,-9.891,13.997,133,19,1.8,7.4
1267,165.4425321,2228.123853,-7.3657,13.997,133,19,1.8,7.4
1268,184.5942422,2234.942905,-7.6081,13.997,133,19,1.8,7.4
1269,172.55,2232.06,-76.6378,13.997,133,19,1.8,7.4
1270,165.5,2225.59,-9.3867,13.997,133,19,1.8,7.4
1271,174.3600174,2210.257593,8.4693,13.997,133,19,1.8,7.4
1272,185.3,2206.2,65.5283,13.997,133,19,1.8,7.4
1273,171.3953578,2213.980043,-31.8604,13.997,133,19,1.8,7.4
1274,120.02,2219.32,-63.3,13.997,133,19,1.8,7.4
1275,165.353392,2215.967354,-18.0838,13.997,133,19,1.8,7.4
1276,165.87,2223.37,-5.9813,12.375,133,19,1.8,7.4
1277,166.8903697,2218.319819,-11.5167,12.375,133,19,1.8,7.4
1278,172.5234877,2217.505928,-9.583,12.375,133,19,1.8,7.4
1279,195.29,2213.36,-34.9056,12.375,133,19,1.8,7.4
1280,174.6629756,2218.794147,-5.9295,12.375,133,19,1.8,7.4
1281,166.26,2224.63,-9.891,12.375,133,19,1.8,7.4
1282,165.4425321,2228.123853,-7.3657,12.375,133,19,1.8,7.4
1283,184.5942422,2234.942905,-7.6081,12.375,133,19,1.8,7.4
1284,172.55,2232.06,-76.6378,12.375,133,19,1.8,7.4
1285,165.5,2225.59,-9.3867,12.375,133,19,1.8,7.4
1286,174.3600174,2210.257593,8.4693,12.375,133,19,1.8,7.4
1287,185.3,2206.2,65.5283,12.375,133,19,1.8,7.4
1288,171.3953578,2213.980043,-31.8604,12.375,133,19,1.8,7.4
1289,120.02,2219.32,-63.3,12.375,133,19,1.8,7.4
1290,165.353392,2215.967354,-18.0838,12.375,133,19,1.8,7.4
1291,165.87,2223.37,-5.9813,4.756,133,19,1.8,7.4
1292,166.8903697,2218.319819,-11.5167,4.756,133,19,1.8,7.4
1293,172.5234877,2217.505928,-9.583,4.756,133,19,1.8,7.4
1294,195.29,2213.36,-34.9056,4.756,133,19,1.8,7.4
1295,174.6629756,2218.794147,-5.9295,4.756,133,19,1.8,7.4
1296,166.26,2224.63,-9.891,4.756,133,19,1.8,7.4
1297,165.4425321,2228.123853,-7.3657,4.756,133,19,1.8,7.4
1298,184.5942422,2234.942905,-7.6081,4.756,133,19,1.8,7.4
1299,172.55,2232.06,-76.6378,4.756,133,19,1.8,7.4
1300,165.5,2225.59,-9.3867,4.756,133,19,1.8,7.4
1301,174.3600174,2210.257593,8.4693,4.756,133,19,1.8,7.4
1302,185.3,2206.2,65.5283,4.756,133,19,1.8,7.4
1303,171.3953578,2213.980043,-31.8604,4.756,133,19,1.8,7.4
1304,120.02,2219.32,-63.3,4.756,133,19,1.8,7.4
1305,165.353392,2215.967354,-18.0838,4.756,133,19,1.8,7.4
1306,165.87,2223.37,-5.9813,10.329,169,19,1.8,7.4
1307,166.8903697,2218.319819,-11.5167,10.329,169,19,1.8,7.4
1308,172.5234877,2217.505928,-9.583,10.329,169,19,1.8,7.4
1309,195.29,2213.36,-34.9056,10.329,169,19,1.8,7.4
1310,174.6629756,2218.794147,-5.9295,10.329,169,19,1.8,7.4
1311,166.26,2224.63,-9.891,10.329,169,19,1.8,7.4
1312,165.4425321,2228.123853,-7.3657,10.329,169,19,1.8,7.4
1313,184.5942422,2234.942905,-7.6081,10.329,169,19,1.8,7.4
1314,172.55,2232.06,-76.6378,10.329,169,19,1.8,7.4
1315,165.5,2225.59,-9.3867,10.329,169,19,1.8,7.4
1316,174.3600174,2210.257593,8.4693,10.329,169,19,1.8,7.4
1317,185.3,2206.2,65.5283,10.329,169,19,1.8,7.4
1318,171.3953578,2213.980043,-31.8604,10.329,169,19,1.8,7.4
1319,120.02,2219.32,-63.3,10.329,169,19,1.8,7.4
1320,165.353392,2215.967354,-18.0838,10.329,169,19,1.8,7.4
1321,165.87,2223.37,-5.9813,3.17,169,19,1.8,7.4
1322,166.8903697,2218.319819,-11.5167,3.17,169,19,1.8,7.4
1323,172.5234877,2217.505928,-9.583,3.17,169,19,1.8,7.4
1324,195.29,2213.36,-34.9056,3.17,169,19,1.8,7.4
1325,174.6629756,2218.794147,-5.9295,3.17,169,19,1.8,7.4
1326,166.26,2224.63,-9.891,3.17,169,19,1.8,7.4
1327,165.4425321,2228.123853,-7.3657,3.17,169,19,1.8,7.4
1328,184.5942422,2234.942905,-7.6081,3.17,169,19,1.8,7.4
1329,172.55,2232.06,-76.6378,3.17,169,19,1.8,7.4
1330,165.5,2225.59,-9.3867,3.17,169,19,1.8,7.4
1331,174.3600174,2210.257593,8.4693,3.17,169,19,1.8,7.4
1332,185.3,2206.2,65.5283,3.17,169,19,1.8,7.4
1333,171.3953578,2213.980043,-31.8604,3.17,169,19,1.8,7.4
1334,120.02,2219.32,-63.3,3.17,169,19,1.8,7.4
1335,165.353392,2215.967354,-18.0838,3.17,169,19,1.8,7.4
1336,165.87,2223.37,-5.9813,13.997,322,19,1.8,7.4
1337,166.8903697,2218.319819,-11.5167,13.997,322,19,1.8,7.4
1338,172.5234877,2217.505928,-9.583,13.997,322,19,1.8,7.4
1339,195.29,2213.36,-34.9056,13.997,322,19,1.8,7.4
1340,174.6629756,2218.794147,-5.9295,13.997,322,19,1.8,7.4
1341,166.26,2224.63,-9.891,13.997,322,19,1.8,7.4
1342,165.4425321,2228.123853,-7.3657,13.997,322,19,1.8,7.4
1343,184.5942422,2234.942905,-7.6081,13.997,322,19,1.8,7.4
1344,172.55,2232.06,-76.6378,13.997,322,19,1.8,7.4
1345,165.5,2225.59,-9.3867,13.997,322,19,1.8,7.4
1346,174.3600174,2210.257593,8.4693,13.997,322,19,1.8,7.4
1347,185.3,2206.2,65.5283,13.997,322,19,1.8,7.4
1348,171.3953578,2213.980043,-31.8604,13.997,322,19,1.8,7.4
1349,120.02,2219.32,-63.3,13.997,322,19,1.8,7.4
1350,165.353392,2215.967354,-18.0838,13.997,322,19,1.8,7.4
1351,165.87,2223.37,-5.9813,10.329,95,15.5,0,0
1352,166.8903697,2218.319819,-11.5167,10.329,95,15.5,0,0
1353,172.5234877,2217.505928,-9.583,10.329,95,15.5,0,0
1354,195.29,2213.36,-34.9056,10.329,95,15.5,0,0
1355,174.6629756,2218.794147,-5.9295,10.329,95,15.5,0,0
1356,166.26,2224.63,-9.891,10.329,95,15.5,0,0
1357,165.4425321,2228.123853,-7.3657,10.329,95,15.5,0,0
1358,184.5942422,2234.942905,-7.6081,10.329,95,15.5,0,0
1359,172.55,2232.06,-76.6378,10.329,95,15.5,0,0
1360,165.5,2225.59,-9.3867,10.329,95,15.5,0,0
1361,174.3600174,2210.257593,8.4693,10.329,95,15.5,0,0
1362,185.3,2206.2,65.5283,10.329,95,15.5,0,0
1363,171.3953578,2213.980043,-31.8604,10.329,95,15.5,0,0
1364,120.02,2219.32,-63.3,10.329,95,15.5,0,0
1365,165.353392,2215.967354,-18.0838,10.329,95,15.5,0,0
1366,165.87,2223.37,-5.9813,6.351,95,15.5,0,0
1367,166.8903697,2218.319819,-11.5167,6.351,95,15.5,0,0
1368,172.5234877,2217.505928,-9.583,6.351,95,15.5,0,0
1369,195.29,2213.36,-34.9056,6.351,95,15.5,0,0
1370,174.6629756,2218.794147,-5.9295,6.351,95,15.5,0,0
1371,166.26,2224.63,-9.891,6.351,95,15.5,0,0
1372,165.4425321,2228.123853,-7.3657,6.351,95,15.5,0,0
1373,184.5942422,2234.942905,-7.6081,6.351,95,15.5,0,0
1374,172.55,2232.06,-76.6378,6.351,95,15.5,0,0
1375,165.5,2225.59,-9.3867,6.351,95,15.5,0,0
1376,174.3600174,2210.257593,8.4693,6.351,95,15.5,0,0
1377,185.3,2206.2,65.5283,6.351,95,15.5,0,0
1378,171.3953578,2213.980043,-31.8604,6.351,95,15.5,0,0
1379,120.02,2219.32,-63.3,6.351,95,15.5,0,0
1380,165.353392,2215.967354,-18.0838,6.351,95,15.5,0,0
1381,165.87,2223.37,-5.9813,13.997,95,15.5,0,0
1382,166.8903697,2218.319819,-11.5167,13.997,95,15.5,0,0
1383,172.5234877,2217.505928,-9.583,13.997,95,15.5,0,0
1384,195.29,2213.36,-34.9056,13.997,95,15.5,0,0
1385,174.6629756,2218.794147,-5.9295,13.997,95,15.5,0,0
1386,166.26,2224.63,-9.891,13.997,95,15.5,0,0
1387,165.4425321,2228.123853,-7.3657,13.997,95,15.5,0,0
1388,184.5942422,2234.942905,-7.6081,13.997,95,15.5,0,0
1389,172.55,2232.06,-76.6378,13.997,95,15.5,0,0
1390,165.5,2225.59,-9.3867,13.997,95,15.5,0,0
1391,174.3600174,2210.257593,8.4693,13.997,95,15.5,0,0
1392,185.3,2206.2,65.5283,13.997,95,15.5,0,0
1393,171.3953578,2213.980043,-31.8604,13.997,95,15.5,0,0
1394,120.02,2219.32,-63.3,13.997,95,15.5,0,0
1395,165.353392,2215.967354,-18.0838,13.997,95,15.5,0,0
1396,165.87,2223.37,-5.9813,10.329,133,15.5,0,0
1397,166.8903697,2218.319819,-11.5167,10.329,133,15.5,0,0
1398,172.5234877,2217.505928,-9.583,10.329,133,15.5,0,0
1399,195.29,2213.36,-34.9056,10.329,133,15.5,0,0
1400,174.6629756,2218.794147,-5.9295,10.329,133,15.5,0,0
1401,166.26,2224.63,-9.891,10.329,133,15.5,0,0
1402,165.4425321,2228.123853,-7.3657,10.329,133,15.5,0,0
1403,184.5942422,2234.942905,-7.6081,10.329,133,15.5,0,0
1404,172.55,2232.06,-76.6378,10.329,133,15.5,0,0
1405,165.5,2225.59,-9.3867,10.329,133,15.5,0,0
1406,174.3600174,2210.257593,8.4693,10.329,133,15.5,0,0
1407,185.3,2206.2,65.5283,10.329,133,15.5,0,0
1408,171.3953578,2213.980043,-31.8604,10.329,133,15.5,0,0
1409,120.02,2219.32,-63.3,10.329,133,15.5,0,0
1410,165.353392,2215.967354,-18.0838,10.329,133,15.5,0,0
1411,165.87,2223.37,-5.9813,13.997,133,15.5,0,0
1412,166.8903697,2218.319819,-11.5167,13.997,133,15.5,0,0
1413,172.5234877,2217.505928,-9.583,13.997,133,15.5,0,0
1414,195.29,2213.36,-34.9056,13.997,133,15.5,0,0
1415,174.6629756,2218.794147,-5.9295,13.997,133,15.5,0,0
1416,166.26,2224.63,-9.891,13.997,133,15.5,0,0
1417,165.4425321,2228.123853,-7.3657,13.997,133,15.5,0,0
1418,184.5942422,2234.942905,-7.6081,13.997,133,15.5,0,0
1419,172.55,2232.06,-76.6378,13.997,133,15.5,0,0
1420,165.5,2225.59,-9.3867,13.997,133,15.5,0,0
1421,174.3600174,2210.257593,8.4693,13.997,133,15.5,0,0
1422,185.3,2206.2,65.5283,13.997,133,15.5,0,0
1423,171.3953578,2213.980043,-31.8604,13.997,133,15.5,0,0
1424,120.02,2219.32,-63.3,13.997,133,15.5,0,0
1425,165.353392,2215.967354,-18.0838,13.997,133,15.5,0,0
1426,165.87,2223.37,-5.9813,12.375,133,15.5,0,0
1427,166.8903697,2218.319819,-11.5167,12.375,133,15.5,0,0
1428,172.5234877,2217.505928,-9.583,12.375,133,15.5,0,0
1429,195.29,2213.36,-34.9056,12.375,133,15.5,0,0
1430,174.6629756,2218.794147,-5.9295,12.375,133,15.5,0,0
1431,166.26,2224.63,-9.891,12.375,133,15.5,0,0
1432,165.4425321,2228.123853,-7.3657,12.375,133,15.5,0,0
1433,184.5942422,2234.942905,-7.6081,12.375,133,15.5,0,0
1434,172.55,2232.06,-76.6378,12.375,133,15.5,0,0
1435,165.5,2225.59,-9.3867,12.375,133,15.5,0,0
1436,174.3600174,2210.257593,8.4693,12.375,133,15.5,0,0
1437,185.3,2206.2,65.5283,12.375,133,15.5,0,0
1438,171.3953578,2213.980043,-31.8604,12.375,133,15.5,0,0
1439,120.02,2219.32,-63.3,12.375,133,15.5,0,0
1440,165.353392,2215.967354,-18.0838,12.375,133,15.5,0,0
1441,165.87,2223.37,-5.9813,4.756,133,15.5,0,0
1442,166.8903697,2218.319819,-11.5167,4.756,133,15.5,0,0
1443,172.5234877,2217.505928,-9.583,4.756,133,15.5,0,0
1444,195.29,2213.36,-34.9056,4.756,133,15.5,0,0
1445,174.6629756,2218.794147,-5.9295,4.756,133,15.5,0,0
1446,166.26,2224.63,-9.891,4.756,133,15.5,0,0
1447,165.4425321,2228.123853,-7.3657,4.756,133,15.5,0,0
1448,184.5942422,2234.942905,-7.6081,4.756,133,15.5,0,0
1449,172.55,2232.06,-76.6378,4.756,133,15.5,0,0
1450,165.5,2225.59,-9.3867,4.756,133,15.5,0,0
1451,174.3600174,2210.257593,8.4693,4.756,133,15.5,0,0
1452,185.3,2206.2,65.5283,4.756,133,15.5,0,0
1453,171.3953578,2213.980043,-31.8604,4.756,133,15.5,0,0
1454,120.02,2219.32,-63.3,4.756,133,15.5,0,0
1455,165.353392,2215.967354,-18.0838,4.756,133,15.5,0,0
1456,165.87,2223.37,-5.9813,10.329,169,15.5,0,0
1457,166.8903697,2218.319819,-11.5167,10.329,169,15.5,0,0
1458,172.5234877,2217.505928,-9.583,10.329,169,15.5,0,0
1459,195.29,2213.36,-34.9056,10.329,169,15.5,0,0
1460,174.6629756,2218.794147,-5.9295,10.329,169,15.5,0,0
1461,166.26,2224.63,-9.891,10.329,169,15.5,0,0
1462,165.4425321,2228.123853,-7.3657,10.329,169,15.5,0,0
1463,184.5942422,2234.942905,-7.6081,10.329,169,15.5,0,0
1464,172.55,2232.06,-76.6378,10.329,169,15.5,0,0
1465,165.5,2225.59,-9.3867,10.329,169,15.5,0,0
1466,174.3600174,2210.257593,8.4693,10.329,169,15.5,0,0
1467,185.3,2206.2,65.5283,10.329,169,15.5,0,0
1468,171.3953578,2213.980043,-31.8604,10.329,169,15.5,0,0
1469,120.02,2219.32,-63.3,10.329,169,15.5,0,0
1470,165.353392,2215.967354,-18.0838,10.329,169,15.5,0,0
1471,165.87,2223.37,-5.9813,3.17,169,15.5,0,0
1472,166.8903697,2218.319819,-11.5167,3.17,169,15.5,0,0
1473,172.5234877,2217.505928,-9.583,3.17,169,15.5,0,0
1474,195.29,2213.36,-34.9056,3.17,169,15.5,0,0
1475,174.6629756,2218.794147,-5.9295,3.17,169,15.5,0,0
1476,166.26,2224.63,-9.891,3.17,169,15.5,0,0
1477,165.4425321,2228.123853,-7.3657,3.17,169,15.5,0,0
1478,184.5942422,2234.942905,-7.6081,3.17,169,15.5,0,0
1479,172.55,2232.06,-76.6378,3.17,169,15.5,0,0
1480,165.5,2225.59,-9.3867,3.17,169,15.5,0,0
1481,174.3600174,2210.257593,8.4693,3.17,169,15.5,0,0
1482,185.3,2206.2,65.5283,3.17,169,15.5,0,0
1483,171.3953578,2213.980043,-31.8604,3.17,169,15.5,0,0
1484,120.02,2219.32,-63.3,3.17,169,15.5,0,0
1485,165.353392,2215.967354,-18.0838,3.17,169,15.5,0,0
1486,165.87,2223.37,-5.9813,13.997,322,15.5,0,0
1487,166.8903697,2218.319819,-11.5167,13.997,322,15.5,0,0
1488,172.5234877,2217.505928,-9.583,13.997,322,15.5,0,0
1489,195.29,2213.36,-34.9056,13.997,322,15.5,0,0
1490,174.6629756,2218.794147,-5.9295,13.997,322,15.5,0,0
1491,166.26,2224.63,-9.891,13.997,322,15.5,0,0
1492,165.4425321,2228.123853,-7.3657,13.997,322,15.5,0,0
1493,184.5942422,2234.942905,-7.6081,13.997,322,15.5,0,0
1494,172.55,2232.06,-76.6378,13.997,322,15.5,0,0
1495,165.5,2225.59,-9.3867,13.997,322,15.5,0,0
1496,174.3600174,2210.257593,8.4693,13.997,322,15.5,0,0
1497,185.3,2206.2,65.5283,13.997,322,15.5,0,0
1498,171.3953578,2213.980043,-31.8604,13.997,322,15.5,0,0
1499,120.02,2219.32,-63.3,13.997,322,15.5,0,0
1500,165.353392,2215.967354,-18.0838,13.997,322,15.5,0,0
