expID,shared,observed_log,predicted_log,std
897,True,-5.416650553509902,-5.128768299008854,0.7233243869057457
920,True,-1.6920535104865913,-3.195049222578557,0.6591093598467906
42,False,-3.616744856354737,-4.290453772273217,1.213894351976566
631,True,-3.809466417103054,-1.8477592750166236,0.614889228618087
638,False,-4.009746093956761,-2.6057067488721666,0.8203030210095065
221,False,-5.232529626010034,-4.0690486447614385,0.8670216654369814
1449,False,-5.983099630776354,-3.9659169844916127,1.3262563491103032
485,False,-1.6935698027638555,-1.5768877030117583,0.6669894054081759
1095,False,-8.351678752938664,-4.575446966466394,0.7060824620948839
442,True,-1.6121215100633022,-2.6177460010798113,0.6183965867039803
1026,False,-3.1350173296574853,-3.615301358410429,0.6470572796608345
1469,False,-6.096380717057542,-3.993176471795765,1.2516218504449825
1069,False,-3.724962694287018,-4.923224082852494,1.0476375867880408
1092,False,-5.281460249481614,-5.734744464110915,1.0115118706225477
493,False,-5.754654805029958,-2.4399770485459493,0.6996534006761568
483,False,-2.1476518622967484,-1.677673135719529,0.6467914900673785
482,False,-1.903003928044856,-1.61906942393965,0.615158711027169
513,False,-1.019353888483298,-1.7081630075887124,0.6183444553162898
345,False,-2.8741343018065035,-2.961692835306767,0.6961199582406832
236,False,-5.670831374516515,-4.081714637008888,0.7906953874016952
719,False,-4.789453666095587,-4.169588577754487,0.9194191129764808
1410,False,-7.243228015270266,-4.643695445960542,0.836349940324004
1093,False,-9.210340371976182,-4.981318297836684,0.8025899603863671
72,False,-3.794373311994775,-4.2809297899775505,1.1460859740035476
1123,False,-9.210340371976182,-5.004976623256159,0.802767318182855
1036,True,-1.554504750409291,-2.6257572818364787,0.6244099817069769
192,False,-5.124027981451347,-4.946742383844873,1.0510430753162927
41,False,-4.511953104276958,-3.61261389025138,0.9563163550901341
1091,False,-9.210340371976182,-5.033516339631109,0.9167313171501829
332,False,-4.887798384137193,-2.445544479444272,0.6500638471574594
375,True,-3.5633046312058703,-2.934113121884928,0.6607230273801078
333,False,-1.2186770504828708,-2.380264394305965,0.6965908158644938
1029,False,-3.3390680101966064,-3.434283444654602,1.1088900565233524
1082,True,-5.148863413379699,-3.984887393106736,0.6527963156086793
193,False,-9.210340371976182,-3.4990734249979116,0.8889341502994189
1409,False,-6.153983476605757,-3.9684939552781726,1.3173972669711378
593,False,-4.030018563665854,-3.196681869692847,1.014493935784239
436,False,-1.2511762280341128,-1.709291528426706,0.5914071118245345
445,True,-1.1433042619053975,-2.022738907377324,0.5934713545120266
441,True,-1.0969496715822096,-1.8586714056603098,0.587215060924367
595,True,-0.910224170724194,-1.4754403208859193,0.5974895228469101
444,False,-4.867834495464584,-2.4357798604574907,1.06271308105853
1081,False,-3.721030814131021,-3.319413505318394,0.6684979729676853
438,True,-1.0166111921980483,-1.68372323075043,0.5854348688152085
164,False,-4.584191779602899,-3.434502113667123,1.0418174171434285
212,False,-3.7134180785610904,-2.5882862518154424,0.7326432422131324
182,False,-3.5825034542347853,-2.491610421707312,0.7562870300903825
185,False,-3.1114798820983043,-2.29061346771448,0.7765144490502319
1087,False,-4.10155046247243,-3.290167895219118,0.7447459559668771
1090,False,-4.85684182091684,-3.372963100501062,0.6963542934402671
1117,False,-6.117935211161931,-3.242504016543536,0.7405229686821483
787,False,-5.582804548103298,-2.884704761994125,0.85201292695237
1444,False,-6.346997286467937,-3.888911785025047,1.2506688042247895
1121,False,-7.980699820901669,-5.137859206867033,0.9245004330785408
682,False,-6.2450673059069,-2.084211414402499,0.6790226058276466
1136,False,-9.210340371976182,-5.357874563199908,0.9061072232345823
1089,False,-5.611659185780395,-3.8722045545448953,0.8895619493253809
32,False,-2.6308253058897413,-2.5211378043322568,0.8363280175857303
45,False,-5.3604055588614585,-2.9889358752716517,0.9045326680316038
222,False,-5.799192659460859,-5.006327697835577,0.9884708488056069
1031,False,-6.792642471881632,-3.8803108680420104,0.9038664244313777
440,True,-1.2659404108761343,-1.6590712398176501,0.6030941047403726
1088,False,-6.426564460345837,-3.2888426507035717,0.8579124102489537
443,True,-2.7213178281031145,-4.379833858743718,0.7081947798874036
589,False,-4.28598944647694,-3.6770323912291167,1.3351160285855248
195,False,-4.888860237170335,-3.0499591887814868,0.8172107703531907
1448,False,-5.264689185568052,-4.6232687279723255,1.186665336461187
183,False,-3.0434949657535775,-2.4848421464774666,0.7697684939645953
