fold,role,candidate_id
1,train,16
1,train,50
1,train,116
1,train,123
1,train,151
1,train,219
1,train,243
1,train,256
1,train,278
1,train,279
1,train,294
1,train,295
1,train,299
1,train,301
1,train,306
1,train,309
1,train,331
1,train,339
1,train,344
1,train,369
1,train,375
1,train,387
1,train,389
1,train,391
1,train,406
1,train,407
1,train,408
1,train,411
1,train,415
1,train,421
1,train,426
1,train,431
1,train,434
1,train,437
1,train,438
1,train,439
1,train,442
1,train,443
1,train,445
1,train,446
1,train,448
1,train,452
1,train,456
1,train,468
1,train,470
1,train,471
1,train,478
1,train,481
1,train,486
1,train,494
1,train,496
1,train,504
1,train,508
1,train,511
1,train,512
1,train,516
1,train,519
1,train,522
1,train,526
1,train,527
1,train,531
1,train,532
1,train,538
1,train,541
1,train,546
1,train,547
1,train,549
1,train,557
1,train,558
1,train,560
1,train,562
1,train,563
1,train,564
1,train,565
1,train,566
1,train,568
1,train,569
1,train,571
1,train,572
1,train,576
1,train,579
1,train,584
1,train,591
1,train,594
1,train,595
1,train,598
1,train,599
1,train,627
1,train,631
1,train,632
1,train,633
1,train,644
1,train,669
1,train,691
1,train,729
1,train,803
1,train,854
1,train,897
1,train,931
1,train,939
1,train,1008
1,train,1020
1,train,1022
1,train,1027
1,train,1036
1,train,1041
1,train,1044
1,train,1066
1,train,1080
1,train,1082
1,train,1156
1,train,1203
1,train,1205
1,train,1206
1,train,1209
1,train,1232
1,train,1233
1,train,1234
1,train,1235
1,train,1238
1,train,1240
1,train,1242
1,train,1250
1,train,1251
1,train,1255
1,train,1262
1,train,1265
1,train,1282
1,train,1285
1,train,1300
1,train,1315
1,train,1318
1,train,1327
1,train,1336
1,train,1344
1,train,1357
1,train,1414
1,train,1426
1,train,1482
1,train,1491
1,train,1493
1,train,1499
1,test,139
1,test,147
1,test,169
1,test,189
1,test,302
1,test,376
1,test,410
1,test,422
1,test,440
1,test,441
1,test,451
1,test,463
1,test,466
1,test,467
1,test,472
1,test,474
1,test,480
1,test,489
1,test,534
1,test,556
1,test,561
1,test,570
1,test,590
1,test,592
1,test,601
1,test,625
1,test,758
1,test,844
1,test,920
1,test,1007
1,test,1171
1,test,1231
1,test,1236
1,test,1270
1,test,1314
1,test,1334
2,train,16
2,train,50
2,train,123
2,train,139
2,train,147
2,train,151
2,train,169
2,train,189
2,train,219
2,train,243
2,train,256
2,train,278
2,train,279
2,train,294
2,train,295
2,train,301
2,train,302
2,train,309
2,train,331
2,train,344
2,train,375
2,train,376
2,train,389
2,train,391
2,train,407
2,train,408
2,train,410
2,train,411
2,train,415
2,train,421
2,train,422
2,train,426
2,train,431
2,train,437
2,train,438
2,train,439
2,train,440
2,train,441
2,train,442
2,train,443
2,train,445
2,train,446
2,train,448
2,train,451
2,train,452
2,train,456
2,train,463
2,train,466
2,train,467
2,train,468
2,train,470
2,train,472
2,train,474
2,train,480
2,train,481
2,train,486
2,train,489
2,train,494
2,train,496
2,train,504
2,train,508
2,train,512
2,train,516
2,train,522
2,train,526
2,train,527
2,train,531
2,train,532
2,train,534
2,train,538
2,train,541
2,train,547
2,train,549
2,train,556
2,train,557
2,train,558
2,train,560
2,train,561
2,train,562
2,train,570
2,train,571
2,train,572
2,train,579
2,train,584
2,train,590
2,train,591
2,train,592
2,train,594
2,train,598
2,train,599
2,train,601
2,train,625
2,train,631
2,train,632
2,train,633
2,train,644
2,train,691
2,train,729
2,train,758
2,train,803
2,train,844
2,train,854
2,train,897
2,train,920
2,train,931
2,train,939
2,train,1007
2,train,1008
2,train,1022
2,train,1027
2,train,1044
2,train,1066
2,train,1082
2,train,1156
2,train,1171
2,train,1203
2,train,1205
2,train,1231
2,train,1232
2,train,1233
2,train,1234
2,train,1235
2,train,1236
2,train,1238
2,train,1240
2,train,1242
2,train,1250
2,train,1255
2,train,1265
2,train,1270
2,train,1314
2,train,1315
2,train,1318
2,train,1327
2,train,1334
2,train,1336
2,train,1344
2,train,1357
2,train,1414
2,train,1426
2,train,1493
2,train,1499
2,test,116
2,test,299
2,test,306
2,test,339
2,test,369
2,test,387
2,test,406
2,test,434
2,test,471
2,test,478
2,test,511
2,test,519
2,test,546
2,test,563
2,test,564
2,test,565
2,test,566
2,test,568
2,test,569
2,test,576
2,test,595
2,test,627
2,test,669
2,test,1020
2,test,1036
2,test,1041
2,test,1080
2,test,1206
2,test,1209
2,test,1251
2,test,1262
2,test,1282
2,test,1285
2,test,1300
2,test,1482
2,test,1491
3,train,16
3,train,50
3,train,116
3,train,139
3,train,147
3,train,169
3,train,189
3,train,219
3,train,256
3,train,278
3,train,294
3,train,299
3,train,301
3,train,302
3,train,306
3,train,331
3,train,339
3,train,369
3,train,375
3,train,376
3,train,387
3,train,389
3,train,391
3,train,406
3,train,407
3,train,408
3,train,410
3,train,411
3,train,415
3,train,421
3,train,422
3,train,426
3,train,431
3,train,434
3,train,437
3,train,438
3,train,440
3,train,441
3,train,442
3,train,443
3,train,451
3,train,456
3,train,463
3,train,466
3,train,467
3,train,468
3,train,470
3,train,471
3,train,472
3,train,474
3,train,478
3,train,480
3,train,486
3,train,489
3,train,494
3,train,508
3,train,511
3,train,512
3,train,519
3,train,522
3,train,527
3,train,532
3,train,534
3,train,538
3,train,541
3,train,546
3,train,547
3,train,556
3,train,557
3,train,558
3,train,561
3,train,562
3,train,563
3,train,564
3,train,565
3,train,566
3,train,568
3,train,569
3,train,570
3,train,571
3,train,576
3,train,579
3,train,584
3,train,590
3,train,591
3,train,592
3,train,595
3,train,601
3,train,625
3,train,627
3,train,631
3,train,632
3,train,644
3,train,669
3,train,691
3,train,729
3,train,758
3,train,844
3,train,920
3,train,931
3,train,939
3,train,1007
3,train,1008
3,train,1020
3,train,1022
3,train,1027
3,train,1036
3,train,1041
3,train,1066
3,train,1080
3,train,1082
3,train,1156
3,train,1171
3,train,1203
3,train,1205
3,train,1206
3,train,1209
3,train,1231
3,train,1232
3,train,1233
3,train,1234
3,train,1235
3,train,1236
3,train,1238
3,train,1240
3,train,1242
3,train,1251
3,train,1255
3,train,1262
3,train,1270
3,train,1282
3,train,1285
3,train,1300
3,train,1314
3,train,1327
3,train,1334
3,train,1336
3,train,1414
3,train,1426
3,train,1482
3,train,1491
3,train,1499
3,test,123
3,test,151
3,test,243
3,test,279
3,test,295
3,test,309
3,test,344
3,test,439
3,test,445
3,test,446
3,test,448
3,test,452
3,test,481
3,test,496
3,test,504
3,test,516
3,test,526
3,test,531
3,test,549
3,test,560
3,test,572
3,test,594
3,test,598
3,test,599
3,test,633
3,test,803
3,test,854
3,test,897
3,test,1044
3,test,1250
3,test,1265
3,test,1315
3,test,1318
3,test,1344
3,test,1357
3,test,1493
4,train,116
4,train,123
4,train,139
4,train,147
4,train,151
4,train,169
4,train,189
4,train,219
4,train,243
4,train,279
4,train,295
4,train,299
4,train,302
4,train,306
4,train,309
4,train,331
4,train,339
4,train,344
4,train,369
4,train,375
4,train,376
4,train,387
4,train,391
4,train,406
4,train,407
4,train,408
4,train,410
4,train,421
4,train,422
4,train,431
4,train,434
4,train,439
4,train,440
4,train,441
4,train,443
4,train,445
4,train,446
4,train,448
4,train,451
4,train,452
4,train,463
4,train,466
4,train,467
4,train,470
4,train,471
4,train,472
4,train,474
4,train,478
4,train,480
4,train,481
4,train,489
4,train,494
4,train,496
4,train,504
4,train,508
4,train,511
4,train,512
4,train,516
4,train,519
4,train,526
4,train,527
4,train,531
4,train,532
4,train,534
4,train,538
4,train,541
4,train,546
4,train,549
4,train,556
4,train,557
4,train,558
4,train,560
4,train,561
4,train,563
4,train,564
4,train,565
4,train,566
4,train,568
4,train,569
4,train,570
4,train,571
4,train,572
4,train,576
4,train,584
4,train,590
4,train,592
4,train,594
4,train,595
4,train,598
4,train,599
4,train,601
4,train,625
4,train,627
4,train,632
4,train,633
4,train,644
4,train,669
4,train,758
4,train,803
4,train,844
4,train,854
4,train,897
4,train,920
4,train,931
4,train,1007
4,train,1020
4,train,1036
4,train,1041
4,train,1044
4,train,1080
4,train,1156
4,train,1171
4,train,1203
4,train,1206
4,train,1209
4,train,1231
4,train,1232
4,train,1233
4,train,1234
4,train,1235
4,train,1236
4,train,1250
4,train,1251
4,train,1255
4,train,1262
4,train,1265
4,train,1270
4,train,1282
4,train,1285
4,train,1300
4,train,1314
4,train,1315
4,train,1318
4,train,1327
4,train,1334
4,train,1336
4,train,1344
4,train,1357
4,train,1414
4,train,1482
4,train,1491
4,train,1493
4,train,1499
4,test,16
4,test,50
4,test,256
4,test,278
4,test,294
4,test,301
4,test,389
4,test,411
4,test,415
4,test,426
4,test,437
4,test,438
4,test,442
4,test,456
4,test,468
4,test,486
4,test,522
4,test,547
4,test,562
4,test,579
4,test,591
4,test,631
4,test,691
4,test,729
4,test,939
4,test,1008
4,test,1022
4,test,1027
4,test,1066
4,test,1082
4,test,1205
4,test,1238
4,test,1240
4,test,1242
4,test,1426
5,train,16
5,train,50
5,train,116
5,train,123
5,train,139
5,train,147
5,train,151
5,train,169
5,train,189
5,train,243
5,train,256
5,train,278
5,train,279
5,train,294
5,train,295
5,train,299
5,train,301
5,train,302
5,train,306
5,train,309
5,train,339
5,train,344
5,train,369
5,train,376
5,train,387
5,train,389
5,train,406
5,train,410
5,train,411
5,train,415
5,train,422
5,train,426
5,train,434
5,train,437
5,train,438
5,train,439
5,train,440
5,train,441
5,train,442
5,train,445
5,train,446
5,train,448
5,train,451
5,train,452
5,train,456
5,train,463
5,train,466
5,train,467
5,train,468
5,train,471
5,train,472
5,train,474
5,train,478
5,train,480
5,train,481
5,train,486
5,train,489
5,train,496
5,train,504
5,train,511
5,train,516
5,train,519
5,train,522
5,train,526
5,train,531
5,train,534
5,train,546
5,train,547
5,train,549
5,train,556
5,train,560
5,train,561
5,train,562
5,train,563
5,train,564
5,train,565
5,train,566
5,train,568
5,train,569
5,train,570
5,train,572
5,train,576
5,train,579
5,train,590
5,train,591
5,train,592
5,train,594
5,train,595
5,train,598
5,train,599
5,train,601
5,train,625
5,train,627
5,train,631
5,train,633
5,train,669
5,train,691
5,train,729
5,train,758
5,train,803
5,train,844
5,train,854
5,train,897
5,train,920
5,train,939
5,train,1007
5,train,1008
5,train,1020
5,train,1022
5,train,1027
5,train,1036
5,train,1041
5,train,1044
5,train,1066
5,train,1080
5,train,1082
5,train,1171
5,train,1205
5,train,1206
5,train,1209
5,train,1231
5,train,1236
5,train,1238
5,train,1240
5,train,1242
5,train,1250
5,train,1251
5,train,1262
5,train,1265
5,train,1270
5,train,1282
5,train,1285
5,train,1300
5,train,1314
5,train,1315
5,train,1318
5,train,1334
5,train,1344
5,train,1357
5,train,1426
5,train,1482
5,train,1491
5,train,1493
5,test,219
5,test,331
5,test,375
5,test,391
5,test,407
5,test,408
5,test,421
5,test,431
5,test,443
5,test,470
5,test,494
5,test,508
5,test,512
5,test,527
5,test,532
5,test,538
5,test,541
5,test,557
5,test,558
5,test,571
5,test,584
5,test,632
5,test,644
5,test,931
5,test,1156
5,test,1203
5,test,1232
5,test,1233
5,test,1234
5,test,1235
5,test,1255
5,test,1327
5,test,1336
5,test,1414
5,test,1499
