model,fold,training_n,test_n,test_r2,train_r2,kernel
descriptors,1,142,36,0.395623905724096,0.9709502110518796,1.22**2 * RBF(length_scale=1.57) + WhiteKernel(noise_level=0.0814)
descriptors,2,142,36,0.6866898164189621,0.9017487631067982,1.23**2 * RBF(length_scale=1.86) + WhiteKernel(noise_level=0.189)
descriptors,3,142,36,0.46102182654038193,0.8552557260964544,1.19**2 * RBF(length_scale=2.16) + WhiteKernel(noise_level=0.237)
descriptors,4,143,35,0.328347251420939,0.9016434446627695,1.28**2 * RBF(length_scale=2.19) + WhiteKernel(noise_level=0.175)
descriptors,5,143,35,0.33501220169862733,0.8383668898533965,1.27**2 * RBF(length_scale=2.67) + WhiteKernel(noise_level=0.241)
onehot,1,142,36,0.4382674635796905,0.9524198930174844,1.74**2 * RBF(length_scale=2.41) + WhiteKernel(noise_level=0.122)
onehot,2,142,36,0.8146205539469499,0.9615635992475476,1.62**2 * RBF(length_scale=2.05) + WhiteKernel(noise_level=0.12)
onehot,3,142,36,0.7046739880749966,0.9610669187600882,1.52**2 * RBF(length_scale=2.05) + WhiteKernel(noise_level=0.116)
onehot,4,143,35,0.40285393313397555,0.9497865222116917,1.53**2 * RBF(length_scale=2.26) + WhiteKernel(noise_level=0.124)
onehot,5,143,35,0.5184497951627428,0.9683449200241725,1.56**2 * RBF(length_scale=2.15) + WhiteKernel(noise_level=0.0981)
historical_columns,1,142,36,0.4946940721941152,0.833613626241177,1.35**2 * RBF(length_scale=3.68) + WhiteKernel(noise_level=0.251)
historical_columns,2,142,36,0.7033955828996455,0.8363285441637326,1.34**2 * RBF(length_scale=3.38) + WhiteKernel(noise_level=0.257)
historical_columns,3,142,36,0.5077777425144883,0.8402486446830144,1.32**2 * RBF(length_scale=3.45) + WhiteKernel(noise_level=0.247)
historical_columns,4,143,35,0.3989662629350441,0.8741522653076088,1.39**2 * RBF(length_scale=3.51) + WhiteKernel(noise_level=0.202)
historical_columns,5,143,35,0.4361666731481052,0.8074075487036012,1.39**2 * RBF(length_scale=4.08) + WhiteKernel(noise_level=0.272)
seed_all,1,210,36,0.4701575937401734,0.9476582970258539,0.978**2 * RBF(length_scale=1.45) + WhiteKernel(noise_level=0.11)
seed_all,2,210,36,0.7584875946190424,0.9385624211716479,0.989**2 * RBF(length_scale=1.48) + WhiteKernel(noise_level=0.122)
seed_all,3,210,36,0.6498468283151596,0.9297936095449884,0.988**2 * RBF(length_scale=1.55) + WhiteKernel(noise_level=0.132)
seed_all,4,211,35,0.5495521143988942,0.9482915183172497,0.981**2 * RBF(length_scale=1.48) + WhiteKernel(noise_level=0.107)
seed_all,5,211,35,0.48482627018606794,0.9293305538916051,1.01**2 * RBF(length_scale=1.63) + WhiteKernel(noise_level=0.132)
seed_disjoint,1,207,36,0.4265599738337691,0.9472345573630842,0.974**2 * RBF(length_scale=1.46) + WhiteKernel(noise_level=0.111)
seed_disjoint,2,208,36,0.7898370673884592,0.9386622535226076,0.982**2 * RBF(length_scale=1.46) + WhiteKernel(noise_level=0.123)
seed_disjoint,3,208,36,0.5451952772919445,0.9296678213533023,0.984**2 * RBF(length_scale=1.55) + WhiteKernel(noise_level=0.132)
seed_disjoint,4,207,35,0.5533112393097711,0.9500082916084449,0.978**2 * RBF(length_scale=1.47) + WhiteKernel(noise_level=0.105)
seed_disjoint,5,209,35,0.5189119326468651,0.9296621735534177,1.01**2 * RBF(length_scale=1.63) + WhiteKernel(noise_level=0.132)
