model,batch,n_train,expID,observed,predicted,std,kernel
descriptors,2,4,1022,-2.565554,-3.22941581700931,0.9759675905682247,0.986**2 * RBF(length_scale=1.94) + WhiteKernel(noise_level=0.001)
descriptors,2,4,1041,-2.466479,-3.8448897710620322,1.2957737507783094,0.986**2 * RBF(length_scale=1.94) + WhiteKernel(noise_level=0.001)
descriptors,2,4,625,-2.836283,-3.2332625974047584,1.265992208107135,0.986**2 * RBF(length_scale=1.94) + WhiteKernel(noise_level=0.001)
descriptors,2,4,375,-4.115194,-4.033606759552176,1.4064773494749911,0.986**2 * RBF(length_scale=1.94) + WhiteKernel(noise_level=0.001)
descriptors,3,8,1491,-3.828561,-3.877436896322009,0.8062796202014438,1.1**2 * RBF(length_scale=2.82) + WhiteKernel(noise_level=3.83e-07)
descriptors,3,8,243,-2.837645,-3.091073393367918,1.0155674217420958,1.1**2 * RBF(length_scale=2.82) + WhiteKernel(noise_level=3.83e-07)
descriptors,3,8,50,-2.541997,-3.401437820605294,1.0057596234768544,1.1**2 * RBF(length_scale=2.82) + WhiteKernel(noise_level=3.83e-07)
descriptors,3,8,431,-4.048592,-3.831438513038483,0.9883130096179462,1.1**2 * RBF(length_scale=2.82) + WhiteKernel(noise_level=3.83e-07)
descriptors,4,12,387,-3.942444,-4.419556828369385,1.0332974643050772,1.2**2 * RBF(length_scale=2.8) + WhiteKernel(noise_level=3.4e-07)
descriptors,4,12,1080,-5.485041,-2.9594717520675737,0.6191057980645596,1.2**2 * RBF(length_scale=2.8) + WhiteKernel(noise_level=3.4e-07)
descriptors,4,12,1036,-2.777986,-2.4512355788008904,0.10950935888132121,1.2**2 * RBF(length_scale=2.8) + WhiteKernel(noise_level=3.4e-07)
descriptors,4,12,1285,-1.747926,-2.3139447555543353,0.16017126647242247,1.2**2 * RBF(length_scale=2.8) + WhiteKernel(noise_level=3.4e-07)
descriptors,5,16,1250,-1.765501,-3.177911333445902,1.1472562160534878,0.998**2 * RBF(length_scale=0.774) + WhiteKernel(noise_level=1.97e-08)
descriptors,5,16,1315,-1.510012,-2.2107047553761214,0.8070220977372207,0.998**2 * RBF(length_scale=0.774) + WhiteKernel(noise_level=1.97e-08)
descriptors,5,16,1270,-2.095823,-1.965195333747622,0.5512705300425207,0.998**2 * RBF(length_scale=0.774) + WhiteKernel(noise_level=1.97e-08)
descriptors,5,16,1240,-1.802059,-2.163424043782962,0.7504130284112353,0.998**2 * RBF(length_scale=0.774) + WhiteKernel(noise_level=1.97e-08)
descriptors,6,20,566,-2.388344,-3.117559228985275,1.281775120216632,1.04**2 * RBF(length_scale=1.23) + WhiteKernel(noise_level=1e-08)
descriptors,6,20,1235,-1.36043,-1.9716437763397259,0.8350021206299796,1.04**2 * RBF(length_scale=1.23) + WhiteKernel(noise_level=1e-08)
descriptors,6,20,1255,-1.668164,-1.447291365974127,0.1971398708426214,1.04**2 * RBF(length_scale=1.23) + WhiteKernel(noise_level=1e-08)
descriptors,6,20,1251,-1.605844,-1.3048527853705925,0.21916835905167237,1.04**2 * RBF(length_scale=1.23) + WhiteKernel(noise_level=1e-08)
descriptors,7,24,1357,-4.168749,-3.2320993639644238,1.3193710520159865,1.07**2 * RBF(length_scale=1.36) + WhiteKernel(noise_level=2.61e-08)
descriptors,7,24,1206,-1.593636,-1.7486959117933873,0.1852221412510402,1.07**2 * RBF(length_scale=1.36) + WhiteKernel(noise_level=2.61e-08)
descriptors,7,24,1205,-1.980721,-1.8213647087246316,0.3793885962115763,1.07**2 * RBF(length_scale=1.36) + WhiteKernel(noise_level=2.61e-08)
descriptors,7,24,1203,-2.046501,-1.8127990847935742,0.45399234975903374,1.07**2 * RBF(length_scale=1.36) + WhiteKernel(noise_level=2.61e-08)
descriptors,8,28,1156,-2.581924,-3.4944152322478996,0.8458731003121625,1.16**2 * RBF(length_scale=1.72) + WhiteKernel(noise_level=0.00265)
descriptors,8,28,1300,-1.984853,-2.2522644244573957,0.709302221564411,1.16**2 * RBF(length_scale=1.72) + WhiteKernel(noise_level=0.00265)
descriptors,8,28,1233,-1.515088,-1.3468819677089479,0.19209872748325518,1.16**2 * RBF(length_scale=1.72) + WhiteKernel(noise_level=0.00265)
descriptors,8,28,1236,-1.533267,-1.6659300718983905,0.11125546432917997,1.16**2 * RBF(length_scale=1.72) + WhiteKernel(noise_level=0.00265)
descriptors,9,32,561,-0.769774,-2.38006461191197,1.3479009280641217,1.21**2 * RBF(length_scale=1.8) + WhiteKernel(noise_level=0.00375)
descriptors,9,32,1232,-1.221064,-1.4814507542572763,0.3041327409302279,1.21**2 * RBF(length_scale=1.8) + WhiteKernel(noise_level=0.00375)
descriptors,9,32,1318,-3.730347,-2.506826059276252,0.8387141710442246,1.21**2 * RBF(length_scale=1.8) + WhiteKernel(noise_level=0.00375)
descriptors,9,32,1265,-1.604853,-1.4450084550540652,0.22172771640151384,1.21**2 * RBF(length_scale=1.8) + WhiteKernel(noise_level=0.00375)
descriptors,10,36,278,-3.161313,-2.502664066061853,1.5659700254950752,1.33**2 * RBF(length_scale=2.07) + WhiteKernel(noise_level=0.00377)
descriptors,10,36,562,-1.229232,-0.9156398049605725,0.436327802307979,1.33**2 * RBF(length_scale=2.07) + WhiteKernel(noise_level=0.00377)
descriptors,10,36,565,-1.222263,-0.7857165295412478,0.17074565340411368,1.33**2 * RBF(length_scale=2.07) + WhiteKernel(noise_level=0.00377)
descriptors,10,36,531,-1.512242,-0.9999882104548785,0.5795381366215212,1.33**2 * RBF(length_scale=2.07) + WhiteKernel(noise_level=0.00377)
descriptors,11,40,294,-2.349126,-2.4353631000020015,1.600458640789168,1.32**2 * RBF(length_scale=2.11) + WhiteKernel(noise_level=0.0101)
descriptors,11,40,560,-1.665461,-1.085745794099154,0.6558100526319036,1.32**2 * RBF(length_scale=2.11) + WhiteKernel(noise_level=0.0101)
descriptors,11,40,557,-1.628277,-1.0559492387798786,0.39298498624934086,1.32**2 * RBF(length_scale=2.11) + WhiteKernel(noise_level=0.0101)
descriptors,11,40,558,-1.659186,-1.0979722331062332,0.5302752715564327,1.32**2 * RBF(length_scale=2.11) + WhiteKernel(noise_level=0.0101)
descriptors,12,44,139,-3.898661,-2.4928007353675916,1.5812404202271937,1.33**2 * RBF(length_scale=2.13) + WhiteKernel(noise_level=0.0132)
descriptors,12,44,595,-1.357485,-1.5625132076137633,1.0530972927051603,1.33**2 * RBF(length_scale=2.13) + WhiteKernel(noise_level=0.0132)
descriptors,12,44,592,-1.883912,-1.588791215278489,1.0786568579768463,1.33**2 * RBF(length_scale=2.13) + WhiteKernel(noise_level=0.0132)
descriptors,12,44,591,-1.319928,-1.5760072293893534,1.0480198303081893,1.33**2 * RBF(length_scale=2.13) + WhiteKernel(noise_level=0.0132)
descriptors,13,48,1044,-2.246758,-2.4027626676977665,1.3059625505009023,1.36**2 * RBF(length_scale=2.13) + WhiteKernel(noise_level=0.0133)
descriptors,13,48,299,-4.027629,-2.4402583596889986,1.6071676976149707,1.36**2 * RBF(length_scale=2.13) + WhiteKernel(noise_level=0.0133)
descriptors,13,48,547,-1.888531,-0.9987710960733729,0.8356265594276492,1.36**2 * RBF(length_scale=2.13) + WhiteKernel(noise_level=0.0133)
descriptors,13,48,599,-3.434479,-2.428444019311168,1.607000097829881,1.36**2 * RBF(length_scale=2.13) + WhiteKernel(noise_level=0.0133)
descriptors,14,52,1314,-1.653127,-2.8240066241008326,1.31335838158979,1.26**2 * RBF(length_scale=1.92) + WhiteKernel(noise_level=0.0137)
descriptors,14,52,564,-0.983764,-2.1583314780229266,1.3065720866224007,1.26**2 * RBF(length_scale=1.92) + WhiteKernel(noise_level=0.0137)
descriptors,14,52,594,-1.394284,-2.026824545004732,1.0763999234696222,1.26**2 * RBF(length_scale=1.92) + WhiteKernel(noise_level=0.0137)
descriptors,14,52,590,-1.523575,-1.49710411530386,0.5779118415963687,1.26**2 * RBF(length_scale=1.92) + WhiteKernel(noise_level=0.0137)
descriptors,15,56,627,-5.32895,-2.9404051113425362,1.4068972358952399,1.27**2 * RBF(length_scale=1.94) + WhiteKernel(noise_level=0.0147)
descriptors,15,56,534,-1.209939,-1.2222683044249898,0.550288965756138,1.27**2 * RBF(length_scale=1.94) + WhiteKernel(noise_level=0.0147)
descriptors,15,56,519,-1.179571,-1.4117279716127205,0.792767194727947,1.27**2 * RBF(length_scale=1.94) + WhiteKernel(noise_level=0.0147)
descriptors,15,56,532,-1.612793,-1.6569821970418481,0.26337321879514347,1.27**2 * RBF(length_scale=1.94) + WhiteKernel(noise_level=0.0147)
descriptors,16,60,339,-1.102349,-2.6720723925947687,1.3788814854640639,1.28**2 * RBF(length_scale=1.97) + WhiteKernel(noise_level=0.0134)
descriptors,16,60,556,-1.035635,-1.1083767226428236,0.1887519386261277,1.28**2 * RBF(length_scale=1.97) + WhiteKernel(noise_level=0.0134)
descriptors,16,60,504,-1.292139,-1.177865813911453,0.25565203789512647,1.28**2 * RBF(length_scale=1.97) + WhiteKernel(noise_level=0.0134)
descriptors,16,60,1262,-1.712212,-1.5398228677626218,0.2252100602934736,1.28**2 * RBF(length_scale=1.97) + WhiteKernel(noise_level=0.0134)
descriptors,17,64,219,-1.893969,-1.4416188842556013,0.8576668223084006,1.32**2 * RBF(length_scale=2.01) + WhiteKernel(noise_level=0.0121)
descriptors,17,64,309,-2.382449,-1.3840333668951683,0.8077709773970086,1.32**2 * RBF(length_scale=2.01) + WhiteKernel(noise_level=0.0121)
descriptors,17,64,331,-1.505395,-3.30421736571987,0.8200252653165694,1.32**2 * RBF(length_scale=2.01) + WhiteKernel(noise_level=0.0121)
descriptors,17,64,579,-1.372872,-2.0084805958485292,1.0248693496029317,1.32**2 * RBF(length_scale=2.01) + WhiteKernel(noise_level=0.0121)
descriptors,18,68,344,-1.964904,-2.899322146664096,1.6135802453749017,1.43**2 * RBF(length_scale=2.02) + WhiteKernel(noise_level=0.0118)
descriptors,18,68,549,-1.336391,-1.5579324610060015,0.33344608794984565,1.43**2 * RBF(length_scale=2.02) + WhiteKernel(noise_level=0.0118)
descriptors,18,68,489,-1.528769,-1.3582948519275382,0.2906722761080751,1.43**2 * RBF(length_scale=2.02) + WhiteKernel(noise_level=0.0118)
descriptors,18,68,1209,-2.947903,-1.940721415784082,0.5933389667376819,1.43**2 * RBF(length_scale=2.02) + WhiteKernel(noise_level=0.0118)
descriptors,19,72,569,-2.276675,-2.8207276405525086,1.335199398806608,1.41**2 * RBF(length_scale=1.93) + WhiteKernel(noise_level=0.0116)
descriptors,19,72,369,-2.61912,-1.2533410301645047,0.38125862974931946,1.41**2 * RBF(length_scale=1.93) + WhiteKernel(noise_level=0.0116)
descriptors,19,72,598,-2.763596,-1.747158671428204,0.6724117613392113,1.41**2 * RBF(length_scale=1.93) + WhiteKernel(noise_level=0.0116)
descriptors,19,72,1327,-2.490774,-1.668174578293331,0.46028239309288654,1.41**2 * RBF(length_scale=1.93) + WhiteKernel(noise_level=0.0116)
descriptors,20,76,421,-0.999222,-3.2028281997591908,1.2323395809265072,1.45**2 * RBF(length_scale=1.78) + WhiteKernel(noise_level=0.0146)
descriptors,20,76,632,-2.070122,-1.8713473389937243,0.8487450480976303,1.45**2 * RBF(length_scale=1.78) + WhiteKernel(noise_level=0.0146)
descriptors,20,76,631,-1.778295,-1.6735564428663605,0.832208231072056,1.45**2 * RBF(length_scale=1.78) + WhiteKernel(noise_level=0.0146)
descriptors,20,76,633,-2.256232,-2.005120251399645,0.8488514341125737,1.45**2 * RBF(length_scale=1.78) + WhiteKernel(noise_level=0.0146)
descriptors,21,80,844,-5.437294,-3.2104611931171645,1.6329047116186135,1.51**2 * RBF(length_scale=1.82) + WhiteKernel(noise_level=0.0144)
descriptors,21,80,256,-2.028049,-1.6382629639239399,0.7337734648442098,1.51**2 * RBF(length_scale=1.82) + WhiteKernel(noise_level=0.0144)
descriptors,21,80,691,-2.255538,-2.9561381331154633,0.45897601833295204,1.51**2 * RBF(length_scale=1.82) + WhiteKernel(noise_level=0.0144)
descriptors,21,80,406,-0.817413,-2.2632659290510455,0.8209800358912691,1.51**2 * RBF(length_scale=1.82) + WhiteKernel(noise_level=0.0144)
descriptors,22,84,729,-3.854949,-2.614151355331408,1.3617871535283297,1.49**2 * RBF(length_scale=1.8) + WhiteKernel(noise_level=0.0131)
descriptors,22,84,391,-1.514273,-0.8413399723687149,0.47463436793395075,1.49**2 * RBF(length_scale=1.8) + WhiteKernel(noise_level=0.0131)
descriptors,22,84,189,-2.577209,-1.5351121559280183,0.33788550454790844,1.49**2 * RBF(length_scale=1.8) + WhiteKernel(noise_level=0.0131)
descriptors,23,87,1499,-4.361752,-2.576866203181674,1.6141220077565912,1.43**2 * RBF(length_scale=1.72) + WhiteKernel(noise_level=0.0192)
descriptors,23,87,376,-2.507106,-1.320308853051248,0.2575345888001589,1.43**2 * RBF(length_scale=1.72) + WhiteKernel(noise_level=0.0192)
descriptors,23,87,496,-1.255674,-1.3353707525040603,0.29758681443592394,1.43**2 * RBF(length_scale=1.72) + WhiteKernel(noise_level=0.0192)
descriptors,23,87,407,-0.787408,-2.379814959428587,0.4422188084136419,1.43**2 * RBF(length_scale=1.72) + WhiteKernel(noise_level=0.0192)
descriptors,24,91,422,-1.461252,-1.8597063024690879,0.5435943256056658,1.48**2 * RBF(length_scale=2.58) + WhiteKernel(noise_level=0.135)
descriptors,24,91,302,-1.354622,-2.297348513013672,0.5796318359781709,1.48**2 * RBF(length_scale=2.58) + WhiteKernel(noise_level=0.135)
descriptors,24,91,438,-1.167526,-2.5377848127533196,0.990892475733551,1.48**2 * RBF(length_scale=2.58) + WhiteKernel(noise_level=0.135)
descriptors,25,94,1482,-4.663017,-4.017404126800969,1.4971523223429952,1.41**2 * RBF(length_scale=2.05) + WhiteKernel(noise_level=0.0935)
descriptors,25,94,451,-1.097475,-1.4294967035246713,0.5084004749933988,1.41**2 * RBF(length_scale=2.05) + WhiteKernel(noise_level=0.0935)
descriptors,25,94,437,-2.180035,-1.3185189577522292,0.5519986180495244,1.41**2 * RBF(length_scale=2.05) + WhiteKernel(noise_level=0.0935)
descriptors,25,94,466,-0.841742,-1.646445348001445,0.5856014948723872,1.41**2 * RBF(length_scale=2.05) + WhiteKernel(noise_level=0.0935)
descriptors,26,98,147,-2.492791,-4.0935647791725405,1.217467898528964,1.41**2 * RBF(length_scale=2.45) + WhiteKernel(noise_level=0.137)
descriptors,26,98,408,-0.714916,-1.8524015007617536,0.5329247603841725,1.41**2 * RBF(length_scale=2.45) + WhiteKernel(noise_level=0.137)
descriptors,26,98,467,-1.117005,-1.453849949422335,0.583188587435813,1.41**2 * RBF(length_scale=2.45) + WhiteKernel(noise_level=0.137)
descriptors,26,98,452,-1.394845,-1.436215018485054,0.5417311346815457,1.41**2 * RBF(length_scale=2.45) + WhiteKernel(noise_level=0.137)
descriptors,28,102,410,-0.809784,-0.5959300349797267,0.3746489226175663,1.4**2 * RBF(length_scale=1.65) + WhiteKernel(noise_level=0.0427)
descriptors,28,102,301,-1.120604,-1.2376460972929095,0.40343145758558124,1.4**2 * RBF(length_scale=1.65) + WhiteKernel(noise_level=0.0427)
descriptors,28,102,440,-1.181552,-1.1274646873203111,0.3926592851095952,1.4**2 * RBF(length_scale=1.65) + WhiteKernel(noise_level=0.0427)
descriptors,29,105,522,-5.559679,-2.47416181796798,1.4239386952587934,1.42**2 * RBF(length_scale=1.71) + WhiteKernel(noise_level=0.0433)
descriptors,29,105,439,-4.944765,-2.4997405902486274,1.4652080277255268,1.42**2 * RBF(length_scale=1.71) + WhiteKernel(noise_level=0.0433)
descriptors,29,105,411,-1.05035,-1.192119826181074,0.3521416526351269,1.42**2 * RBF(length_scale=1.71) + WhiteKernel(noise_level=0.0433)
descriptors,29,105,669,-3.972628,-2.40864974377874,1.0281587943355568,1.42**2 * RBF(length_scale=1.71) + WhiteKernel(noise_level=0.0433)
descriptors,30,109,1426,-3.385649,-3.872444689114559,0.9621768381182526,1.36**2 * RBF(length_scale=1.45) + WhiteKernel(noise_level=0.0173)
descriptors,30,109,441,-1.093984,-2.5496403827543372,0.7884585217063639,1.36**2 * RBF(length_scale=1.45) + WhiteKernel(noise_level=0.0173)
descriptors,30,109,295,-2.596471,-2.3528678673743895,1.2283907475197793,1.36**2 * RBF(length_scale=1.45) + WhiteKernel(noise_level=0.0173)
descriptors,31,112,541,-1.105919,-1.3003943488882264,0.41688283689530875,1.38**2 * RBF(length_scale=1.77) + WhiteKernel(noise_level=0.0488)
descriptors,31,112,445,-1.454853,-1.303359029774437,0.39233411210181934,1.38**2 * RBF(length_scale=1.77) + WhiteKernel(noise_level=0.0488)
descriptors,31,112,306,-1.458285,-1.265489734377375,0.36691490697868084,1.38**2 * RBF(length_scale=1.77) + WhiteKernel(noise_level=0.0488)
descriptors,32,115,434,-2.417517,-2.007396523131021,1.6667068394290776,1.41**2 * RBF(length_scale=1.8) + WhiteKernel(noise_level=0.0465)
descriptors,32,115,443,-4.689505,-1.895945589464847,1.2800261282912178,1.41**2 * RBF(length_scale=1.8) + WhiteKernel(noise_level=0.0465)
descriptors,32,115,151,-1.775535,-2.030197436306214,0.5492212649314191,1.41**2 * RBF(length_scale=1.8) + WhiteKernel(noise_level=0.0465)
descriptors,32,115,442,-3.709517,-1.4080469128927642,0.4250274446846005,1.41**2 * RBF(length_scale=1.8) + WhiteKernel(noise_level=0.0465)
descriptors,33,119,448,-2.063259,-2.3002322403085387,0.6948515774370855,1.38**2 * RBF(length_scale=2.02) + WhiteKernel(noise_level=0.102)
descriptors,33,119,446,-3.850666,-2.395768280176782,0.8198516937647751,1.38**2 * RBF(length_scale=2.02) + WhiteKernel(noise_level=0.102)
descriptors,33,119,601,-1.761253,-2.100229741932193,0.5011251424867721,1.38**2 * RBF(length_scale=2.02) + WhiteKernel(noise_level=0.102)
descriptors,34,122,644,-4.869313,-2.647116829655499,1.5831640774854066,1.39**2 * RBF(length_scale=1.92) + WhiteKernel(noise_level=0.0909)
descriptors,34,122,494,-3.500787,-2.1186350028833396,1.0997009918253107,1.39**2 * RBF(length_scale=1.92) + WhiteKernel(noise_level=0.0909)
descriptors,34,122,471,-0.746918,-1.1324919221499423,0.44310507601025817,1.39**2 * RBF(length_scale=1.92) + WhiteKernel(noise_level=0.0909)
descriptors,34,122,16,-2.211832,-2.3559042779304824,0.756208945265694,1.39**2 * RBF(length_scale=1.92) + WhiteKernel(noise_level=0.0909)
descriptors,35,126,472,-1.726567,-1.3241602524271179,0.480611309428198,1.38**2 * RBF(length_scale=1.94) + WhiteKernel(noise_level=0.0878)
descriptors,35,126,1334,-2.474972,-2.9752170233588515,1.612845754384035,1.38**2 * RBF(length_scale=1.94) + WhiteKernel(noise_level=0.0878)
descriptors,35,126,456,-1.294785,-1.118865047466268,0.4259813310464897,1.38**2 * RBF(length_scale=1.94) + WhiteKernel(noise_level=0.0878)
descriptors,36,129,1414,-3.324821,-3.6041425375822005,1.6179465037922596,1.38**2 * RBF(length_scale=1.92) + WhiteKernel(noise_level=0.0858)
descriptors,36,129,468,-1.189244,-1.2534531316241615,0.503450214302298,1.38**2 * RBF(length_scale=1.92) + WhiteKernel(noise_level=0.0858)
descriptors,36,129,470,-1.137756,-1.254943510742846,0.5409188890945545,1.38**2 * RBF(length_scale=1.92) + WhiteKernel(noise_level=0.0858)
descriptors,36,129,563,-3.303979,-2.313472551655634,1.0544140663480048,1.38**2 * RBF(length_scale=1.92) + WhiteKernel(noise_level=0.0858)
descriptors,37,133,1238,-2.933348,-3.3277515593858915,1.1149930157478545,1.38**2 * RBF(length_scale=1.9) + WhiteKernel(noise_level=0.0822)
descriptors,37,133,481,-1.226624,-1.8310211167228743,0.55565998640343,1.38**2 * RBF(length_scale=1.9) + WhiteKernel(noise_level=0.0822)
descriptors,37,133,389,-2.121215,-2.169384722441124,0.6396571022190528,1.38**2 * RBF(length_scale=1.9) + WhiteKernel(noise_level=0.0822)
descriptors,37,133,511,-0.855586,-1.8511287586556122,0.5279221187614788,1.38**2 * RBF(length_scale=1.9) + WhiteKernel(noise_level=0.0822)
descriptors,38,137,1234,-3.93488,-3.152476865811885,1.3946503215078718,1.36**2 * RBF(length_scale=1.9) + WhiteKernel(noise_level=0.0863)
descriptors,38,137,426,-1.392533,-1.2454369349920509,0.4749227729410265,1.36**2 * RBF(length_scale=1.9) + WhiteKernel(noise_level=0.0863)
descriptors,38,137,526,-1.046522,-1.1974395982683972,0.3856950664156055,1.36**2 * RBF(length_scale=1.9) + WhiteKernel(noise_level=0.0863)
descriptors,38,137,570,-1.446165,-1.8094182559412952,0.49724099235157704,1.36**2 * RBF(length_scale=1.9) + WhiteKernel(noise_level=0.0863)
descriptors,39,141,1020,-3.666706,-2.8579826101797696,0.7737766260253857,1.37**2 * RBF(length_scale=1.92) + WhiteKernel(noise_level=0.0839)
descriptors,39,141,463,-1.541177,-2.1268891461544306,0.6558293984853639,1.37**2 * RBF(length_scale=1.92) + WhiteKernel(noise_level=0.0839)
descriptors,39,141,512,-1.187246,-1.687364399264027,0.500348224489204,1.37**2 * RBF(length_scale=1.92) + WhiteKernel(noise_level=0.0839)
descriptors,40,144,854,-3.928848,-3.390232950916028,1.2436370928740756,1.35**2 * RBF(length_scale=1.91) + WhiteKernel(noise_level=0.0843)
descriptors,40,144,527,-1.57366,-1.336582412200539,0.39241957625086266,1.35**2 * RBF(length_scale=1.91) + WhiteKernel(noise_level=0.0843)
descriptors,40,144,480,-3.858234,-1.1768881734874028,0.49226307656681473,1.35**2 * RBF(length_scale=1.91) + WhiteKernel(noise_level=0.0843)
descriptors,40,144,478,-1.32054,-1.4890884696858562,0.580491906321622,1.35**2 * RBF(length_scale=1.91) + WhiteKernel(noise_level=0.0843)
descriptors,41,148,931,-2.012576,-2.5364809823114336,0.7503557970020631,1.33**2 * RBF(length_scale=2.18) + WhiteKernel(noise_level=0.163)
descriptors,41,148,508,-2.950303,-1.897096424575523,0.5729338919556354,1.33**2 * RBF(length_scale=2.18) + WhiteKernel(noise_level=0.163)
descriptors,41,148,568,-2.217195,-1.9486352215568152,0.5909813339363016,1.33**2 * RBF(length_scale=2.18) + WhiteKernel(noise_level=0.163)
descriptors,41,148,538,-2.83435,-1.9414084011435888,0.6103138454390548,1.33**2 * RBF(length_scale=2.18) + WhiteKernel(noise_level=0.163)
descriptors,42,152,803,-2.50744,-3.9656089051043812,1.0514530537874225,1.36**2 * RBF(length_scale=2.23) + WhiteKernel(noise_level=0.171)
descriptors,42,152,415,-2.256579,-1.203480799681931,0.5614563613745568,1.36**2 * RBF(length_scale=2.23) + WhiteKernel(noise_level=0.171)
descriptors,42,152,758,-2.842459,-3.7638339762477546,1.066234231371373,1.36**2 * RBF(length_scale=2.23) + WhiteKernel(noise_level=0.171)
descriptors,42,152,474,-1.523758,-1.4509712041868843,0.6629767385759475,1.36**2 * RBF(length_scale=2.23) + WhiteKernel(noise_level=0.171)
descriptors,43,156,1027,-5.019939,-2.3498961471326663,0.8493309701264159,1.34**2 * RBF(length_scale=2.15) + WhiteKernel(noise_level=0.176)
descriptors,43,156,571,-1.23174,-1.3417211761788062,0.6787255690314125,1.34**2 * RBF(length_scale=2.15) + WhiteKernel(noise_level=0.176)
descriptors,43,156,576,-1.187107,-1.355074731503595,0.6701019721923338,1.34**2 * RBF(length_scale=2.15) + WhiteKernel(noise_level=0.176)
descriptors,43,156,116,-4.040121,-3.559325313035438,0.8913783067878513,1.34**2 * RBF(length_scale=2.15) + WhiteKernel(noise_level=0.176)
descriptors,44,160,169,-4.028494,-3.9942195690369218,1.2633558169712389,1.33**2 * RBF(length_scale=2.07) + WhiteKernel(noise_level=0.167)
descriptors,44,160,516,-0.880817,-1.2686649339913425,0.5473064343288543,1.33**2 * RBF(length_scale=2.07) + WhiteKernel(noise_level=0.167)
descriptors,44,160,546,-1.741848,-1.269704478386338,0.5278949177685229,1.33**2 * RBF(length_scale=2.07) + WhiteKernel(noise_level=0.167)
descriptors,45,163,123,-2.032532,-2.9634614307777207,0.8360383247645122,1.32**2 * RBF(length_scale=2.08) + WhiteKernel(noise_level=0.166)
descriptors,45,163,486,-2.045066,-1.1681631325932118,0.5563627375511047,1.32**2 * RBF(length_scale=2.08) + WhiteKernel(noise_level=0.166)
descriptors,45,163,1082,-5.352917,-2.5048383881215153,0.7184615172850977,1.32**2 * RBF(length_scale=2.08) + WhiteKernel(noise_level=0.166)
descriptors,45,163,1066,-4.309943,-3.5897835770491753,0.6695151987368436,1.32**2 * RBF(length_scale=2.08) + WhiteKernel(noise_level=0.166)
descriptors,46,167,939,-2.886804,-2.5164688878657024,1.1028598403626524,1.3**2 * RBF(length_scale=2.01) + WhiteKernel(noise_level=0.177)
descriptors,46,167,1007,-2.961094,-2.82744043973887,0.6319619947166002,1.3**2 * RBF(length_scale=2.01) + WhiteKernel(noise_level=0.177)
descriptors,46,167,1008,-4.091995,-2.77646224082941,0.6626218254653479,1.3**2 * RBF(length_scale=2.01) + WhiteKernel(noise_level=0.177)
descriptors,47,170,1171,-3.657507,-3.719267236654476,0.7780318269761638,1.27**2 * RBF(length_scale=2.04) + WhiteKernel(noise_level=0.191)
descriptors,47,170,1231,-0.977803,-1.5136483237102043,0.581502589129859,1.27**2 * RBF(length_scale=2.04) + WhiteKernel(noise_level=0.191)
descriptors,47,170,572,-1.289711,-1.401364872556322,0.6782127937739832,1.27**2 * RBF(length_scale=2.04) + WhiteKernel(noise_level=0.191)
descriptors,47,170,279,-2.853519,-2.644393660411257,0.9934444900773288,1.27**2 * RBF(length_scale=2.04) + WhiteKernel(noise_level=0.191)
descriptors,48,174,1242,-5.445098,-3.9791096604191853,1.2948777848763093,1.27**2 * RBF(length_scale=2.06) + WhiteKernel(noise_level=0.187)
descriptors,48,174,1344,-3.48169,-1.9328727742108653,1.1805211359566705,1.27**2 * RBF(length_scale=2.06) + WhiteKernel(noise_level=0.187)
descriptors,48,174,1336,-1.068086,-2.1428478519219456,1.1164206117987063,1.27**2 * RBF(length_scale=2.06) + WhiteKernel(noise_level=0.187)
descriptors,48,174,584,-4.137481,-1.980524069447473,1.163067728098692,1.27**2 * RBF(length_scale=2.06) + WhiteKernel(noise_level=0.187)
historical_columns,2,4,1022,-2.565554,-3.6585994720911916,1.3386222969649355,0.993**2 * RBF(length_scale=1.95) + WhiteKernel(noise_level=0.001)
historical_columns,2,4,1041,-2.466479,-3.853389223930626,1.3868037900742507,0.993**2 * RBF(length_scale=1.95) + WhiteKernel(noise_level=0.001)
historical_columns,2,4,625,-2.836283,-3.8633317421188744,1.4042615054754115,0.993**2 * RBF(length_scale=1.95) + WhiteKernel(noise_level=0.001)
historical_columns,2,4,375,-4.115194,-4.0579445209737175,1.4175044052992791,0.993**2 * RBF(length_scale=1.95) + WhiteKernel(noise_level=0.001)
historical_columns,3,8,1491,-3.828561,-4.137361720880465,0.8387746019441028,1.05**2 * RBF(length_scale=2.97) + WhiteKernel(noise_level=1.75e-08)
historical_columns,3,8,243,-2.837645,-3.283572895660265,1.1628089549824758,1.05**2 * RBF(length_scale=2.97) + WhiteKernel(noise_level=1.75e-08)
historical_columns,3,8,50,-2.541997,-3.517524578675887,1.1649132874102444,1.05**2 * RBF(length_scale=2.97) + WhiteKernel(noise_level=1.75e-08)
historical_columns,3,8,431,-4.048592,-3.830816729861497,1.063218631537417,1.05**2 * RBF(length_scale=2.97) + WhiteKernel(noise_level=1.75e-08)
historical_columns,4,12,387,-3.942444,-4.420729927776346,0.9164825078262704,1.19**2 * RBF(length_scale=3.57) + WhiteKernel(noise_level=5.88e-07)
historical_columns,4,12,1080,-5.485041,-3.4717301611255587,0.7511244382961961,1.19**2 * RBF(length_scale=3.57) + WhiteKernel(noise_level=5.88e-07)
historical_columns,4,12,1036,-2.777986,-2.18097402028763,0.41939169335426746,1.19**2 * RBF(length_scale=3.57) + WhiteKernel(noise_level=5.88e-07)
historical_columns,4,12,1285,-1.747926,-2.5674885263882605,0.2892636684934109,1.19**2 * RBF(length_scale=3.57) + WhiteKernel(noise_level=5.88e-07)
historical_columns,5,16,1250,-1.765501,-2.95672765149228,1.0464236535221831,0.983**2 * RBF(length_scale=1.43) + WhiteKernel(noise_level=0.000999)
historical_columns,5,16,1315,-1.510012,-2.0137946884222426,0.6647672060506276,0.983**2 * RBF(length_scale=1.43) + WhiteKernel(noise_level=0.000999)
historical_columns,5,16,1270,-2.095823,-1.8636342172310938,0.4017091385430763,0.983**2 * RBF(length_scale=1.43) + WhiteKernel(noise_level=0.000999)
historical_columns,5,16,1240,-1.802059,-2.285132688062721,0.7899534473093748,0.983**2 * RBF(length_scale=1.43) + WhiteKernel(noise_level=0.000999)
historical_columns,6,20,566,-2.388344,-3.0900909365146765,1.2593922407118132,1.02**2 * RBF(length_scale=1.9) + WhiteKernel(noise_level=0.00758)
historical_columns,6,20,1235,-1.36043,-1.9862941999361272,0.6116786812135124,1.02**2 * RBF(length_scale=1.9) + WhiteKernel(noise_level=0.00758)
historical_columns,6,20,1255,-1.668164,-1.6671333234348258,0.44087180482699895,1.02**2 * RBF(length_scale=1.9) + WhiteKernel(noise_level=0.00758)
historical_columns,6,20,1251,-1.605844,-1.92506160874463,0.4642565097542313,1.02**2 * RBF(length_scale=1.9) + WhiteKernel(noise_level=0.00758)
historical_columns,7,24,1357,-4.168749,-3.2497443611462655,1.2107401060687057,1.09**2 * RBF(length_scale=2.21) + WhiteKernel(noise_level=0.00823)
historical_columns,7,24,1206,-1.593636,-1.4447112643231392,0.45108870742581264,1.09**2 * RBF(length_scale=2.21) + WhiteKernel(noise_level=0.00823)
historical_columns,7,24,1205,-1.980721,-1.4979157855926453,0.5209338856573326,1.09**2 * RBF(length_scale=2.21) + WhiteKernel(noise_level=0.00823)
historical_columns,7,24,1203,-2.046501,-1.4689054348482284,0.6045258669647041,1.09**2 * RBF(length_scale=2.21) + WhiteKernel(noise_level=0.00823)
historical_columns,8,28,1156,-2.581924,-3.002481377936495,0.8790367643131991,1.11**2 * RBF(length_scale=2.32) + WhiteKernel(noise_level=0.0046)
historical_columns,8,28,1300,-1.984853,-1.5983181901835786,0.6508492779952578,1.11**2 * RBF(length_scale=2.32) + WhiteKernel(noise_level=0.0046)
historical_columns,8,28,1233,-1.515088,-1.5058159600242897,0.2412895389746128,1.11**2 * RBF(length_scale=2.32) + WhiteKernel(noise_level=0.0046)
historical_columns,8,28,1236,-1.533267,-1.73108997403993,0.2463432216226734,1.11**2 * RBF(length_scale=2.32) + WhiteKernel(noise_level=0.0046)
historical_columns,9,32,561,-0.769774,-2.3112974507321113,1.1596135726146881,1.13**2 * RBF(length_scale=2.35) + WhiteKernel(noise_level=0.00229)
historical_columns,9,32,1232,-1.221064,-1.5110201011808442,0.26983066739878214,1.13**2 * RBF(length_scale=2.35) + WhiteKernel(noise_level=0.00229)
historical_columns,9,32,1318,-3.730347,-1.6123034860387941,0.9027278179946782,1.13**2 * RBF(length_scale=2.35) + WhiteKernel(noise_level=0.00229)
historical_columns,9,32,1265,-1.604853,-1.5687266663286734,0.21590962207100967,1.13**2 * RBF(length_scale=2.35) + WhiteKernel(noise_level=0.00229)
historical_columns,10,36,278,-3.161313,-2.6179632982119974,1.3989004517534258,1.19**2 * RBF(length_scale=2.36) + WhiteKernel(noise_level=0.00156)
historical_columns,10,36,562,-1.229232,-0.8293196696966776,0.3847507442352036,1.19**2 * RBF(length_scale=2.36) + WhiteKernel(noise_level=0.00156)
historical_columns,10,36,565,-1.222263,-0.9174183536968958,0.6054440078278205,1.19**2 * RBF(length_scale=2.36) + WhiteKernel(noise_level=0.00156)
historical_columns,10,36,531,-1.512242,-0.9105763109565865,0.5889507514982268,1.19**2 * RBF(length_scale=2.36) + WhiteKernel(noise_level=0.00156)
historical_columns,11,40,294,-2.349126,-2.4478389328738412,1.4488723367450016,1.2**2 * RBF(length_scale=2.38) + WhiteKernel(noise_level=0.0029)
historical_columns,11,40,560,-1.665461,-1.0693623566362243,0.63748237150375,1.2**2 * RBF(length_scale=2.38) + WhiteKernel(noise_level=0.0029)
historical_columns,11,40,557,-1.628277,-0.6796875623915559,0.51557159364205,1.2**2 * RBF(length_scale=2.38) + WhiteKernel(noise_level=0.0029)
historical_columns,11,40,558,-1.659186,-0.9170345482035909,0.6128584137176886,1.2**2 * RBF(length_scale=2.38) + WhiteKernel(noise_level=0.0029)
historical_columns,12,44,139,-3.898661,-3.93432941993733,1.7571816481638838,1.93**2 * RBF(length_scale=5.91) + WhiteKernel(noise_level=0.0741)
historical_columns,12,44,595,-1.357485,-1.2257663851305207,0.6066462723005775,1.93**2 * RBF(length_scale=5.91) + WhiteKernel(noise_level=0.0741)
historical_columns,12,44,592,-1.883912,-1.134448913651996,0.5860893568163777,1.93**2 * RBF(length_scale=5.91) + WhiteKernel(noise_level=0.0741)
historical_columns,12,44,591,-1.319928,-1.2568490916958417,0.560635826677595,1.93**2 * RBF(length_scale=5.91) + WhiteKernel(noise_level=0.0741)
historical_columns,13,48,1044,-2.246758,-3.2468174682466757,0.8641100464119684,1.8**2 * RBF(length_scale=5.31) + WhiteKernel(noise_level=0.0707)
historical_columns,13,48,299,-4.027629,-1.7920888654837839,1.7189622720533548,1.8**2 * RBF(length_scale=5.31) + WhiteKernel(noise_level=0.0707)
historical_columns,13,48,547,-1.888531,-1.2577980860829467,0.49533161443675466,1.8**2 * RBF(length_scale=5.31) + WhiteKernel(noise_level=0.0707)
historical_columns,13,48,599,-3.434479,-1.403603255681066,1.6987747780750875,1.8**2 * RBF(length_scale=5.31) + WhiteKernel(noise_level=0.0707)
historical_columns,14,52,1314,-1.653127,-2.1062556729992856,0.8848802261282542,1.45**2 * RBF(length_scale=3.88) + WhiteKernel(noise_level=0.0627)
historical_columns,14,52,564,-0.983764,-1.592601281003421,0.8255939972049166,1.45**2 * RBF(length_scale=3.88) + WhiteKernel(noise_level=0.0627)
historical_columns,14,52,594,-1.394284,-1.5229076212528216,0.6515885699995123,1.45**2 * RBF(length_scale=3.88) + WhiteKernel(noise_level=0.0627)
historical_columns,14,52,590,-1.523575,-1.7841691807313058,0.4452818540849536,1.45**2 * RBF(length_scale=3.88) + WhiteKernel(noise_level=0.0627)
historical_columns,15,56,627,-5.32895,-4.2149192006667935,1.0277130118829971,1.6**2 * RBF(length_scale=4.41) + WhiteKernel(noise_level=0.0676)
historical_columns,15,56,534,-1.209939,-1.1039823167419756,0.4912133137642551,1.6**2 * RBF(length_scale=4.41) + WhiteKernel(noise_level=0.0676)
historical_columns,15,56,519,-1.179571,-1.1376968512119234,0.5884519542856165,1.6**2 * RBF(length_scale=4.41) + WhiteKernel(noise_level=0.0676)
historical_columns,15,56,532,-1.612793,-1.262186344153304,0.3854184647008869,1.6**2 * RBF(length_scale=4.41) + WhiteKernel(noise_level=0.0676)
historical_columns,16,60,339,-1.102349,-2.7362312372060944,0.8776495531341529,1.57**2 * RBF(length_scale=4.39) + WhiteKernel(noise_level=0.0563)
historical_columns,16,60,556,-1.035635,-1.649038575088566,0.37917483000002156,1.57**2 * RBF(length_scale=4.39) + WhiteKernel(noise_level=0.0563)
historical_columns,16,60,504,-1.292139,-1.273475720731661,0.4313031429455686,1.57**2 * RBF(length_scale=4.39) + WhiteKernel(noise_level=0.0563)
historical_columns,16,60,1262,-1.712212,-1.3918636763153824,0.36072059241078325,1.57**2 * RBF(length_scale=4.39) + WhiteKernel(noise_level=0.0563)
historical_columns,17,64,219,-1.893969,-1.509386585201446,0.5009565644944551,1.6**2 * RBF(length_scale=4.43) + WhiteKernel(noise_level=0.063)
historical_columns,17,64,309,-2.382449,-1.4213407940955611,0.5678982407988616,1.6**2 * RBF(length_scale=4.43) + WhiteKernel(noise_level=0.063)
historical_columns,17,64,331,-1.505395,-1.7698614570263858,0.8318557856478193,1.6**2 * RBF(length_scale=4.43) + WhiteKernel(noise_level=0.063)
historical_columns,17,64,579,-1.372872,-1.5793787492267293,0.6331182921804129,1.6**2 * RBF(length_scale=4.43) + WhiteKernel(noise_level=0.063)
historical_columns,18,68,344,-1.964904,-4.104729345137806,1.118559754615896,1.8**2 * RBF(length_scale=5.06) + WhiteKernel(noise_level=0.0764)
historical_columns,18,68,549,-1.336391,-1.4727478436125214,0.4075255214187495,1.8**2 * RBF(length_scale=5.06) + WhiteKernel(noise_level=0.0764)
historical_columns,18,68,489,-1.528769,-1.2194480026442893,0.4235819703259856,1.8**2 * RBF(length_scale=5.06) + WhiteKernel(noise_level=0.0764)
historical_columns,18,68,1209,-2.947903,-1.645062708863808,0.581787586513781,1.8**2 * RBF(length_scale=5.06) + WhiteKernel(noise_level=0.0764)
historical_columns,19,72,569,-2.276675,-2.6738981960447794,0.7644973660564309,1.5**2 * RBF(length_scale=3.91) + WhiteKernel(noise_level=0.0692)
historical_columns,19,72,369,-2.61912,-1.5487174586848946,0.44314061023021134,1.5**2 * RBF(length_scale=3.91) + WhiteKernel(noise_level=0.0692)
historical_columns,19,72,598,-2.763596,-2.2388719138466655,0.599040018578569,1.5**2 * RBF(length_scale=3.91) + WhiteKernel(noise_level=0.0692)
historical_columns,19,72,1327,-2.490774,-1.6397244675268356,0.5215030398851539,1.5**2 * RBF(length_scale=3.91) + WhiteKernel(noise_level=0.0692)
historical_columns,20,76,421,-0.999222,-2.7399321428145376,0.7217750638934024,1.69**2 * RBF(length_scale=4.64) + WhiteKernel(noise_level=0.106)
historical_columns,20,76,632,-2.070122,-1.7223256310584567,0.6034791052211395,1.69**2 * RBF(length_scale=4.64) + WhiteKernel(noise_level=0.106)
historical_columns,20,76,631,-1.778295,-1.5416083775738207,0.6186762634657591,1.69**2 * RBF(length_scale=4.64) + WhiteKernel(noise_level=0.106)
historical_columns,20,76,633,-2.256232,-1.965676594802222,0.5917129624828839,1.69**2 * RBF(length_scale=4.64) + WhiteKernel(noise_level=0.106)
historical_columns,21,80,844,-5.437294,-4.615646805726807,1.0623631449315103,1.78**2 * RBF(length_scale=4.66) + WhiteKernel(noise_level=0.109)
historical_columns,21,80,256,-2.028049,-1.8197738380968353,0.49769412384809847,1.78**2 * RBF(length_scale=4.66) + WhiteKernel(noise_level=0.109)
historical_columns,21,80,691,-2.255538,-2.282317002399898,0.5660854196234384,1.78**2 * RBF(length_scale=4.66) + WhiteKernel(noise_level=0.109)
historical_columns,21,80,406,-0.817413,-1.4955451027760822,0.5214530015779066,1.78**2 * RBF(length_scale=4.66) + WhiteKernel(noise_level=0.109)
historical_columns,22,84,729,-3.854949,-2.691986302441065,0.6752997114319372,1.89**2 * RBF(length_scale=4.92) + WhiteKernel(noise_level=0.0978)
historical_columns,22,84,391,-1.514273,-1.2508582859600954,0.4581040790166214,1.89**2 * RBF(length_scale=4.92) + WhiteKernel(noise_level=0.0978)
historical_columns,22,84,189,-2.577209,-1.9240065217392806,0.46883530379132016,1.89**2 * RBF(length_scale=4.92) + WhiteKernel(noise_level=0.0978)
historical_columns,23,87,1499,-4.361752,-3.6952043701427097,1.1599806053729582,2.14**2 * RBF(length_scale=5.55) + WhiteKernel(noise_level=0.111)
historical_columns,23,87,376,-2.507106,-1.2513664745594961,0.4467958076106044,2.14**2 * RBF(length_scale=5.55) + WhiteKernel(noise_level=0.111)
historical_columns,23,87,496,-1.255674,-1.3339800672331013,0.49380419402819936,2.14**2 * RBF(length_scale=5.55) + WhiteKernel(noise_level=0.111)
historical_columns,23,87,407,-0.787408,-1.5402219620458482,0.4665895079030079,2.14**2 * RBF(length_scale=5.55) + WhiteKernel(noise_level=0.111)
historical_columns,24,91,422,-1.461252,-1.6941631565129796,0.5006664128022084,2.24**2 * RBF(length_scale=5.91) + WhiteKernel(noise_level=0.134)
historical_columns,24,91,302,-1.354622,-1.7832501741132454,0.5774608127758813,2.24**2 * RBF(length_scale=5.91) + WhiteKernel(noise_level=0.134)
historical_columns,24,91,438,-1.167526,-2.1244674319526116,0.6242121384881358,2.24**2 * RBF(length_scale=5.91) + WhiteKernel(noise_level=0.134)
historical_columns,25,94,1482,-4.663017,-5.836356711638588,1.1176997416613916,2.21**2 * RBF(length_scale=5.57) + WhiteKernel(noise_level=0.125)
historical_columns,25,94,451,-1.097475,-1.4227565269879723,0.553691966687125,2.21**2 * RBF(length_scale=5.57) + WhiteKernel(noise_level=0.125)
historical_columns,25,94,437,-2.180035,-1.30924601208992,0.5214551095064393,2.21**2 * RBF(length_scale=5.57) + WhiteKernel(noise_level=0.125)
historical_columns,25,94,466,-0.841742,-1.4990862173345056,0.5630542010225039,2.21**2 * RBF(length_scale=5.57) + WhiteKernel(noise_level=0.125)
historical_columns,26,98,147,-2.492791,-4.477765640814154,0.8750792490145254,2.08**2 * RBF(length_scale=5.61) + WhiteKernel(noise_level=0.134)
historical_columns,26,98,408,-0.714916,-1.814619059253956,0.46758698276567806,2.08**2 * RBF(length_scale=5.61) + WhiteKernel(noise_level=0.134)
historical_columns,26,98,467,-1.117005,-1.3562460091195443,0.5120007722579331,2.08**2 * RBF(length_scale=5.61) + WhiteKernel(noise_level=0.134)
historical_columns,26,98,452,-1.394845,-1.269896154202394,0.5108643521893074,2.08**2 * RBF(length_scale=5.61) + WhiteKernel(noise_level=0.134)
historical_columns,28,102,410,-0.809784,-1.9317647471051638,0.4756048733632596,1.75**2 * RBF(length_scale=4.64) + WhiteKernel(noise_level=0.135)
historical_columns,28,102,301,-1.120604,-1.3912249149247464,0.5198902235704711,1.75**2 * RBF(length_scale=4.64) + WhiteKernel(noise_level=0.135)
historical_columns,28,102,440,-1.181552,-1.9630682489062388,0.5138023460101876,1.75**2 * RBF(length_scale=4.64) + WhiteKernel(noise_level=0.135)
historical_columns,29,105,522,-5.559679,-3.1635463400589368,0.8216728649083948,1.69**2 * RBF(length_scale=4.28) + WhiteKernel(noise_level=0.129)
historical_columns,29,105,439,-4.944765,-2.6955308476092763,0.8448149842503753,1.69**2 * RBF(length_scale=4.28) + WhiteKernel(noise_level=0.129)
historical_columns,29,105,411,-1.05035,-1.4882936582612905,0.48977799641164027,1.69**2 * RBF(length_scale=4.28) + WhiteKernel(noise_level=0.129)
historical_columns,29,105,669,-3.972628,-2.6763874273146375,0.6238305120385803,1.69**2 * RBF(length_scale=4.28) + WhiteKernel(noise_level=0.129)
historical_columns,30,109,1426,-3.385649,-3.3548703520538226,0.7386377931374258,1.56**2 * RBF(length_scale=3.84) + WhiteKernel(noise_level=0.124)
historical_columns,30,109,441,-1.093984,-1.4118313510513611,0.558195602983073,1.56**2 * RBF(length_scale=3.84) + WhiteKernel(noise_level=0.124)
historical_columns,30,109,295,-2.596471,-2.064205550329481,0.6194800373343797,1.56**2 * RBF(length_scale=3.84) + WhiteKernel(noise_level=0.124)
historical_columns,31,112,541,-1.105919,-1.3825590381859276,0.5314270363122061,1.55**2 * RBF(length_scale=3.84) + WhiteKernel(noise_level=0.122)
historical_columns,31,112,445,-1.454853,-1.6815361272162281,0.5771660095503193,1.55**2 * RBF(length_scale=3.84) + WhiteKernel(noise_level=0.122)
historical_columns,31,112,306,-1.458285,-1.6600245029986007,0.5469316942244122,1.55**2 * RBF(length_scale=3.84) + WhiteKernel(noise_level=0.122)
historical_columns,32,115,434,-2.417517,-2.7280254508049113,1.1892398600364138,1.58**2 * RBF(length_scale=3.88) + WhiteKernel(noise_level=0.118)
historical_columns,32,115,443,-4.689505,-1.9098783669971855,0.7716653081699222,1.58**2 * RBF(length_scale=3.88) + WhiteKernel(noise_level=0.118)
historical_columns,32,115,151,-1.775535,-1.6223901233251135,0.5618091512399888,1.58**2 * RBF(length_scale=3.88) + WhiteKernel(noise_level=0.118)
historical_columns,32,115,442,-3.709517,-1.3177420211783233,0.509372162057241,1.58**2 * RBF(length_scale=3.88) + WhiteKernel(noise_level=0.118)
historical_columns,33,119,448,-2.063259,-2.7505131244103453,0.7265854967158805,1.61**2 * RBF(length_scale=3.97) + WhiteKernel(noise_level=0.162)
historical_columns,33,119,446,-3.850666,-2.555326454954142,0.687552807532534,1.61**2 * RBF(length_scale=3.97) + WhiteKernel(noise_level=0.162)
historical_columns,33,119,601,-1.761253,-1.8793409452153202,0.6126960007214167,1.61**2 * RBF(length_scale=3.97) + WhiteKernel(noise_level=0.162)
historical_columns,34,122,644,-4.869313,-3.3676916497164866,1.0969654921762606,1.6**2 * RBF(length_scale=4.12) + WhiteKernel(noise_level=0.184)
historical_columns,34,122,494,-3.500787,-2.2824356339603433,0.8772859572198627,1.6**2 * RBF(length_scale=4.12) + WhiteKernel(noise_level=0.184)
historical_columns,34,122,471,-0.746918,-1.4161301150515198,0.613199043672322,1.6**2 * RBF(length_scale=4.12) + WhiteKernel(noise_level=0.184)
historical_columns,34,122,16,-2.211832,-2.0507255275265135,0.7218632167161785,1.6**2 * RBF(length_scale=4.12) + WhiteKernel(noise_level=0.184)
historical_columns,35,126,472,-1.726567,-1.2317323259872301,0.6154397276387458,1.65**2 * RBF(length_scale=4.12) + WhiteKernel(noise_level=0.175)
historical_columns,35,126,1334,-2.474972,-3.5315524134649046,1.1942286653744012,1.65**2 * RBF(length_scale=4.12) + WhiteKernel(noise_level=0.175)
historical_columns,35,126,456,-1.294785,-1.3437209961055339,0.5900546723156551,1.65**2 * RBF(length_scale=4.12) + WhiteKernel(noise_level=0.175)
historical_columns,36,129,1414,-3.324821,-4.744281723619876,1.2056715114080854,1.62**2 * RBF(length_scale=4.03) + WhiteKernel(noise_level=0.175)
historical_columns,36,129,468,-1.189244,-1.5576763087428853,0.5861717332726487,1.62**2 * RBF(length_scale=4.03) + WhiteKernel(noise_level=0.175)
historical_columns,36,129,470,-1.137756,-1.7583748146635618,0.5953453608120799,1.62**2 * RBF(length_scale=4.03) + WhiteKernel(noise_level=0.175)
historical_columns,36,129,563,-3.303979,-2.129287745960539,0.7015793104980201,1.62**2 * RBF(length_scale=4.03) + WhiteKernel(noise_level=0.175)
historical_columns,37,133,1238,-2.933348,-2.3864627742525175,0.8070600310405592,1.51**2 * RBF(length_scale=3.63) + WhiteKernel(noise_level=0.165)
historical_columns,37,133,481,-1.226624,-1.5209209590103145,0.6103365507782447,1.51**2 * RBF(length_scale=3.63) + WhiteKernel(noise_level=0.165)
historical_columns,37,133,389,-2.121215,-2.3291591447193984,0.6679072463341614,1.51**2 * RBF(length_scale=3.63) + WhiteKernel(noise_level=0.165)
historical_columns,37,133,511,-0.855586,-1.5268339546902223,0.5947892084474348,1.51**2 * RBF(length_scale=3.63) + WhiteKernel(noise_level=0.165)
historical_columns,38,137,1234,-3.93488,-2.8010558388858744,0.9359368177525994,1.57**2 * RBF(length_scale=3.76) + WhiteKernel(noise_level=0.168)
historical_columns,38,137,426,-1.392533,-1.6817560902054463,0.604571078369503,1.57**2 * RBF(length_scale=3.76) + WhiteKernel(noise_level=0.168)
historical_columns,38,137,526,-1.046522,-1.1928034448094484,0.5366928375760899,1.57**2 * RBF(length_scale=3.76) + WhiteKernel(noise_level=0.168)
historical_columns,38,137,570,-1.446165,-2.7013667444537046,0.6569726464668979,1.57**2 * RBF(length_scale=3.76) + WhiteKernel(noise_level=0.168)
historical_columns,39,141,1020,-3.666706,-3.8035907930180026,0.7677291305247609,1.51**2 * RBF(length_scale=3.54) + WhiteKernel(noise_level=0.162)
historical_columns,39,141,463,-1.541177,-2.7572070174721697,0.7862272521632471,1.51**2 * RBF(length_scale=3.54) + WhiteKernel(noise_level=0.162)
historical_columns,39,141,512,-1.187246,-1.2886444353192759,0.5607934007865145,1.51**2 * RBF(length_scale=3.54) + WhiteKernel(noise_level=0.162)
historical_columns,40,144,854,-3.928848,-3.9222248183318027,0.887071217869502,1.47**2 * RBF(length_scale=3.48) + WhiteKernel(noise_level=0.162)
historical_columns,40,144,527,-1.57366,-1.146389672810277,0.5274997500497276,1.47**2 * RBF(length_scale=3.48) + WhiteKernel(noise_level=0.162)
historical_columns,40,144,480,-3.858234,-2.0318092653249478,0.7034417343538234,1.47**2 * RBF(length_scale=3.48) + WhiteKernel(noise_level=0.162)
historical_columns,40,144,478,-1.32054,-1.9056485114328234,0.6678618599314572,1.47**2 * RBF(length_scale=3.48) + WhiteKernel(noise_level=0.162)
historical_columns,41,148,931,-2.012576,-2.0512475933988914,0.6928426613928681,1.5**2 * RBF(length_scale=3.67) + WhiteKernel(noise_level=0.188)
historical_columns,41,148,508,-2.950303,-2.115501446787192,0.5992952261841411,1.5**2 * RBF(length_scale=3.67) + WhiteKernel(noise_level=0.188)
historical_columns,41,148,568,-2.217195,-1.931919866553411,0.6087909071960842,1.5**2 * RBF(length_scale=3.67) + WhiteKernel(noise_level=0.188)
historical_columns,41,148,538,-2.83435,-2.086913972993612,0.6236590423704788,1.5**2 * RBF(length_scale=3.67) + WhiteKernel(noise_level=0.188)
historical_columns,42,152,803,-2.50744,-4.390682978735654,0.8081639771104617,1.55**2 * RBF(length_scale=3.85) + WhiteKernel(noise_level=0.197)
historical_columns,42,152,415,-2.256579,-1.8998900127543263,0.6147351071269076,1.55**2 * RBF(length_scale=3.85) + WhiteKernel(noise_level=0.197)
historical_columns,42,152,758,-2.842459,-4.108778789667342,0.8469186969592986,1.55**2 * RBF(length_scale=3.85) + WhiteKernel(noise_level=0.197)
historical_columns,42,152,474,-1.523758,-1.3844516304683454,0.6824781251298785,1.55**2 * RBF(length_scale=3.85) + WhiteKernel(noise_level=0.197)
historical_columns,43,156,1027,-5.019939,-2.6405960434832934,0.7367178322205845,1.44**2 * RBF(length_scale=3.63) + WhiteKernel(noise_level=0.207)
historical_columns,43,156,571,-1.23174,-1.4161075181174703,0.6735210553764879,1.44**2 * RBF(length_scale=3.63) + WhiteKernel(noise_level=0.207)
historical_columns,43,156,576,-1.187107,-1.4602472331791416,0.6477753352037532,1.44**2 * RBF(length_scale=3.63) + WhiteKernel(noise_level=0.207)
historical_columns,43,156,116,-4.040121,-3.413927375371236,0.7885873821290148,1.44**2 * RBF(length_scale=3.63) + WhiteKernel(noise_level=0.207)
historical_columns,44,160,169,-4.028494,-3.5976624482766746,1.0713330908623768,1.39**2 * RBF(length_scale=3.52) + WhiteKernel(noise_level=0.209)
historical_columns,44,160,516,-0.880817,-1.4470954136259917,0.5950419123767554,1.39**2 * RBF(length_scale=3.52) + WhiteKernel(noise_level=0.209)
historical_columns,44,160,546,-1.741848,-1.3614940913710438,0.5894667793830366,1.39**2 * RBF(length_scale=3.52) + WhiteKernel(noise_level=0.209)
historical_columns,45,163,123,-2.032532,-2.7224348938445573,0.7716599725289702,1.4**2 * RBF(length_scale=3.57) + WhiteKernel(noise_level=0.207)
historical_columns,45,163,486,-2.045066,-1.402986575851933,0.6056349227441251,1.4**2 * RBF(length_scale=3.57) + WhiteKernel(noise_level=0.207)
historical_columns,45,163,1082,-5.352917,-2.154242581761944,0.6585815317396927,1.4**2 * RBF(length_scale=3.57) + WhiteKernel(noise_level=0.207)
historical_columns,45,163,1066,-4.309943,-2.4181839069138977,0.7252255863659894,1.4**2 * RBF(length_scale=3.57) + WhiteKernel(noise_level=0.207)
historical_columns,46,167,939,-2.886804,-2.7534425956323996,0.8443612293515604,1.44**2 * RBF(length_scale=3.76) + WhiteKernel(noise_level=0.252)
historical_columns,46,167,1007,-2.961094,-2.3741666354188706,0.7006894572642202,1.44**2 * RBF(length_scale=3.76) + WhiteKernel(noise_level=0.252)
historical_columns,46,167,1008,-4.091995,-2.6142791873895357,0.698949848463038,1.44**2 * RBF(length_scale=3.76) + WhiteKernel(noise_level=0.252)
historical_columns,47,170,1171,-3.657507,-3.456860663235856,0.7904820941428798,1.38**2 * RBF(length_scale=3.74) + WhiteKernel(noise_level=0.264)
historical_columns,47,170,1231,-0.977803,-1.4694900050676445,0.7025228804535038,1.38**2 * RBF(length_scale=3.74) + WhiteKernel(noise_level=0.264)
historical_columns,47,170,572,-1.289711,-1.3098182256469701,0.7170337359689891,1.38**2 * RBF(length_scale=3.74) + WhiteKernel(noise_level=0.264)
historical_columns,47,170,279,-2.853519,-2.4457705929830804,0.8243557697583598,1.38**2 * RBF(length_scale=3.74) + WhiteKernel(noise_level=0.264)
historical_columns,48,174,1242,-5.445098,-4.027668150759774,1.0821839295769025,1.4**2 * RBF(length_scale=3.75) + WhiteKernel(noise_level=0.255)
historical_columns,48,174,1344,-3.48169,-2.0548655359154187,0.9674304682716,1.4**2 * RBF(length_scale=3.75) + WhiteKernel(noise_level=0.255)
historical_columns,48,174,1336,-1.068086,-1.642551442204718,0.9616956585900694,1.4**2 * RBF(length_scale=3.75) + WhiteKernel(noise_level=0.255)
historical_columns,48,174,584,-4.137481,-2.189977016904003,0.9004561414639597,1.4**2 * RBF(length_scale=3.75) + WhiteKernel(noise_level=0.255)
