expID,ligand,base,solvent,pre_yield,main_yield,difference_pp
375,15,5,3,0.02834499999999999,0.01632277310376873,-1.2022226896231263
438,3,10,3,0.361819,0.3111357688853161,-5.068323111468392
440,5,10,3,0.281974,0.30680227792947967,2.482827792947967
441,6,10,3,0.33388799999999996,0.334879505857238,0.0991505857238062
442,7,10,3,0.199464,0.02448934197004334,-17.497465802995666
443,8,10,3,0.065788,0.00919123600364397,-5.659676399635603
445,10,10,3,0.31876400000000005,0.23343474710509515,-8.532925289490489
595,10,10,4,0.402434,0.2573069657258088,-14.51270342741912
631,1,3,5,0.022160000000000003,0.16892594402066802,14.6765944020668
897,12,10,6,0.004441999999999999,0.0043625979347840455,-0.007940206521595342
920,5,2,7,0.184141,0.05347389207313439,-13.066710792686562
1036,1,10,7,0.21129399999999998,0.06216359072999859,-14.91304092700014
1082,2,3,8,0.005806,0.0047343206975766485,-0.10716793024233519
