fold,feature,sensitivity
1,cone angle,0.18385692096719017
1,TEP,0.6064921287587928
1,calc P shift,0.25363577193999876
1,pKa,0.14676131386173086
1,Pauling ionic radii,0.09345007312479468
1,Hansen-dD,0.21917122497361155
1,Hansen-dP,0.3643626321864791
1,Hansen-dH,1.093085163753831
2,cone angle,0.22613980149037866
2,TEP,0.8100242717163211
2,calc P shift,0.17207595862213854
2,pKa,0.1342401571766526
2,Pauling ionic radii,0.038743888637957975
2,Hansen-dD,0.2482456035500316
2,Hansen-dP,0.22418934795287312
2,Hansen-dH,0.7632741049737121
3,cone angle,0.17107246391126085
3,TEP,0.36910272446760795
3,calc P shift,0.1266880065919384
3,pKa,0.061880667020384965
3,Pauling ionic radii,0.24334591974646658
3,Hansen-dD,0.2368211765490912
3,Hansen-dP,0.1668839482142311
3,Hansen-dH,0.7052297417239185
4,cone angle,0.03938717338482576
4,TEP,0.5021220083885848
4,calc P shift,0.1274134277290986
4,pKa,0.24225554790603482
4,Pauling ionic radii,0.07455942529909085
4,Hansen-dD,0.18221773034744387
4,Hansen-dP,0.4193138335359975
4,Hansen-dH,0.5347015395285117
5,cone angle,0.16108024385861838
5,TEP,0.20392354955506434
5,calc P shift,0.02522268706861965
5,pKa,0.05286235742538352
5,Pauling ionic radii,0.029234586527563534
5,Hansen-dD,0.23863938108708996
5,Hansen-dP,0.39978574013202217
5,Hansen-dH,0.8919463834484569
