landscape,initial_n,seed,method,best192_pct,mean_best_curve_pct,hit95,n_to95,hit40,n_to40,virtual_best_pct
descriptor_GP,4,0,descriptors,35.29444108629535,32.15787748155224,True,26,False,193,35.29444108629535
descriptor_GP,4,0,onehot,35.29444108629535,32.94740471557503,True,34,False,193,35.29444108629535
descriptor_GP,4,0,historical_columns,35.29444108629535,33.43779395968907,True,24,False,193,35.29444108629535
descriptor_GP,4,0,random,30.99362951930948,30.224757192499712,False,193,False,193,35.29444108629535
descriptor_GP,4,1,descriptors,35.29444108629535,31.82815904136817,True,42,False,193,35.29444108629535
descriptor_GP,4,1,onehot,35.29444108629535,32.294130938235185,True,43,False,193,35.29444108629535
descriptor_GP,4,1,historical_columns,35.29444108629535,31.94229166076447,True,73,False,193,35.29444108629535
descriptor_GP,4,1,random,28.637137995683236,27.09090005011468,False,193,False,193,35.29444108629535
descriptor_GP,4,2,descriptors,35.29444108629535,33.400373086636,True,18,False,193,35.29444108629535
descriptor_GP,4,2,onehot,35.29444108629535,32.212352586759636,True,35,False,193,35.29444108629535
descriptor_GP,4,2,historical_columns,35.29444108629535,33.60040605196781,True,19,False,193,35.29444108629535
descriptor_GP,4,2,random,30.140186137204918,27.786776823567337,False,193,False,193,35.29444108629535
descriptor_GP,4,3,descriptors,35.29444108629535,32.17675369654047,True,50,False,193,35.29444108629535
descriptor_GP,4,3,onehot,35.29444108629535,30.427571793517355,True,85,False,193,35.29444108629535
descriptor_GP,4,3,historical_columns,35.29444108629535,32.2375238118903,True,43,False,193,35.29444108629535
descriptor_GP,4,3,random,29.888138280855276,27.282827054269315,False,193,False,193,35.29444108629535
descriptor_GP,4,4,descriptors,35.29444108629535,33.13478396458927,True,62,False,193,35.29444108629535
descriptor_GP,4,4,onehot,35.29444108629535,33.15174108761158,True,24,False,193,35.29444108629535
descriptor_GP,4,4,historical_columns,35.29444108629535,33.30665499775021,True,39,False,193,35.29444108629535
descriptor_GP,4,4,random,30.140186137204918,27.26662164282268,False,193,False,193,35.29444108629535
descriptor_GP,4,5,descriptors,35.29444108629535,32.99032359855234,True,35,False,193,35.29444108629535
descriptor_GP,4,5,onehot,35.29444108629535,34.12561021501301,True,24,False,193,35.29444108629535
descriptor_GP,4,5,historical_columns,35.29444108629535,33.58843218004126,True,25,False,193,35.29444108629535
descriptor_GP,4,5,random,30.99362951930948,28.711223215434,False,193,False,193,35.29444108629535
descriptor_GP,4,6,descriptors,35.29444108629535,32.96805404263052,True,49,False,193,35.29444108629535
descriptor_GP,4,6,onehot,35.29444108629535,34.571941902421784,True,20,False,193,35.29444108629535
descriptor_GP,4,6,historical_columns,35.29444108629535,33.78527995840855,True,25,False,193,35.29444108629535
descriptor_GP,4,6,random,32.967603590478994,29.631237762101435,False,193,False,193,35.29444108629535
descriptor_GP,4,7,descriptors,35.29444108629535,33.252113612014746,True,26,False,193,35.29444108629535
descriptor_GP,4,7,onehot,35.29444108629535,32.84378936825593,True,41,False,193,35.29444108629535
descriptor_GP,4,7,historical_columns,35.29444108629535,33.046927615049775,True,18,False,193,35.29444108629535
descriptor_GP,4,7,random,30.1591617416559,27.856685541231457,False,193,False,193,35.29444108629535
descriptor_GP,4,8,descriptors,35.29444108629535,31.732864185457576,True,72,False,193,35.29444108629535
descriptor_GP,4,8,onehot,35.29444108629535,33.46893849805792,True,53,False,193,35.29444108629535
descriptor_GP,4,8,historical_columns,35.29444108629535,32.90746494155661,True,41,False,193,35.29444108629535
descriptor_GP,4,8,random,31.84044361663197,27.78304534754107,False,193,False,193,35.29444108629535
descriptor_GP,4,9,descriptors,35.29444108629535,31.83679397067374,True,30,False,193,35.29444108629535
descriptor_GP,4,9,onehot,35.29444108629535,32.17665795745058,True,39,False,193,35.29444108629535
descriptor_GP,4,9,historical_columns,35.29444108629535,31.037921158548993,True,81,False,193,35.29444108629535
descriptor_GP,4,9,random,31.84044361663197,28.8748760571293,False,193,False,193,35.29444108629535
onehot_GP,4,0,descriptors,46.60109325444936,41.197711263473465,True,91,True,91,46.60109325444936
onehot_GP,4,0,onehot,46.60109325444936,42.48318555405657,True,39,True,39,46.60109325444936
onehot_GP,4,0,historical_columns,46.60109325444936,41.60402216794418,True,43,True,41,46.60109325444936
onehot_GP,4,0,random,38.707098174161786,37.70928364868579,False,193,False,193,46.60109325444936
onehot_GP,4,1,descriptors,46.60109325444936,41.55772919779624,True,45,True,45,46.60109325444936
onehot_GP,4,1,onehot,46.60109325444936,43.02400009018578,True,29,True,29,46.60109325444936
onehot_GP,4,1,historical_columns,46.60109325444936,43.204561549764804,True,44,True,44,46.60109325444936
onehot_GP,4,1,random,30.661551420801107,29.991659450032287,False,193,False,193,46.60109325444936
onehot_GP,4,2,descriptors,46.60109325444936,39.049038116540906,True,109,True,90,46.60109325444936
onehot_GP,4,2,onehot,46.60109325444936,44.73280701880548,True,20,True,20,46.60109325444936
onehot_GP,4,2,historical_columns,46.60109325444936,43.00204740855609,True,38,True,38,46.60109325444936
onehot_GP,4,2,random,36.52167164756953,35.247143679328666,False,193,False,193,46.60109325444936
onehot_GP,4,3,descriptors,46.60109325444936,38.04607297983256,True,117,True,96,46.60109325444936
onehot_GP,4,3,onehot,46.60109325444936,44.547288161128165,True,22,True,22,46.60109325444936
onehot_GP,4,3,historical_columns,46.60109325444936,40.76022480393307,True,57,True,57,46.60109325444936
onehot_GP,4,3,random,38.449341913043206,36.73396215908119,False,193,False,193,46.60109325444936
onehot_GP,4,4,descriptors,46.60109325444936,36.25427116985214,True,124,True,98,46.60109325444936
onehot_GP,4,4,onehot,46.60109325444936,38.68380318520163,True,69,True,69,46.60109325444936
onehot_GP,4,4,historical_columns,46.60109325444936,44.3215285568467,True,13,True,13,46.60109325444936
onehot_GP,4,4,random,35.27409115119786,33.02853122892767,False,193,False,193,46.60109325444936
onehot_GP,4,5,descriptors,46.60109325444936,40.03556311304138,True,97,True,97,46.60109325444936
onehot_GP,4,5,onehot,46.60109325444936,42.18930078011603,True,42,True,42,46.60109325444936
onehot_GP,4,5,historical_columns,46.60109325444936,41.54734007596335,True,81,True,21,46.60109325444936
onehot_GP,4,5,random,38.707098174161786,36.039183726092425,False,193,False,193,46.60109325444936
onehot_GP,4,6,descriptors,46.60109325444936,39.38007758775683,True,95,True,66,46.60109325444936
onehot_GP,4,6,onehot,46.60109325444936,43.826849607879964,True,32,True,32,46.60109325444936
onehot_GP,4,6,historical_columns,46.60109325444936,44.653832851567614,True,28,True,28,46.60109325444936
onehot_GP,4,6,random,39.70931389888705,35.46617182265071,False,193,False,193,46.60109325444936
onehot_GP,4,7,descriptors,46.60109325444936,38.6140747109349,True,93,True,93,46.60109325444936
onehot_GP,4,7,onehot,46.60109325444936,41.374489985009895,True,51,True,51,46.60109325444936
onehot_GP,4,7,historical_columns,46.60109325444936,42.716434785224216,True,30,True,30,46.60109325444936
onehot_GP,4,7,random,32.422017507588805,29.16463365244762,False,193,False,193,46.60109325444936
onehot_GP,4,8,descriptors,46.60109325444936,37.30562353454494,True,122,True,84,46.60109325444936
onehot_GP,4,8,onehot,46.60109325444936,41.61114006469158,True,53,True,53,46.60109325444936
onehot_GP,4,8,historical_columns,46.60109325444936,41.3969250311853,True,70,True,56,46.60109325444936
onehot_GP,4,8,random,32.422017507588805,28.42888475376916,False,193,False,193,46.60109325444936
onehot_GP,4,9,descriptors,46.60109325444936,37.64073008842894,True,107,True,107,46.60109325444936
onehot_GP,4,9,onehot,46.60109325444936,42.882200115284675,True,43,True,43,46.60109325444936
onehot_GP,4,9,historical_columns,46.60109325444936,40.43617170634846,True,65,True,53,46.60109325444936
onehot_GP,4,9,random,36.57457229780805,30.98731881699777,False,193,False,193,46.60109325444936
onehot_RF,2,0,descriptors,33.13493632990198,31.886200879494613,True,12,False,193,33.13493632990198
onehot_RF,2,0,onehot,33.13493632990198,29.520279203001014,True,51,False,193,33.13493632990198
onehot_RF,2,0,random,32.30877392454884,31.330430246457475,True,7,False,193,33.13493632990198
onehot_RF,2,1,descriptors,33.13493632990198,30.41299813901882,True,34,False,193,33.13493632990198
onehot_RF,2,1,onehot,33.13493632990198,31.20365240275149,True,31,False,193,33.13493632990198
onehot_RF,2,1,random,31.05370905783728,30.346500732784886,False,193,False,193,33.13493632990198
onehot_RF,2,2,descriptors,33.13493632990198,31.61760717920284,True,27,False,193,33.13493632990198
onehot_RF,2,2,onehot,33.13493632990198,30.516881479600205,True,27,False,193,33.13493632990198
onehot_RF,2,2,random,29.689553127766693,27.5258085602537,False,193,False,193,33.13493632990198
onehot_RF,2,3,descriptors,33.13493632990198,30.562835609692073,True,57,False,193,33.13493632990198
onehot_RF,2,3,onehot,33.13493632990198,29.701163345442172,True,54,False,193,33.13493632990198
onehot_RF,2,3,random,29.2120878844292,28.051207607247775,False,193,False,193,33.13493632990198
onehot_RF,2,4,descriptors,33.13493632990198,30.72447189537715,True,48,False,193,33.13493632990198
onehot_RF,2,4,onehot,33.13493632990198,30.257877408107458,True,49,False,193,33.13493632990198
onehot_RF,2,4,random,30.80347735086409,27.218084265570724,False,193,False,193,33.13493632990198
onehot_RF,2,5,descriptors,33.13493632990198,31.557778878448723,True,29,False,193,33.13493632990198
onehot_RF,2,5,onehot,33.13493632990198,31.529685009476488,True,27,False,193,33.13493632990198
onehot_RF,2,5,random,32.056509715530524,30.63554691539556,True,53,False,193,33.13493632990198
onehot_RF,2,6,descriptors,33.13493632990198,29.061745964665647,True,75,False,193,33.13493632990198
onehot_RF,2,6,onehot,33.13493632990198,29.910466129449127,True,36,False,193,33.13493632990198
onehot_RF,2,6,random,32.081420027465036,28.124273568357033,True,120,False,193,33.13493632990198
onehot_RF,2,7,descriptors,33.13493632990198,27.06361372660569,True,93,False,193,33.13493632990198
onehot_RF,2,7,onehot,33.13493632990198,29.79741703018155,True,35,False,193,33.13493632990198
onehot_RF,2,7,random,32.754146560984395,29.51517727325382,True,43,False,193,33.13493632990198
onehot_RF,2,8,descriptors,33.13493632990198,30.765775391173307,True,23,False,193,33.13493632990198
onehot_RF,2,8,onehot,33.13493632990198,30.769636187319232,True,30,False,193,33.13493632990198
onehot_RF,2,8,random,30.80347735086409,25.072997457141355,False,193,False,193,33.13493632990198
onehot_RF,2,9,descriptors,33.13493632990198,29.740654024858948,True,54,False,193,33.13493632990198
onehot_RF,2,9,onehot,33.13493632990198,30.755016268758865,True,35,False,193,33.13493632990198
onehot_RF,2,9,random,30.875623934226965,27.250705226874206,False,193,False,193,33.13493632990198
onehot_RF,4,0,descriptors,33.13493632990198,31.034539455009963,True,31,False,193,33.13493632990198
onehot_RF,4,0,onehot,33.13493632990198,31.85952016180374,True,11,False,193,33.13493632990198
onehot_RF,4,0,historical_columns,33.13493632990198,30.57026791952427,True,34,False,193,33.13493632990198
onehot_RF,4,0,random,32.30877392454884,31.330430246457475,True,7,False,193,33.13493632990198
onehot_RF,4,1,descriptors,33.13493632990198,29.36631663042736,True,79,False,193,33.13493632990198
onehot_RF,4,1,onehot,33.13493632990198,30.33751605490463,True,52,False,193,33.13493632990198
onehot_RF,4,1,historical_columns,33.13493632990198,31.10176507839382,True,36,False,193,33.13493632990198
onehot_RF,4,1,random,31.05370905783728,30.346500732784886,False,193,False,193,33.13493632990198
onehot_RF,4,2,descriptors,33.13493632990198,30.49175234955112,True,52,False,193,33.13493632990198
onehot_RF,4,2,onehot,33.13493632990198,30.170905592409543,True,42,False,193,33.13493632990198
onehot_RF,4,2,historical_columns,33.13493632990198,31.22187844082583,True,15,False,193,33.13493632990198
onehot_RF,4,2,random,29.689553127766693,27.5258085602537,False,193,False,193,33.13493632990198
onehot_RF,4,3,descriptors,33.13493632990198,30.28991206113946,True,21,False,193,33.13493632990198
onehot_RF,4,3,onehot,33.13493632990198,31.66846525904372,True,25,False,193,33.13493632990198
onehot_RF,4,3,historical_columns,33.13493632990198,30.632197876198436,True,25,False,193,33.13493632990198
onehot_RF,4,3,random,29.2120878844292,28.051207607247775,False,193,False,193,33.13493632990198
onehot_RF,4,4,descriptors,33.13493632990198,29.034758178165237,True,82,False,193,33.13493632990198
onehot_RF,4,4,onehot,33.13493632990198,31.123925280392186,True,26,False,193,33.13493632990198
onehot_RF,4,4,historical_columns,33.13493632990198,30.7475526202057,True,25,False,193,33.13493632990198
onehot_RF,4,4,random,30.80347735086409,27.218084265570724,False,193,False,193,33.13493632990198
onehot_RF,4,5,descriptors,33.13493632990198,29.616008840237896,True,100,False,193,33.13493632990198
onehot_RF,4,5,onehot,33.13493632990198,30.93860134166721,True,31,False,193,33.13493632990198
onehot_RF,4,5,historical_columns,33.13493632990198,31.4989702817272,True,18,False,193,33.13493632990198
onehot_RF,4,5,random,32.056509715530524,30.63554691539556,True,53,False,193,33.13493632990198
onehot_RF,4,6,descriptors,33.13493632990198,30.936646277353237,True,49,False,193,33.13493632990198
onehot_RF,4,6,onehot,33.13493632990198,30.457010302570502,True,41,False,193,33.13493632990198
onehot_RF,4,6,historical_columns,33.13493632990198,30.466365820478636,True,34,False,193,33.13493632990198
onehot_RF,4,6,random,32.081420027465036,28.124273568357033,True,120,False,193,33.13493632990198
onehot_RF,4,7,descriptors,33.13493632990198,31.30924665569765,True,17,False,193,33.13493632990198
onehot_RF,4,7,onehot,33.13493632990198,30.00486821661883,True,31,False,193,33.13493632990198
onehot_RF,4,7,historical_columns,33.13493632990198,31.524095306057774,True,18,False,193,33.13493632990198
onehot_RF,4,7,random,32.754146560984395,29.51517727325382,True,43,False,193,33.13493632990198
onehot_RF,4,8,descriptors,33.13493632990198,28.320923670949593,True,92,False,193,33.13493632990198
onehot_RF,4,8,onehot,33.13493632990198,32.384426678743196,True,18,False,193,33.13493632990198
onehot_RF,4,8,historical_columns,33.13493632990198,30.01314320490543,True,38,False,193,33.13493632990198
onehot_RF,4,8,random,30.80347735086409,25.072997457141355,False,193,False,193,33.13493632990198
onehot_RF,4,9,descriptors,33.13493632990198,30.85378095704393,True,39,False,193,33.13493632990198
onehot_RF,4,9,onehot,33.13493632990198,30.752254947429208,True,41,False,193,33.13493632990198
onehot_RF,4,9,historical_columns,33.13493632990198,31.37426481043924,True,35,False,193,33.13493632990198
onehot_RF,4,9,random,30.875623934226965,27.250705226874206,False,193,False,193,33.13493632990198
onehot_RF,8,0,descriptors,33.13493632990198,31.79935682274469,True,7,False,193,33.13493632990198
onehot_RF,8,0,onehot,33.13493632990198,32.17665661760875,True,7,False,193,33.13493632990198
onehot_RF,8,0,random,32.30877392454884,31.330430246457475,True,7,False,193,33.13493632990198
onehot_RF,8,1,descriptors,33.13493632990198,32.033634877826294,True,24,False,193,33.13493632990198
onehot_RF,8,1,onehot,33.13493632990198,32.20838648616417,True,21,False,193,33.13493632990198
onehot_RF,8,1,random,31.05370905783728,30.346500732784886,False,193,False,193,33.13493632990198
onehot_RF,8,2,descriptors,33.13493632990198,30.589647865985235,True,50,False,193,33.13493632990198
onehot_RF,8,2,onehot,33.13493632990198,30.743433777644118,True,34,False,193,33.13493632990198
onehot_RF,8,2,random,29.689553127766693,27.5258085602537,False,193,False,193,33.13493632990198
onehot_RF,8,3,descriptors,33.13493632990198,28.959656935925388,True,54,False,193,33.13493632990198
onehot_RF,8,3,onehot,33.13493632990198,30.95317638244694,True,31,False,193,33.13493632990198
onehot_RF,8,3,random,29.2120878844292,28.051207607247775,False,193,False,193,33.13493632990198
onehot_RF,8,4,descriptors,33.13493632990198,28.366072033607264,True,74,False,193,33.13493632990198
onehot_RF,8,4,onehot,33.13493632990198,30.962802456606003,True,23,False,193,33.13493632990198
onehot_RF,8,4,random,30.80347735086409,27.218084265570724,False,193,False,193,33.13493632990198
onehot_RF,8,5,descriptors,33.13493632990198,30.720144782985574,True,28,False,193,33.13493632990198
onehot_RF,8,5,onehot,33.13493632990198,30.497151898587443,True,31,False,193,33.13493632990198
onehot_RF,8,5,random,32.056509715530524,30.63554691539556,True,53,False,193,33.13493632990198
onehot_RF,8,6,descriptors,33.13493632990198,30.71350919122641,True,40,False,193,33.13493632990198
onehot_RF,8,6,onehot,33.13493632990198,30.343348040725086,True,39,False,193,33.13493632990198
onehot_RF,8,6,random,32.081420027465036,28.124273568357033,True,120,False,193,33.13493632990198
onehot_RF,8,7,descriptors,33.13493632990198,31.606065726616926,True,12,False,193,33.13493632990198
onehot_RF,8,7,onehot,33.13493632990198,27.927717000555635,True,47,False,193,33.13493632990198
onehot_RF,8,7,random,32.754146560984395,29.51517727325382,True,43,False,193,33.13493632990198
onehot_RF,8,8,descriptors,33.13493632990198,30.84407768271949,True,75,False,193,33.13493632990198
onehot_RF,8,8,onehot,33.13493632990198,30.659033359182082,True,37,False,193,33.13493632990198
onehot_RF,8,8,random,30.80347735086409,25.072997457141355,False,193,False,193,33.13493632990198
onehot_RF,8,9,descriptors,33.13493632990198,28.783197966582737,True,51,False,193,33.13493632990198
onehot_RF,8,9,onehot,33.13493632990198,30.197358251433926,True,39,False,193,33.13493632990198
onehot_RF,8,9,random,30.875623934226965,27.250705226874206,False,193,False,193,33.13493632990198
onehot_RF,16,0,descriptors,33.13493632990198,32.00859311551971,True,7,False,193,33.13493632990198
onehot_RF,16,0,onehot,33.13493632990198,32.06060198547573,True,7,False,193,33.13493632990198
onehot_RF,16,0,random,32.30877392454884,31.330430246457475,True,7,False,193,33.13493632990198
onehot_RF,16,1,descriptors,33.13493632990198,32.10840136953568,True,22,False,193,33.13493632990198
onehot_RF,16,1,onehot,33.13493632990198,32.22114693433333,True,18,False,193,33.13493632990198
onehot_RF,16,1,random,31.05370905783728,30.346500732784886,False,193,False,193,33.13493632990198
onehot_RF,16,2,descriptors,33.13493632990198,29.218026855681288,True,75,False,193,33.13493632990198
onehot_RF,16,2,onehot,33.13493632990198,30.625900713516195,True,33,False,193,33.13493632990198
onehot_RF,16,2,random,29.689553127766693,27.5258085602537,False,193,False,193,33.13493632990198
onehot_RF,16,3,descriptors,33.13493632990198,31.191575797235682,True,30,False,193,33.13493632990198
onehot_RF,16,3,onehot,33.13493632990198,31.27028155857154,True,35,False,193,33.13493632990198
onehot_RF,16,3,random,29.2120878844292,28.051207607247775,False,193,False,193,33.13493632990198
onehot_RF,16,4,descriptors,33.13493632990198,28.88471678322145,True,84,False,193,33.13493632990198
onehot_RF,16,4,onehot,33.13493632990198,30.742014894929444,True,26,False,193,33.13493632990198
onehot_RF,16,4,random,30.80347735086409,27.218084265570724,False,193,False,193,33.13493632990198
onehot_RF,16,5,descriptors,33.13493632990198,31.362182411244806,True,48,False,193,33.13493632990198
onehot_RF,16,5,onehot,33.13493632990198,31.572389281029032,True,32,False,193,33.13493632990198
onehot_RF,16,5,random,32.056509715530524,30.63554691539556,True,53,False,193,33.13493632990198
onehot_RF,16,6,descriptors,33.13493632990198,29.205813920319883,True,72,False,193,33.13493632990198
onehot_RF,16,6,onehot,33.13493632990198,30.425674157036003,True,31,False,193,33.13493632990198
onehot_RF,16,6,random,32.081420027465036,28.124273568357033,True,120,False,193,33.13493632990198
onehot_RF,16,7,descriptors,33.13493632990198,29.861124012146977,True,50,False,193,33.13493632990198
onehot_RF,16,7,onehot,33.13493632990198,30.37078545283795,True,30,False,193,33.13493632990198
onehot_RF,16,7,random,32.754146560984395,29.51517727325382,True,43,False,193,33.13493632990198
onehot_RF,16,8,descriptors,33.13493632990198,28.452742337150532,True,93,False,193,33.13493632990198
onehot_RF,16,8,onehot,33.13493632990198,30.20185395881574,True,43,False,193,33.13493632990198
onehot_RF,16,8,random,30.80347735086409,25.072997457141355,False,193,False,193,33.13493632990198
onehot_RF,16,9,descriptors,33.13493632990198,29.87151226719292,True,33,False,193,33.13493632990198
onehot_RF,16,9,onehot,33.13493632990198,30.099450350730166,True,34,False,193,33.13493632990198
onehot_RF,16,9,random,30.875623934226965,27.250705226874206,False,193,False,193,33.13493632990198
